video_name,frame_number,label,palm_tilt_degrees,reach_z,temporal_stability
handshake_clip_10,0,1,61.218195873017294,-0.03739269613714666,0.0
handshake_clip_10,1,1,61.218195873017294,-0.03739269613714666,0.0
handshake_clip_10,2,1,174.70325062969084,-0.040100355584996784,0.10279937205281281
handshake_clip_10,3,1,150.49123522682692,-0.045204968667690026,0.10279937205281281
handshake_clip_10,4,1,12.812483975296605,-0.033438859331226846,0.11973014387245302
handshake_clip_10,5,1,-154.4425544376509,-0.029306563264626065,0.11973014387245302
handshake_clip_10,6,1,-158.56939050669257,-0.02517426719802528,0.11973014387245302
handshake_clip_10,7,1,-168.00169985035316,-0.03277207685637977,0.11973014387245302
handshake_clip_10,8,1,-177.53095798613418,-0.04036988651473426,0.11973014387245302
handshake_clip_10,9,1,173.34866201170908,-0.04796769617308875,0.05845231365278742
handshake_clip_10,10,1,-129.24162236073317,-0.016025420462213443,0.05845231365278742
handshake_clip_10,11,1,173.26584231186945,-0.028809770164094993,0.06366495602077837
handshake_clip_10,12,1,87.09547908916474,-0.041594119865976546,0.06366495602077837
handshake_clip_10,13,1,81.76715180572414,-0.03849810946928753,0.1113215790496517
handshake_clip_10,14,1,64.8510021845967,-0.033375367786653926,0.1113215790496517
handshake_clip_10,15,1,29.39230173246388,-0.02825262610402032,0.1113215790496517
handshake_clip_10,16,1,-9.970290093519138,-0.011928559964488192,0.1113215790496517
handshake_clip_10,17,1,-176.0403655702635,-0.023918291645479373,0.1113215790496517
handshake_clip_10,18,1,-179.24779430196438,-0.035908023326470556,0.10505456689117385
handshake_clip_10,19,1,-151.58119172285205,-0.025924143865211066,0.10505456689117385
handshake_clip_10,20,1,99.62102683068635,-0.13763622042660018,0.19501672816494314
handshake_clip_10,21,1,98.2879463073875,-0.14371628782087947,0.19501672816494314
handshake_clip_10,22,1,103.80538002428668,-0.08675236419810517,0.19501672816494314
handshake_clip_10,23,1,108.87867384556367,-0.08564811888518872,0.19501672816494314
handshake_clip_10,24,1,105.52794855038952,-0.11548963151200546,0.19501672816494314
handshake_clip_10,25,1,105.27408084608452,-0.12230077410738711,0.04258475493584946
handshake_clip_10,26,1,168.6528161373751,-0.01500195104351928,0.2570052998241025
handshake_clip_10,27,1,107.9376064927498,-0.08329615390781689,0.2570052998241025
handshake_clip_10,28,1,108.64092016423537,-0.09779669586470156,0.2570052998241025
handshake_clip_10,29,1,104.14347187582574,-0.10546677924852327,0.2570052998241025
handshake_clip_10,30,1,105.12442518760487,-0.1105629285204941,0.2570052998241025
handshake_clip_10,31,1,169.46491158460708,-0.019434424816395696,0.2583550658917234
handshake_clip_10,32,1,104.82720683172462,-0.11139052017914243,0.3112042479086808
handshake_clip_10,33,1,105.05371974579744,-0.1186927536486592,0.3112042479086808
handshake_clip_10,34,1,111.77869270298362,-0.08010101520526539,0.3112042479086808
handshake_clip_10,35,1,114.38508346542596,-0.07018283591717986,0.3112042479086808
handshake_clip_10,36,1,101.64369077717026,-0.10680492217384334,0.3112042479086808
handshake_clip_10,37,1,104.01325700375138,-0.09740142104048738,0.1688167660797595
handshake_clip_10,38,1,106.1609703218926,-0.11135926474126015,0.1688167660797595
handshake_clip_10,39,1,99.55145388188014,-0.11028365193762105,0.1688167660797595
handshake_clip_10,40,1,103.36369469037986,-0.13979040927119965,0.1688167660797595
handshake_clip_10,41,1,104.93277544805662,-0.10093366031872356,0.017013006729950278
handshake_clip_10,42,1,102.78551341614416,-0.11077239924719606,0.03765787146856353
handshake_clip_10,43,1,153.02399319854118,-0.04511944826842294,0.1596994057752306
handshake_clip_10,44,1,171.75184982962372,-0.007411743306361595,0.1596994057752306
handshake_clip_10,45,1,176.57155253590008,-0.012607882599961083,0.1596994057752306
handshake_clip_10,46,1,128.88609928270338,-0.08158028907601525,0.17202374299443746
handshake_clip_10,47,1,98.60016494590485,-0.13346624256162437,0.17202374299443746
handshake_clip_10,48,1,106.15681255777834,-0.09506854821877646,0.17202374299443746
handshake_clip_10,49,1,102.95846549141447,-0.1063723184494733,0.17202374299443746
handshake_clip_10,50,1,-167.89593392772787,0.016403527568435463,0.32037052595301607
handshake_clip_10,51,1,177.4168857093216,-0.037062950921864485,0.32037052595301607
handshake_clip_10,52,1,155.0160634609799,-0.034495138137258796,0.32037052595301607
handshake_clip_10,53,1,30.96907264901339,-0.01702417566659161,0.32037052595301607
handshake_clip_10,54,1,98.31578376698164,-0.1056058553494452,0.32037052595301607
handshake_clip_10,55,1,105.93102625143152,-0.1390374767071875,0.3045807947273607
handshake_clip_10,56,1,97.00853017116313,-0.15496891760969328,0.3045807947273607
handshake_clip_10,57,1,164.13747501887715,-0.015516766085943903,0.3045807947273607
handshake_clip_10,58,1,171.87603136689683,-0.0187858758062446,0.3045807947273607
handshake_clip_10,59,1,101.32675638378686,-0.10745988829755498,0.2827283503570209
handshake_clip_10,60,1,100.77864736719717,-0.11299640482587131,0.2827283503570209
handshake_clip_10,61,1,171.06182116509095,-0.011396084474574833,0.2827283503570209
handshake_clip_10,62,1,162.05347101258164,-0.022271907162469507,0.2827283503570209
handshake_clip_10,63,1,95.73049613117408,-0.15614532302495826,0.2827283503570209
handshake_clip_10,64,1,95.90637508353052,-0.1550024434459658,0.26378639465942205
handshake_clip_10,65,1,161.03593451374306,-0.035848343365250494,0.26378639465942205
handshake_clip_10,66,1,164.49589304870096,-0.009778621515529471,0.23846109584182304
handshake_clip_10,67,1,169.74082712553727,-0.013792689052914737,0.23846109584182304
handshake_clip_10,68,1,164.70612586911778,-0.027030984661902072,0.2176981737642121
handshake_clip_10,69,1,99.25528724225477,-0.14533531395326799,0.2282859696741213
handshake_clip_10,70,1,85.72810849413695,-0.04034624136437511,0.2282859696741213
handshake_clip_10,71,1,70.65681318177566,-0.024849977807562568,0.2282859696741213
handshake_clip_10,72,1,-7.486857171607193,-0.009353714250750022,0.2282859696741213
handshake_clip_10,73,1,27.568262417103075,-0.018716981692297904,0.2282859696741213
handshake_clip_10,74,1,106.60986531182843,-0.02808024913384578,0.20180860421684121
handshake_clip_10,75,1,129.48766803413068,-0.03744351657539366,0.0407819357089528
handshake_clip_10,76,1,84.68942422268789,-0.026459298351646482,0.0407819357089528
handshake_clip_10,77,1,-0.8448781222138448,-0.015475080127899301,0.032802906895365504
handshake_clip_10,78,1,93.84910278887857,-0.015128486318072702,0.053504418393739386
handshake_clip_10,79,1,165.27437234417664,-0.014781892508246101,0.053504418393739386
handshake_clip_10,80,1,168.6027982622662,-0.014435298698419502,0.053504418393739386
handshake_clip_10,81,1,169.73735740957966,-0.014088704888592901,0.053504418393739386
handshake_clip_10,82,1,170.30896119737707,-0.013742111078766302,0.053504418393739414
handshake_clip_10,83,1,170.65325423104707,-0.013395517268939703,0.053504418393739414
handshake_clip_10,84,1,170.88332471868418,-0.013048923459113102,0.053504418393739414
handshake_clip_10,85,1,171.0479220835172,-0.012702329649286503,0.053504418393739414
handshake_clip_10,86,1,44.68806056198353,-0.03025946131394614,0.5026264109380065
handshake_clip_10,87,1,-28.80589931164249,-0.02244074654257125,0.5026264109380065
handshake_clip_10,88,1,159.56204468620697,-0.03276584146797737,0.5026264109380065
handshake_clip_10,89,1,159.56204468620697,-0.03276584146797737,0.5026264109380065
handshake_clip_28,0,1,93.34043031723729,-0.08823342441058198,0.0
handshake_clip_28,1,1,93.34043031723729,-0.08823342441058198,0.36954756896133556
handshake_clip_28,2,1,93.34043031723729,-0.08823342441058198,0.36954756896133556
handshake_clip_28,3,1,93.34043031723729,-0.08823342441058198,0.36954756896133556
handshake_clip_28,4,1,93.34043031723729,-0.08823342441058198,0.36954756896133556
handshake_clip_28,5,1,93.34043031723729,-0.08823342441058198,0.0
handshake_clip_28,6,1,93.34043031723729,-0.08823342441058198,0.0
handshake_clip_28,7,1,93.34043031723729,-0.08823342441058198,0.0
handshake_clip_28,8,1,93.34043031723729,-0.08823342441058198,0.0
handshake_clip_28,9,1,93.34043031723729,-0.08823342441058198,0.0
handshake_clip_28,10,1,93.34043031723729,-0.08823342441058198,0.0
handshake_clip_28,11,1,93.34043031723729,-0.08823342441058198,0.0
handshake_clip_28,12,1,93.34043031723729,-0.08823342441058198,0.0
handshake_clip_28,13,1,93.34043031723729,-0.08823342441058198,0.0
handshake_clip_28,14,1,93.34043031723729,-0.08823342441058198,0.0
handshake_clip_28,15,1,93.34043031723729,-0.08823342441058198,0.0
handshake_clip_28,16,1,93.34043031723729,-0.08823342441058198,0.0
handshake_clip_28,17,1,96.73264655833012,-0.057909833701193784,0.01815449167786931
handshake_clip_28,18,1,-51.35288419334092,-0.007964182353489934,0.45134520811777074
handshake_clip_28,19,1,110.26267427883211,-0.11589091270898418,0.45134520811777074
handshake_clip_28,20,1,112.1212747553872,-0.22381764306447843,0.45134520811777074
handshake_clip_28,21,1,70.14294247200345,-0.37413566186563685,0.45134520811777074
handshake_clip_28,22,1,79.41100719755185,-0.19179586199282989,0.45134520811777074
handshake_clip_28,23,1,78.11865962468067,-0.19045612240790882,0.26883149233636683
handshake_clip_28,24,1,78.9334648648604,-0.3395796589465476,0.2688314923363668
handshake_clip_28,25,1,111.74984907935688,-0.23546675350644364,0.262570770177127
handshake_clip_28,26,1,106.44780630597054,-0.16979133647112116,0.24657265711590015
handshake_clip_28,27,1,79.646617055506,-0.14225781957549086,0.24657265711590015
handshake_clip_28,28,1,70.32783578337443,-0.35087674741947694,0.24657265711590015
handshake_clip_28,29,1,75.42261459418904,-0.3416567889764792,0.24657265711590015
handshake_clip_28,30,1,82.53410030134236,-0.13111666063463182,0.21876788986327034
handshake_clip_28,31,1,108.27746557717917,-0.20140503273643157,0.2456687689663167
handshake_clip_28,32,1,79.6341416187671,-0.21285015767995213,0.2456687689663167
handshake_clip_28,33,1,74.04152401333353,-0.20484707685818648,0.2456687689663167
handshake_clip_28,34,1,75.9271581373612,-0.12925371511553863,0.2456687689663167
handshake_clip_28,35,1,77.29827530641339,-0.16652763982020247,0.2456687689663167
handshake_clip_28,36,1,96.95373600487927,-0.12015309071293238,0.3882729116797616
handshake_clip_28,37,1,79.77221455935435,-0.2430737302611873,0.3882729116797616
handshake_clip_28,38,1,93.37232638379507,-0.10165304299750844,0.3882729116797616
handshake_clip_28,39,1,78.77618497745205,-0.20387915213592578,0.3882729116797616
handshake_clip_28,40,1,80.40162319598062,-0.2079696643825741,0.3882729116797616
handshake_clip_28,41,1,91.18150925694285,-0.1040653105924427,0.3087005055482343
handshake_clip_28,42,1,74.24463983899548,-0.37558960297303656,0.2987147870366121
handshake_clip_28,43,1,76.07581082796887,-0.17562725158927597,0.2987147870366121
handshake_clip_28,44,1,101.5352404253214,-0.10968162540239133,0.2987147870366121
handshake_clip_28,45,1,101.35545307882771,-0.08648656727375219,0.2987147870366121
handshake_clip_28,46,1,74.88201938563095,-0.1632192071751887,0.2987147870366121
handshake_clip_28,47,1,71.96045814528038,-0.37774765088386175,0.11477435278951614
handshake_clip_28,48,1,93.305682903021,-0.145257397653836,0.2924276302914153
handshake_clip_28,49,1,102.702264307314,-0.11950286641314273,0.2924276302914153
handshake_clip_28,50,1,97.13404933390213,-0.08230955254638765,0.36102025922882114
handshake_clip_28,51,1,73.96226692338728,-0.17827337265526913,0.36102025922882114
handshake_clip_28,52,1,108.84507695911512,-0.2628477082344034,0.3901640227291193
handshake_clip_28,53,1,98.54801236792566,-0.07600604043244268,0.3901640227291193
handshake_clip_28,54,1,100.03282833359373,-0.12556943806106344,0.39247227861138057
handshake_clip_28,55,1,95.90967531101438,-0.26078390066300017,0.39247227861138057
handshake_clip_28,56,1,113.70929597187617,-0.1911256961852814,0.39247227861138057
handshake_clip_28,57,1,92.1543959263602,-0.0939644568370994,0.39247227861138057
handshake_clip_28,58,1,110.50604367229457,-0.20193846457539166,0.39247227861138057
handshake_clip_28,59,1,75.76881111295891,-0.3033606277599005,0.2719622853254451
handshake_clip_28,60,1,71.24071118302058,-0.3743837446834845,0.2719622853254451
handshake_clip_28,61,1,75.56863532801435,-0.14104427734497446,0.2719622853254451
handshake_clip_28,62,1,-120.61532824871226,-0.09831470945292149,0.2719622853254451
handshake_clip_28,63,1,115.75835934895532,-0.16275599407146044,0.2719622853254451
handshake_clip_28,64,1,107.81911985023882,-0.28882731970770686,0.20936243225852366
handshake_clip_28,65,1,107.93107661247313,-0.2729115346805883,0.20936243225852366
handshake_clip_28,66,1,104.996494900301,-0.13471417833403615,0.20936243225852366
handshake_clip_28,67,1,101.2880768975021,-0.10498375717602923,0.13048251013312637
handshake_clip_28,68,1,71.70725204602479,-0.16701701619103906,0.24642874795664635
handshake_clip_28,69,1,110.90805467908125,-0.16097408040388925,0.27933243713095557
handshake_clip_28,70,1,100.87533630237394,-0.10228796813733962,0.27933243713095557
handshake_clip_28,71,1,80.11040778199231,-0.043601855870789984,0.27933243713095557
handshake_clip_28,72,1,83.04448356471674,-0.04629536188836284,0.27933243713095557
handshake_clip_28,73,1,85.8200818114977,-0.04898886790593571,0.27933243713095557
handshake_clip_28,74,1,88.4377222385242,-0.051682373923508565,0.10637448460183614
handshake_clip_28,75,1,90.90050139562207,-0.05437587994108142,0.10637448460183614
handshake_clip_28,76,1,93.21344986526663,-0.05706938595865429,0.00656149704109933
handshake_clip_28,77,1,95.38296108430708,-0.059762891976227146,0.00656149704109933
handshake_clip_28,78,1,92.44252187103179,-0.05501597569848821,0.027392847531735483
handshake_clip_28,79,1,92.44252187103179,-0.05501597569848821,0.027392847531735483
handshake_clip_28,80,1,92.44252187103179,-0.05501597569848821,0.027392847531735483
handshake_clip_28,81,1,92.44252187103179,-0.05501597569848821,0.027392847531735483
handshake_clip_28,82,1,92.44252187103179,-0.05501597569848821,0.027392847531735483
handshake_clip_28,83,1,92.44252187103179,-0.05501597569848821,0.0
handshake_clip_28,84,1,92.44252187103179,-0.05501597569848821,0.0
handshake_clip_28,85,1,92.44252187103179,-0.05501597569848821,0.0
handshake_clip_28,86,1,92.44252187103179,-0.05501597569848821,0.0
handshake_clip_28,87,1,92.44252187103179,-0.05501597569848821,0.0
handshake_clip_28,88,1,92.44252187103179,-0.05501597569848821,0.0
handshake_clip_28,89,1,92.44252187103179,-0.05501597569848821,0.0
handshake_clip_17,0,1,41.95739554536791,-0.060356680797838146,0.0
handshake_clip_17,1,1,48.72452232158246,-0.06074997267665711,0.22553055862068547
handshake_clip_17,2,1,53.552711087139585,-0.06114326455547608,0.22553055862068547
handshake_clip_17,3,1,57.12416728441459,-0.06153655643429505,0.22553055862068547
handshake_clip_17,4,1,59.85351181874201,-0.061929848313114017,0.22553055862068547
handshake_clip_17,5,1,61.998180475261336,-0.06232314019193298,0.007894371366349021
handshake_clip_17,6,1,63.72338647751306,-0.06271643207075196,0.007894371366349021
handshake_clip_17,7,1,65.13883871641633,-0.06310972394957093,0.007894371366349021
handshake_clip_17,8,1,66.31974092359712,-0.0635030158283899,0.007894371366349021
handshake_clip_17,9,1,67.3191360594797,-0.06389630770720886,0.007894371366349021
handshake_clip_17,10,1,68.17539451995223,-0.06428959958602783,0.007894371366349021
handshake_clip_17,11,1,68.91689956981389,-0.06468289146484679,0.007894371366349021
handshake_clip_17,12,1,69.56506544209988,-0.06507618334366576,0.007894371366349007
handshake_clip_17,13,1,70.13633386907578,-0.06546947522248474,0.007894371366349007
handshake_clip_17,14,1,70.64352713902218,-0.0658627671013037,0.007894371366348966
handshake_clip_17,15,1,71.09678535571894,-0.06625605898012267,0.007894371366348966
handshake_clip_17,16,1,71.50422866607528,-0.06664935085894164,0.007894371366348966
handshake_clip_17,17,1,71.8724336420019,-0.0670426427377606,0.007894371366348966
handshake_clip_17,18,1,75.38759952657568,-0.060379720540515776,0.05997995874042418
handshake_clip_17,19,1,79.04483402267714,-0.053716798343270936,0.05997995874042418
handshake_clip_17,20,1,82.82149740067278,-0.04705387614602611,0.05997995874042418
handshake_clip_17,21,1,86.68935509469439,-0.04039095394878127,0.05997995874042418
handshake_clip_17,22,1,90.61552176921266,-0.03372803175153644,0.05997995874042418
handshake_clip_17,23,1,86.37434797573648,-0.03514214447314852,0.05997995874042418
handshake_clip_17,24,1,62.973137989721316,-0.0365562571947606,0.05997995874042418
handshake_clip_17,25,1,-62.223673537543526,-0.037970369916372676,0.05997995874042418
handshake_clip_17,26,1,-74.92595575817775,-0.039384482637984754,0.05997995874042418
handshake_clip_17,27,1,-62.418143723356266,-0.04918556704802764,0.11513270023803572
handshake_clip_17,28,1,-15.089386505399053,-0.05898665145807052,0.11513270023803572
handshake_clip_17,29,1,51.118184793970364,-0.0687877358681134,0.11513270023803573
handshake_clip_17,30,1,94.90292198548751,-0.031848647388727516,0.3437368158512753
handshake_clip_17,31,1,86.14896870597039,-0.02959600875903589,0.3437368158512753
handshake_clip_17,32,1,73.23479424823213,-0.047960135774051324,0.3437368158512753
handshake_clip_17,33,1,66.59592792266062,-0.06632426278906675,0.3437368158512753
handshake_clip_17,34,1,89.43561052055057,-0.039679861650064575,0.3437368158512753
handshake_clip_17,35,1,96.35292289643658,-0.03050014926790817,0.3081475558693607
handshake_clip_17,36,1,93.9267603660486,-0.02920392409511399,0.3081475558693607
handshake_clip_17,37,1,71.0564534515627,-0.032426334960469115,0.3081475558693607
handshake_clip_17,38,1,-69.28966798710195,-0.03564874582582424,0.3081475558693607
handshake_clip_17,39,1,71.16654982039275,-0.08154618563756336,0.3034728103367414
handshake_clip_17,40,1,69.9403185440362,-0.07130008652873696,0.3034728103367414
handshake_clip_17,41,1,44.20157400677805,-0.06356992829298726,0.3034728103367414
handshake_clip_17,42,1,-49.56168689124783,-0.05583977005723755,0.3034728103367414
handshake_clip_17,43,1,-75.39049045011718,-0.048109611821487853,0.3034728103367414
handshake_clip_17,44,1,64.34648101400673,-0.061422707194438424,0.29404149824017345
handshake_clip_17,45,1,-57.10847699220485,-0.036325301327252583,0.2986209388864781
handshake_clip_17,46,1,96.5409295689818,-0.03104067163408072,0.2986209388864781
handshake_clip_17,47,1,95.0452604153165,-0.031219261293652253,0.2986209388864781
handshake_clip_17,48,1,93.34428842123255,-0.03139785095322379,0.2986209388864781
handshake_clip_17,49,1,91.39634630160488,-0.03157644061279532,0.2986209388864781
handshake_clip_17,50,1,93.12505957802293,-0.03139433289041679,0.01218595867191303
handshake_clip_17,51,1,94.5873027975802,-0.031212225168038274,0.004329532470770886
handshake_clip_17,52,1,95.8387457629661,-0.03103011744565975,0.004329532470770886
handshake_clip_17,53,1,74.26998722894557,-0.03510288080482835,0.004949416766076428
handshake_clip_17,54,1,-64.54770138686338,-0.03917564416399695,0.0049494167660764825
handshake_clip_17,55,1,-42.946619636762755,-0.03698672392738973,0.006217870063160736
handshake_clip_17,56,1,60.69046536340176,-0.0347978036907825,0.006217870063160736
handshake_clip_17,57,1,86.17660123303249,-0.032608883454175286,0.006217870063160736
handshake_clip_17,58,1,92.1562682450246,-0.030419963217568062,0.006217870063160736
handshake_clip_17,59,1,96.34438589696673,-0.028620656627978688,0.019606708456336445
handshake_clip_17,60,1,100.42874201384903,-0.026821350038389313,0.019606708456336483
handshake_clip_17,61,1,94.9277421999051,-0.03221002881442554,0.019606708456336483
handshake_clip_17,62,1,86.42591385542188,-0.037598707590461765,0.019606708456336483
handshake_clip_17,63,1,90.03434139618884,-0.035379047658288656,0.019606708456336483
handshake_clip_17,64,1,92.50426632951735,-0.03315938772611554,0.019606708456336483
handshake_clip_17,65,1,94.29497305813796,-0.030939727793942436,0.01698302672994501
handshake_clip_17,66,1,94.47305036171625,-0.0318464643320695,0.016983026729944988
handshake_clip_17,67,1,58.33700563791859,-0.03653604920751256,0.005445066023915222
handshake_clip_17,68,1,98.85856223122363,-0.02677111484084801,0.011382722010163281
handshake_clip_17,69,1,-11.06658697895994,0.0015534790806270235,0.4005552408203171
handshake_clip_17,70,1,26.01698520405166,-0.0014769795637797286,0.4005552408203171
handshake_clip_17,71,1,58.34854380131155,-0.004507438208186481,0.4005552408203171
handshake_clip_17,72,1,75.51366722046592,-0.007537896852593233,0.4005552408203171
handshake_clip_17,73,1,84.53913942024434,-0.010568355496999984,0.4005552408203171
handshake_clip_17,74,1,89.85149176280329,-0.013598814141406738,0.049517476869784444
handshake_clip_17,75,1,93.29599341611325,-0.016629272785813488,0.049517476869784444
handshake_clip_17,76,1,95.69450925253494,-0.01965973143022024,0.049517476869784444
handshake_clip_17,77,1,97.45501506453562,-0.022690190074626995,0.049517476869784444
handshake_clip_17,78,1,57.635833049429614,-0.04802292742800768,0.2991362936853221
handshake_clip_17,79,1,53.51813950757908,-0.044327828169443195,0.2991362936853221
handshake_clip_17,80,1,3.2956931014306803,-0.04063272891087871,0.2991362936853221
handshake_clip_17,81,1,20.468410957295816,-0.039728005970800895,0.2991362936853221
handshake_clip_17,82,1,37.00916725712598,-0.03882328303072308,0.2991362936853221
handshake_clip_17,83,1,50.69445944664627,-0.03791856009064526,0.06562221405890156
handshake_clip_17,84,1,79.70598846505237,-0.07665345100596702,0.09285904710380755
handshake_clip_17,85,1,78.38899988819833,-0.06455981997276433,0.09285904710380755
handshake_clip_17,86,1,75.93213899953638,-0.052466188939561634,0.09285904710380755
handshake_clip_17,87,1,69.78035665628707,-0.04037255790635894,0.09285904710380755
handshake_clip_17,88,1,34.469866547132725,-0.028278926873156248,0.09285904710380755
handshake_clip_17,89,1,34.469866547132725,-0.028278926873156248,0.026297811251236283
handshake_clip_21,0,1,-70.73667017133968,-0.0043557945886511275,0.0
handshake_clip_21,1,1,-70.73667017133968,-0.0043557945886511275,0.14148517843659347
handshake_clip_21,2,1,-70.73667017133968,-0.0043557945886511275,0.14148517843659347
handshake_clip_21,3,1,-70.73667017133968,-0.0043557945886511275,0.14148517843659347
handshake_clip_21,4,1,-70.73667017133968,-0.0043557945886511275,0.14148517843659347
handshake_clip_21,5,1,-70.73667017133968,-0.0043557945886511275,0.0
handshake_clip_21,6,1,-70.73667017133968,-0.0043557945886511275,0.0
handshake_clip_21,7,1,-82.21508338099902,-0.0039222923353193755,0.0004872405807015187
handshake_clip_21,8,1,-88.494373677739,-0.003488790081987623,0.00048724058070162584
handshake_clip_21,9,1,-92.36667056179175,-0.003055287828655871,0.00048724058070162584
handshake_clip_21,10,1,-94.97135745154723,-0.002621785575324119,0.00048724058070162584
handshake_clip_21,11,1,-96.83623843604929,-0.0021882833219923673,0.00048724058070162584
handshake_clip_21,12,1,-98.23458441057278,-0.0017547810686606151,0.00048724058070162584
handshake_clip_21,13,1,-99.32080739175274,-0.0013212788153288628,0.00048724058070162584
handshake_clip_21,14,1,-79.5172970718664,-0.0052966432250382105,0.012196027939275192
handshake_clip_21,15,1,49.732358125426146,-0.009272007634747557,0.012196027939275192
handshake_clip_21,16,1,63.0634753274676,-0.013247372044456905,0.012196027939275192
handshake_clip_21,17,1,66.26311601047036,-0.017222736454166252,0.012196027939275192
handshake_clip_21,18,1,67.68852383124397,-0.021198100863875597,0.012196027939275192
handshake_clip_21,19,1,68.49411014174221,-0.02517346527358495,0.012196027939275192
handshake_clip_21,20,1,69.01176570293634,-0.029148829683294294,0.012196027939275192
handshake_clip_21,21,1,69.37239939120767,-0.03312419409300364,0.012196027939275192
handshake_clip_21,22,1,69.63802791329779,-0.03709955850271299,0.012196027939275192
handshake_clip_21,23,1,69.84181588261599,-0.04107492291242233,0.012196027939275192
handshake_clip_21,24,1,70.00310332923507,-0.045050287322131684,0.012196027939275192
handshake_clip_21,25,1,70.13392824596482,-0.049025651731841036,0.012196027939275192
handshake_clip_21,26,1,70.24217513906821,-0.053001016141550374,0.012196027939275192
handshake_clip_21,27,1,-176.10154155013706,-0.004150295205654684,0.3239368427081759
handshake_clip_21,28,1,-173.363386074316,-0.005546143218192391,0.3239368427081759
handshake_clip_21,29,1,-171.15490928548914,-0.006941991230730099,0.3239368427081759
handshake_clip_21,30,1,-169.34099135287713,-0.008337839243267805,0.3239368427081759
handshake_clip_21,31,1,85.246395018184,-0.056202063779949095,0.3239368427081759
handshake_clip_21,32,1,94.68443019233662,-0.03267410737355807,0.3156714413273572
handshake_clip_21,33,1,155.86247682730647,-0.009146150967167038,0.3156714413273572
handshake_clip_21,34,1,164.5644650742804,-0.008796370559636536,0.3156714413273572
handshake_clip_21,35,1,128.33107402995495,-0.005447904827743557,0.3156714413273572
handshake_clip_21,36,1,146.3803034421586,-0.006388588229854693,0.18810084406317848
handshake_clip_21,37,1,-161.89590632667213,-0.0073292716319658295,0.18810084406317848
handshake_clip_21,38,1,-113.67296448897011,-0.008269955034076966,0.18810084406317848
handshake_clip_21,39,1,-132.3074703524213,-0.007949333739578835,0.05892776344617267
handshake_clip_21,40,1,-163.21435194254101,-0.007628712445080704,0.05892776344617267
handshake_clip_21,41,1,164.77929884860188,-0.0073080911505825725,0.05892776344617267
handshake_clip_21,42,1,144.82347085774336,-0.006987469856084442,0.05892776344617267
handshake_clip_21,43,1,133.79899984945044,-0.006666848561586311,0.03362387838159584
handshake_clip_21,44,1,-6.0447172593891025,-0.006553311572160856,0.09734829034247972
handshake_clip_21,45,1,-12.155987247213817,-0.006439774582735401,0.09734829034247977
handshake_clip_21,46,1,-13.843660449299119,-0.0063262375933099465,0.09734829034247977
handshake_clip_21,47,1,-12.027057303214923,-0.006276374618517819,0.09734829034247977
handshake_clip_21,48,1,-7.482581728730092,-0.006226511643725693,0.09734829034247977
handshake_clip_21,49,1,20.740473177339833,-0.0061766486689335655,0.09734829034247977
handshake_clip_21,50,1,55.823687181523525,-0.007599631042259174,0.09734829034247972
handshake_clip_21,51,1,90.30018068842162,-0.009022613415584782,0.09226506149071717
handshake_clip_21,52,1,88.9278622011733,-0.00743049972848902,0.09226506149071717
handshake_clip_21,53,1,85.79857971931766,-0.02519651363421089,0.3464110303719678
handshake_clip_21,54,1,84.99552949713218,-0.029194012522941012,0.3464110303719678
handshake_clip_21,55,1,84.19363333563622,-0.033191511411671135,0.3464110303719678
handshake_clip_21,56,1,83.39320210172968,-0.037189010300401254,0.3464110303719678
handshake_clip_21,57,1,82.59454324209229,-0.04118650918913138,0.3464110303719678
handshake_clip_21,58,1,74.41490790744238,-0.0542954676720874,0.02702737513009482
handshake_clip_21,59,1,75.41521642060844,-0.050773357542318764,0.02702737513009482
handshake_clip_21,60,1,76.4130904569511,-0.04725124741255013,0.02702737513009482
handshake_clip_21,61,1,77.40793610388211,-0.043729137282781494,0.02702737513009482
handshake_clip_21,62,1,91.22560802669214,-0.04595552063541669,0.03317342909188412
handshake_clip_21,63,1,88.15451610772874,-0.035348575153898026,0.100688889582514
handshake_clip_21,64,1,81.05616656048437,-0.024741629672379365,0.100688889582514
handshake_clip_21,65,1,51.890341240445586,-0.014134684190860706,0.100688889582514
handshake_clip_21,66,1,83.8758877711143,-0.0578118243609253,0.3101495106917271
handshake_clip_21,67,1,77.51689422883591,-0.05294692848808697,0.3101495106917271
handshake_clip_21,68,1,73.51034342510312,-0.04808203261524864,0.3101495106917271
handshake_clip_21,69,1,73.72946150625678,-0.045392706223999685,0.3101495106917271
handshake_clip_21,70,1,73.98415834338948,-0.042703379832750736,0.3101495106917271
handshake_clip_21,71,1,74.28385208930192,-0.04001405344150178,0.026278743447710945
handshake_clip_21,72,1,74.64160064853004,-0.037324727050252825,0.026278743447710945
handshake_clip_21,73,1,75.07604399473438,-0.03463540065900386,0.019953885322340454
handshake_clip_21,74,1,75.61473527154268,-0.03194607426775491,0.019953885322340454
handshake_clip_21,75,1,76.30017144274929,-0.029256747876505958,0.019953885322340454
handshake_clip_21,76,1,77.20146090952798,-0.026567421485257006,0.019953885322340454
handshake_clip_21,77,1,78.43886224340106,-0.02387809509400805,0.019953885322340454
handshake_clip_21,78,1,80.24128937917479,-0.021188768702759098,0.019953885322340454
handshake_clip_21,79,1,83.1022335187831,-0.01849944231151014,0.019953885322340454
handshake_clip_21,80,1,88.2995334009754,-0.015810115920261186,0.019953885322340454
handshake_clip_21,81,1,100.24041509334826,-0.013120789529012232,0.019953885322340454
handshake_clip_21,82,1,139.71003672882512,-0.010431463137763273,0.019953885322340454
handshake_clip_21,83,1,139.71003672882512,-0.010431463137763273,0.019953885322340454
handshake_clip_21,84,1,139.71003672882512,-0.010431463137763273,0.019953885322340454
handshake_clip_21,85,1,139.71003672882512,-0.010431463137763273,0.01995388532234043
handshake_clip_21,86,1,139.71003672882512,-0.010431463137763273,0.019953885322340357
handshake_clip_21,87,1,139.71003672882512,-0.010431463137763273,0.0
handshake_clip_21,88,1,139.71003672882512,-0.010431463137763273,0.0
handshake_clip_21,89,1,139.71003672882512,-0.010431463137763273,0.0
handshake_clip_19,0,1,97.68632542782083,-0.29017815885958953,0.0
handshake_clip_19,1,1,97.68632542782083,-0.29017815885958953,0.4542411206633105
handshake_clip_19,2,1,97.68632542782083,-0.29017815885958953,0.4542411206633105
handshake_clip_19,3,1,97.68632542782083,-0.29017815885958953,0.4542411206633105
handshake_clip_19,4,1,97.68632542782083,-0.29017815885958953,0.4542411206633105
handshake_clip_19,5,1,97.68632542782083,-0.29017815885958953,0.0
handshake_clip_19,6,1,97.68632542782083,-0.29017815885958953,0.0
handshake_clip_19,7,1,97.68632542782083,-0.29017815885958953,0.0
handshake_clip_19,8,1,97.68632542782083,-0.29017815885958953,0.0
handshake_clip_19,9,1,97.68632542782083,-0.29017815885958953,0.0
handshake_clip_19,10,1,97.68632542782083,-0.29017815885958953,0.0
handshake_clip_19,11,1,97.68632542782083,-0.29017815885958953,0.0
handshake_clip_19,12,1,97.68632542782083,-0.29017815885958953,0.0
handshake_clip_19,13,1,97.68632542782083,-0.29017815885958953,0.0
handshake_clip_19,14,1,97.68632542782083,-0.29017815885958953,0.0
handshake_clip_19,15,1,97.68632542782083,-0.29017815885958953,0.0
handshake_clip_19,16,1,97.68632542782083,-0.29017815885958953,0.0
handshake_clip_19,17,1,101.24646218973322,-0.31216999446584737,0.011442769960840652
handshake_clip_19,18,1,99.79867974920298,-0.30468075791914656,0.011442769960840652
handshake_clip_19,19,1,98.37413016063545,-0.29719152137244575,0.011442769960840652
handshake_clip_19,20,1,96.97397617775057,-0.289702284825745,0.011442769960840652
handshake_clip_19,21,1,95.5992247238585,-0.2822130482790442,0.011442769960840652
handshake_clip_19,22,1,94.25072970462308,-0.2747238117323434,0.00968890690046202
handshake_clip_19,23,1,91.11051912929932,-0.3593387283645199,0.00968890690046202
handshake_clip_19,24,1,91.95014195907784,-0.32470015692550186,0.00968890690046202
handshake_clip_19,25,1,92.82811393561583,-0.29006158548648386,0.00968890690046202
handshake_clip_19,26,1,93.7466819105394,-0.2554230140474658,0.00968890690046202
handshake_clip_19,27,1,94.50847874587757,-0.28637340758179164,0.005585733025760615
handshake_clip_19,28,1,95.2775980634854,-0.31732380111611747,0.005459967564686372
handshake_clip_19,29,1,96.0538648281951,-0.34827419465044324,0.005459967564686372
handshake_clip_19,30,1,96.83709024619884,-0.37922458818476906,0.005459967564686372
handshake_clip_19,31,1,96.96968198989683,-0.34528401260641317,0.003879382015270681
handshake_clip_19,32,1,96.8583836269332,-0.3282645404316232,0.003879382015270681
handshake_clip_19,33,1,96.74968915648056,-0.3112450682568332,0.0038793820152706257
handshake_clip_19,34,1,96.64350901129377,-0.2942255960820432,0.0038793820152706257
handshake_clip_19,35,1,94.43243740537366,-0.26528077416723755,0.0055861319016374455
handshake_clip_19,36,1,96.98844587553141,-0.13084554380043298,0.296745171278225
handshake_clip_19,37,1,94.15823390385887,-0.29136964716380476,0.3202598803386262
handshake_clip_19,38,1,94.4382126269109,-0.3028365815550558,0.3202598803386262
handshake_clip_19,39,1,94.73993383727316,-0.3143035159463068,0.3202598803386262
handshake_clip_19,40,1,95.253489665977,-0.31365766962244024,0.3202598803386262
handshake_clip_19,41,1,95.75836290519297,-0.3130118232985737,0.3202598803386262
handshake_clip_19,42,1,96.25469545989364,-0.31236597697470714,0.02247964498739045
handshake_clip_19,43,1,96.74262960326791,-0.3117201306508406,0.022479644987390395
handshake_clip_19,44,1,95.16262153405701,-0.30048362754308044,0.020269194377333922
handshake_clip_19,45,1,93.65386561283655,-0.28924712443532025,0.020269194377333922
handshake_clip_19,46,1,91.82627280464969,-0.2794436304224064,0.020269194377333922
handshake_clip_19,47,1,92.92275225956502,-0.2735077858857764,0.020269194377333922
handshake_clip_19,48,1,94.02358912880139,-0.2675719413491464,0.008744648949026454
handshake_clip_19,49,1,95.12799243312647,-0.26163609681251637,0.008744648949026454
handshake_clip_19,50,1,96.23515547458072,-0.2557002522758864,0.008744648949026454
handshake_clip_19,51,1,95.10898632340721,-0.24816037378045044,0.017440639464596352
handshake_clip_19,52,1,94.81281609902621,-0.31119440610035554,0.017440639464596352
handshake_clip_19,53,1,97.61828307591882,-0.30910522565559967,0.025501165152037344
handshake_clip_19,54,1,96.4953477334913,-0.2926682897764507,0.025501165152037344
handshake_clip_19,55,1,95.41169702454116,-0.27623135389730175,0.025501165152037344
handshake_clip_19,56,1,94.36604058975868,-0.2597944180181528,0.025501165152037344
handshake_clip_19,57,1,93.3570756080236,-0.24335748213900385,0.025501165152037344
handshake_clip_19,58,1,93.85328749711545,-0.2576984506115707,0.005205825860601528
handshake_clip_19,59,1,94.34884480473619,-0.27203941908413753,0.00520582586060156
handshake_clip_19,60,1,94.84367484045626,-0.28638038755670436,0.005205825860601573
handshake_clip_19,61,1,95.33770556088461,-0.3007213560292712,0.005205825860601573
handshake_clip_19,62,1,94.65957860340924,-0.2877737643834734,0.009835398787563494
handshake_clip_19,63,1,93.87815493256024,-0.27466677864109096,0.009835398787563494
handshake_clip_19,64,1,93.09253383237237,-0.2615597928987085,0.009835398787563494
handshake_clip_19,65,1,92.3029790838624,-0.24845280715632606,0.009835398787563494
handshake_clip_19,66,1,99.42693247495349,-0.32092555592194566,0.012748476658204501
handshake_clip_19,67,1,96.71482992367238,-0.341753457075356,0.012748476658204501
handshake_clip_19,68,1,94.03861705795325,-0.2392641831755213,0.012748476658204501
handshake_clip_19,69,1,96.09162166088672,-0.2796407434000182,0.01713202994341593
handshake_clip_19,70,1,98.07255358289744,-0.32001730362451514,0.01713202994341593
handshake_clip_19,71,1,99.98065662124915,-0.36039386384901206,0.017132029943415967
handshake_clip_19,72,1,97.93239103531475,-0.22989672801323469,0.19757562021643993
handshake_clip_19,73,1,89.21897405323293,-0.0993995921774573,0.19757562021643996
handshake_clip_19,74,1,96.11868687584696,-0.3164747790719957,0.3857703300478878
handshake_clip_19,75,1,98.07533974735078,-0.33159282774500787,0.3857703300478878
handshake_clip_19,76,1,100.14369367696537,-0.34671087641802006,0.3857703300478878
handshake_clip_19,77,1,102.32772637424709,-0.3618289250910322,0.3857703300478878
handshake_clip_19,78,1,100.25923358082701,-0.30325248697428714,0.3857703300478878
handshake_clip_19,79,1,92.12724006659934,-0.29644511522722894,0.06611020817019606
handshake_clip_19,80,1,81.4299526697993,-0.2896377434801707,0.06611020817019606
handshake_clip_19,81,1,94.41120742658248,-0.3538230378605362,0.09379109035538663
handshake_clip_19,82,1,93.56408192244103,-0.17292302926347242,0.09379109035538663
handshake_clip_19,83,1,92.64926702909995,-0.18493608762932465,0.09379109035538663
handshake_clip_19,84,1,91.75095809479205,-0.19694914599517688,0.09379109035538663
handshake_clip_19,85,1,91.49420864978117,-0.21694529515307293,0.09379109035538663
handshake_clip_19,86,1,91.24018866901056,-0.23694144431096897,0.012515174442935649
handshake_clip_19,87,1,90.98886468609646,-0.2569375934688651,0.012515174442935649
handshake_clip_19,88,1,90.74020352622597,-0.27693374262676107,0.012515174442935649
handshake_clip_19,89,1,90.49417231255758,-0.2969298917846572,0.0027796822665429994
handshake_clip_26,0,1,109.70923177926613,0.002324444320365098,0.0
handshake_clip_26,1,1,109.70923177926613,0.002324444320365098,0.6769572470213501
handshake_clip_26,2,1,109.70923177926613,0.002324444320365098,0.6769572470213501
handshake_clip_26,3,1,109.70923177926613,0.002324444320365098,0.6769572470213501
handshake_clip_26,4,1,109.70923177926613,0.002324444320365098,0.6769572470213501
handshake_clip_26,5,1,107.74724853119382,0.00019116245784675696,0.0024616609779624992
handshake_clip_26,6,1,105.91638627730227,-0.001942119404671584,0.0024616609779625127
handshake_clip_26,7,1,104.20731110099472,-0.004075401267189925,0.0024616609779625127
handshake_clip_26,8,1,109.44216687420479,-0.004634958004014944,0.00662466886992715
handshake_clip_26,9,1,123.59260719567246,-0.012439570507439974,0.05776236791634386
handshake_clip_26,10,1,145.11927262288373,-0.020244183010865002,0.057762367916343864
handshake_clip_26,11,1,171.29686543948452,-0.028048795514290036,0.057762367916343864
handshake_clip_26,12,1,-166.6108289660434,-0.03585340801771506,0.057762367916343864
handshake_clip_26,13,1,161.3997674312578,-0.061838137849309735,0.0962446271223457
handshake_clip_26,14,1,136.4329983200491,-0.0878228676809044,0.0962446271223457
handshake_clip_26,15,1,121.84112331396106,-0.11380759751249908,0.09624462712234573
handshake_clip_26,16,1,113.32913805191797,-0.13979232734409375,0.09624462712234573
handshake_clip_26,17,1,107.9743112764212,-0.1657770571756884,0.09624462712234573
handshake_clip_26,18,1,107.8272208761439,-0.11284367329000752,0.15758840649498226
handshake_clip_26,19,1,107.6351116599545,-0.05991028940432662,0.15758840649498226
handshake_clip_26,20,1,107.37358874155206,-0.006976905518645722,0.15758840649498226
handshake_clip_26,21,1,106.99675573251852,0.04595647836703517,0.15758840649498226
handshake_clip_26,22,1,109.69790852589676,-0.010292756614246563,0.15758840649498226
handshake_clip_26,23,1,113.8765211745072,-0.06654199159552829,0.15758840649498226
handshake_clip_26,24,1,104.51645032905832,0.019093532254110764,0.1939531985436322
handshake_clip_26,25,1,-61.85801341397339,-0.06869829381417603,0.3317590401411262
handshake_clip_26,26,1,-71.38553924715383,-0.15649011988246284,0.3317590401411262
handshake_clip_26,27,1,-47.178183757285105,-0.07837626870033172,0.33652986970662446
handshake_clip_26,28,1,96.90203764557654,-0.00026241751820060794,0.33652986970662446
handshake_clip_26,29,1,101.47797418549463,0.00971490369947499,0.33652986970662446
handshake_clip_26,30,1,-53.77457657406996,-0.08515980321798365,0.3384903765238972
handshake_clip_26,31,1,-69.29791959502792,-0.18003451013544228,0.3384903765238972
handshake_clip_26,32,1,85.99907064808649,-0.13474222542442055,0.5340192366762011
handshake_clip_26,33,1,95.00906994479399,-0.021779204700439682,0.5340192366762011
handshake_clip_26,34,1,96.50179175052662,-0.07030472117486393,0.5813026135353869
handshake_clip_26,35,1,91.50823337704348,-0.10285054904686673,0.5813026135353869
handshake_clip_26,36,1,90.84818429472486,-0.04679328856069268,0.5813026135353869
handshake_clip_26,37,1,98.86904668771638,-0.0800190528688968,0.5813026135353869
handshake_clip_26,38,1,96.20444614046285,-0.009411009503730241,0.5813026135353869
handshake_clip_26,39,1,87.32779763324768,-0.11163410892079122,0.36983035618008037
handshake_clip_26,40,1,89.88251487482721,-0.09516786261320928,0.2068229610916828
handshake_clip_26,41,1,94.49161866148731,-0.00886373617648669,0.14127157043665511
handshake_clip_26,42,1,108.15035387491913,0.05088839431750863,0.14127157043665511
handshake_clip_26,43,1,106.25066978670749,-0.06575557154878826,0.21508705743811138
handshake_clip_26,44,1,105.14985387630283,-0.18239953741508513,0.21508705743811138
handshake_clip_26,45,1,104.4320285691795,-0.299043503281382,0.21508705743811138
handshake_clip_26,46,1,99.99869426876504,-0.09465859229652548,0.21508705743811138
handshake_clip_26,47,1,101.88455417796501,-0.02319269132068945,0.2967840449189265
handshake_clip_26,48,1,106.68171878657132,0.04827320965514659,0.2967840449189265
handshake_clip_26,49,1,93.42368458895187,-0.06177058151111224,0.2967840449189265
handshake_clip_26,50,1,93.28497774037497,-0.06397872574314359,0.2967840449189265
handshake_clip_26,51,1,93.1474317707958,-0.06618686997517496,0.2967840449189265
handshake_clip_26,52,1,93.01103373296591,-0.06839501420720631,0.29678404491892646
handshake_clip_26,53,1,92.87577084279744,-0.07060315843923769,0.09330222900617473
handshake_clip_26,54,1,92.74163047748826,-0.07281130267126903,0.003111590696127461
handshake_clip_26,55,1,97.49115569226639,-0.14278173857956247,0.17935141737827473
handshake_clip_26,56,1,101.64680631839607,-0.21275217448785588,0.17935141737827473
handshake_clip_26,57,1,105.27714013353551,-0.2827226103961493,0.17935141737827473
handshake_clip_26,58,1,-68.39341483478606,-0.20742428976157612,0.17935141737827473
handshake_clip_26,59,1,105.26099002316023,0.04317215739265377,0.6574796219120438
handshake_clip_26,60,1,102.37683878105076,0.037258583265334204,0.6574796219120438
handshake_clip_26,61,1,112.11475956360432,-0.24836231483664048,0.6574796219120438
handshake_clip_26,62,1,103.55032013317772,-0.36101959592224375,0.6574796219120438
handshake_clip_26,63,1,104.61046599784858,-0.34733626121518313,0.6574796219120438
handshake_clip_26,64,1,106.55072795990672,-0.3336529265081225,0.6454036350295947
handshake_clip_26,65,1,111.22072191536914,-0.3199695918010618,0.6454036350295947
handshake_clip_26,66,1,135.58310249509418,-0.3062862570940012,0.009134641818735587
handshake_clip_26,67,1,106.90472123759422,-0.2658566671663323,0.026252100389757446
handshake_clip_26,68,1,118.44255223568496,-0.22197527428130562,0.026252100389757446
handshake_clip_26,69,1,113.65156654746157,-0.1909533447349289,0.15526903543046097
handshake_clip_26,70,1,106.82972268416373,-0.15993141518855217,0.15526903543046097
handshake_clip_26,71,1,96.72816004673723,-0.12890948564217544,0.15526903543046097
handshake_clip_26,72,1,81.57681800822003,-0.09788755609579872,0.15526903543046103
handshake_clip_26,73,1,89.63231078563534,-0.060729916449847786,0.15526903543046103
handshake_clip_26,74,1,84.4677774790275,-0.07974985705582799,0.15526903543046103
handshake_clip_26,75,1,78.57418667350797,-0.09876979766180818,0.15526903543046103
handshake_clip_26,76,1,71.9377360970239,-0.11778973826778838,0.15526903543046103
handshake_clip_26,77,1,94.41465256162473,-0.11046183969121158,0.27390755558572705
handshake_clip_26,78,1,87.14786228542293,-0.11698697445643089,0.27390755558572705
handshake_clip_26,79,1,81.69318644716213,-0.12351210922165018,0.27390755558572705
handshake_clip_26,80,1,81.61206313380843,-0.11729572944834234,0.27390755558572705
handshake_clip_26,81,1,81.52321162720771,-0.11107934967503452,0.27390755558572705
handshake_clip_26,82,1,81.42547285328546,-0.1048629699017267,0.12585056175384196
handshake_clip_26,83,1,81.31744387240768,-0.09864659012841885,0.12585056175384196
handshake_clip_26,84,1,81.19741021874466,-0.09243021035511102,0.004895574558719539
handshake_clip_26,85,1,81.0632544033796,-0.0862138305818032,0.004895574558719539
handshake_clip_26,86,1,104.65233463840282,-0.017258214831386454,0.09062455102055997
handshake_clip_26,87,1,96.81551609387604,-0.03501014760592012,0.09062455102055997
handshake_clip_26,88,1,96.81551609387604,-0.03501014760592012,0.09062455102055997
handshake_clip_26,89,1,96.81551609387604,-0.03501014760592012,0.09062455102055997
handshake_clip_18,0,1,99.82355700774717,-0.19780813329867897,0.0
handshake_clip_18,1,1,98.97830231206271,-0.2093498527827554,0.5369884252855818
handshake_clip_18,2,1,98.13825876652513,-0.22089157226683176,0.5369884252855818
handshake_clip_18,3,1,97.30373601100878,-0.23243329175090818,0.5369884252855818
handshake_clip_18,4,1,97.71963781278014,-0.22237858280637113,0.5369884252855818
handshake_clip_18,5,1,98.19401696177611,-0.21232387386183404,0.03477601030804193
handshake_clip_18,6,1,100.88685318893506,-0.20712868707877874,0.03477601030804193
handshake_clip_18,7,1,103.4567983510452,-0.20193350029572343,0.03477601030804193
handshake_clip_18,8,1,104.38840579229893,-0.20573927071234263,0.03477601030804193
handshake_clip_18,9,1,99.74567549590883,-0.20088064239442355,0.03477601030804193
handshake_clip_18,10,1,99.82817861528136,-0.20284233344167996,0.02452992025359585
handshake_clip_18,11,1,99.91117978137082,-0.20480402448893636,0.024529920253595835
handshake_clip_18,12,1,99.99468316612729,-0.2067657155361928,0.022031718009203158
handshake_clip_18,13,1,100.07869298360633,-0.2087274065834492,0.014124807333792375
handshake_clip_18,14,1,100.16321349042313,-0.21068909763070562,0.002946867431338187
handshake_clip_18,15,1,100.24824898621084,-0.21265078867796203,0.002946867431338187
handshake_clip_18,16,1,101.6180638425439,-0.20808178861377274,0.002946867431338187
handshake_clip_18,17,1,102.97202512945594,-0.20351278854958346,0.002946867431338187
handshake_clip_18,18,1,104.30892184513262,-0.19894378848539418,0.002946867431338187
handshake_clip_18,19,1,104.2667360097062,-0.19912665052675813,0.002946867431338187
handshake_clip_18,20,1,104.22457601845375,-0.1993095125681221,0.00034813608159388245
handshake_clip_18,21,1,104.18244189324601,-0.19949237460948602,0.00034813608159388245
handshake_clip_18,22,1,104.14033365581517,-0.19967523665085,0.00034813608159388245
handshake_clip_18,23,1,104.09825132775474,-0.19985809869221394,0.00034813608159388245
handshake_clip_18,24,1,104.05619493051988,-0.2000409607335779,0.00034813608159388245
handshake_clip_18,25,1,104.01416448542753,-0.20022382277494183,0.00034813608159388245
handshake_clip_18,26,1,103.97216001365668,-0.2004066848163058,0.00034813608159388245
handshake_clip_18,27,1,103.93018153624837,-0.20058954685766975,0.00034813608159388245
handshake_clip_18,28,1,103.88822907410602,-0.20077240889903372,0.00034813608159388245
handshake_clip_18,29,1,103.84630264799563,-0.20095527094039767,0.00034813608159388245
handshake_clip_18,30,1,103.8044022785458,-0.2011381329817616,0.00034813608159388245
handshake_clip_18,31,1,103.76252798624807,-0.20132099502312556,0.00034813608159388245
handshake_clip_18,32,1,103.72067979145709,-0.20150385706448953,0.00034813608159388245
handshake_clip_18,33,1,103.67885771439067,-0.20168671910585348,0.00034813608159388245
handshake_clip_18,34,1,103.63706177513016,-0.20186958114721745,0.00034813608159388245
handshake_clip_18,35,1,103.5952919936205,-0.20205244318858137,0.00034813608159388245
handshake_clip_18,36,1,103.55354838967047,-0.20223530522994534,0.00034813608159388245
handshake_clip_18,37,1,103.51183098295287,-0.2024181672713093,0.00034813608159388245
handshake_clip_18,38,1,103.47013979300469,-0.20260102931267324,0.00034813608159388245
handshake_clip_18,39,1,103.42847483922733,-0.20278389135403718,0.00034813608159388245
handshake_clip_18,40,1,103.38683614088683,-0.20296675339540113,0.00034813608159388245
handshake_clip_18,41,1,103.34522371711397,-0.2031496154367651,0.00034813608159388245
handshake_clip_18,42,1,103.30363758690453,-0.20333247747812905,0.00034813608159388245
handshake_clip_18,43,1,103.26207776911953,-0.20351533951949302,0.00034813608159388245
handshake_clip_18,44,1,103.2205442824853,-0.20369820156085694,0.00034813608159388245
handshake_clip_18,45,1,103.17903714559381,-0.2038810636022209,0.00034813608159388245
handshake_clip_18,46,1,103.13755637690282,-0.20406392564358486,0.00034813608159388245
handshake_clip_18,47,1,103.09610199473606,-0.20424678768494883,0.00034813608159388245
handshake_clip_18,48,1,103.05467401728343,-0.20442964972631275,0.00034813608159388245
handshake_clip_18,49,1,103.01327246260134,-0.20461251176767672,0.00034813608159388245
handshake_clip_18,50,1,102.97189734861264,-0.20479537380904067,0.00034813608159388245
handshake_clip_18,51,1,102.93054869310708,-0.20497823585040464,0.00034813608159388245
handshake_clip_18,52,1,102.88922651374149,-0.2051610978917686,0.00034813608159388245
handshake_clip_18,53,1,102.84793082803978,-0.20534395993313254,0.00034813608159388245
handshake_clip_18,54,1,102.80666165339339,-0.20552682197449648,0.00034813608159388245
handshake_clip_18,55,1,102.76541900706141,-0.20570968401586043,0.00034813608159388245
handshake_clip_18,56,1,102.72420290617072,-0.2058925460572244,0.00034813608159388245
handshake_clip_18,57,1,102.68301336771633,-0.20607540809858835,0.00034813608159388245
handshake_clip_18,58,1,102.6418504085615,-0.2062582701399523,0.00034813608159388245
handshake_clip_18,59,1,102.60071404543797,-0.20644113218131624,0.00034813608159388245
handshake_clip_18,60,1,102.55960429494627,-0.2066239942226802,0.00034813608159388245
handshake_clip_18,61,1,102.5185211735557,-0.20680685626404416,0.00034813608159388245
handshake_clip_18,62,1,102.47746469760487,-0.2069897183054081,0.00034813608159388245
handshake_clip_18,63,1,102.43643488330169,-0.20717258034677205,0.00034813608159388245
handshake_clip_18,64,1,102.39543174672356,-0.20735544238813602,0.00034813608159388245
handshake_clip_18,65,1,102.3544553038178,-0.20753830442949997,0.00034813608159388245
handshake_clip_18,66,1,102.3135055704017,-0.20772116647086394,0.00034813608159388245
handshake_clip_18,67,1,102.27258256216281,-0.20790402851222786,0.00034813608159388245
handshake_clip_18,68,1,102.23168629465906,-0.20808689055359184,0.00034813608159388245
handshake_clip_18,69,1,102.19081678331919,-0.20826975259495578,0.00034813608159388245
handshake_clip_18,70,1,102.14997404344275,-0.20845261463631976,0.00034813608159388245
handshake_clip_18,71,1,102.10915809020047,-0.20863547667768367,0.00034813608159388245
handshake_clip_18,72,1,102.06836893863444,-0.20881833871904765,0.00034813608159388245
handshake_clip_18,73,1,102.0276066036583,-0.2090012007604116,0.00034813608159388245
handshake_clip_18,74,1,101.03218448694288,-0.19808484779608193,0.012432940098374316
handshake_clip_18,75,1,100.02307789348491,-0.1871684948317522,0.012432940098374317
handshake_clip_18,76,1,99.00064142906047,-0.17625214186742255,0.012432940098374317
handshake_clip_18,77,1,102.39353386231049,-0.1570110951891479,0.15764062644715848
handshake_clip_18,78,1,111.33176211970058,-0.13777004851087327,0.15764062644715848
handshake_clip_18,79,1,94.76769039948462,-0.2654160324286181,0.31089370808462174
handshake_clip_18,80,1,98.3565112206704,-0.18948216423734715,0.31089370808462174
handshake_clip_18,81,1,97.77715412322375,-0.18975012271642977,0.31089370808462174
handshake_clip_18,82,1,97.21211626866098,-0.1900180811955124,0.31089370808462174
handshake_clip_18,83,1,96.66097919667541,-0.19028603967459495,0.31089370808462174
handshake_clip_18,84,1,96.12333448614463,-0.19055399815367757,0.05282454542586029
handshake_clip_18,85,1,95.59878395716565,-0.1908219566327602,0.007084231912954699
handshake_clip_18,86,1,99.75892282591286,-0.18265020817634076,0.01739231395549097
handshake_clip_18,87,1,104.65648058379821,-0.1744784597199213,0.01739231395549102
handshake_clip_18,88,1,104.34720611352779,-0.19417573254975196,0.04397600733400092
handshake_clip_18,89,1,93.45401730878442,-0.21643006295212786,0.08886413028631926
handshake_clip_27,0,1,75.38421603685718,-0.30609542342753565,0.0
handshake_clip_27,1,1,68.23514798316674,-0.4297448422673824,0.06789062584133852
handshake_clip_27,2,1,109.0768851676256,-0.21807650209052548,0.15729428305989862
handshake_clip_27,3,1,104.138967764202,-0.27518124817595435,0.15729428305989862
handshake_clip_27,4,1,-104.54933913368465,-0.305857984431384,0.15729428305989862
handshake_clip_27,5,1,76.36072004181943,-0.2906283827230993,0.15729428305989862
handshake_clip_27,6,1,105.33409078779768,-0.2028868197893416,0.15729428305989862
handshake_clip_27,7,1,74.7008691616643,-0.30089526059433064,0.07810984439317015
handshake_clip_27,8,1,80.71032166545763,-0.3027539007207735,0.07810984439317015
handshake_clip_27,9,1,113.76432590247062,-0.22519507648712528,0.08619637402612113
handshake_clip_27,10,1,107.3562805129064,-0.16270254171604392,0.10623979193877846
handshake_clip_27,11,1,18.861593456160605,-0.40069984098670375,0.10623979193877846
handshake_clip_27,12,1,-106.14327445567905,-0.4043321247887093,0.10623979193877846
handshake_clip_27,13,1,85.73674762668912,-0.28980551020879375,0.10623979193877846
handshake_clip_27,14,1,-85.78620344331685,-0.3665944289044773,0.10623979193877846
handshake_clip_27,15,1,107.2537314298958,-0.1904399556854628,0.04710249280006737
handshake_clip_27,16,1,85.6798295930447,-0.1010841282130741,0.3221268014388035
handshake_clip_27,17,1,92.34293254527802,-0.08097975076084651,0.3221268014388035
handshake_clip_27,18,1,108.56781182666006,-0.23982024805286528,0.3221268014388035
handshake_clip_27,19,1,77.44615237703611,-0.2940998551497955,0.3221268014388035
handshake_clip_27,20,1,77.66353639628151,-0.2889082175750999,0.3221268014388035
handshake_clip_27,21,1,77.8817245742273,-0.28371658000040423,0.161308052438359
handshake_clip_27,22,1,78.10071501806856,-0.27852494242570863,0.161308052438359
handshake_clip_27,23,1,78.32050572729871,-0.27333330485101304,0.08205777075319143
handshake_clip_27,24,1,78.54109459255602,-0.2681416672763174,0.012854628077146678
handshake_clip_27,25,1,78.76247939448821,-0.26295002970162185,0.012854628077146678
handshake_clip_27,26,1,78.98465780263648,-0.25775839212692625,0.012854628077146678
handshake_clip_27,27,1,79.20762737433967,-0.2525667545522306,0.012854628077146678
handshake_clip_27,28,1,79.43138555366019,-0.247375116977535,0.012854628077146678
handshake_clip_27,29,1,79.65592967033209,-0.2421834794028394,0.012854628077146678
handshake_clip_27,30,1,79.88125693873269,-0.23699184182814378,0.012854628077146678
handshake_clip_27,31,1,80.10736445687895,-0.23180020425344816,0.012854628077146678
handshake_clip_27,32,1,80.33424920544932,-0.2266085666787526,0.012854628077146678
handshake_clip_27,33,1,80.56190804683243,-0.22141692910405697,0.012854628077146678
handshake_clip_27,34,1,80.79033772420365,-0.21622529152936137,0.012854628077146678
handshake_clip_27,35,1,81.01953486063063,-0.21103365395466575,0.012854628077146678
handshake_clip_27,36,1,81.24949595820868,-0.20584201637997013,0.012854628077146678
handshake_clip_27,37,1,81.48021739722762,-0.20065037880527453,0.012854628077146678
handshake_clip_27,38,1,81.71169543537054,-0.19545874123057894,0.012854628077146678
handshake_clip_27,39,1,81.94392620694629,-0.19026710365588334,0.012854628077146678
handshake_clip_27,40,1,82.17690572215604,-0.18507546608118772,0.012854628077146678
handshake_clip_27,41,1,82.41062986639578,-0.1798838285064921,0.012854628077146678
handshake_clip_27,42,1,82.64509439959524,-0.1746921909317965,0.012854628077146678
handshake_clip_27,43,1,82.88029495559464,-0.1695005533571009,0.012854628077146678
handshake_clip_27,44,1,83.11622704156032,-0.16430891578240528,0.012854628077146678
handshake_clip_27,45,1,83.35288603744029,-0.15911727820770968,0.012854628077146678
handshake_clip_27,46,1,83.59026719546073,-0.15392564063301406,0.012854628077146678
handshake_clip_27,47,1,83.82836563966464,-0.14873400305831844,0.012854628077146678
handshake_clip_27,48,1,84.06717636549354,-0.14354236548362287,0.012854628077146678
handshake_clip_27,49,1,84.30669423941335,-0.13835072790892725,0.012854628077146678
handshake_clip_27,50,1,84.54691399858544,-0.13315909033423165,0.012854628077146693
handshake_clip_27,51,1,114.74320250661353,-0.02084936088905915,0.07473526794023101
handshake_clip_27,52,1,106.42924419745097,-0.023713994514650925,0.07473526794023101
handshake_clip_27,53,1,90.2627263974206,-0.10578935086287797,0.09569110344863972
handshake_clip_27,54,1,88.36837265233535,-0.10135051181499574,0.09569110344863972
handshake_clip_27,55,1,86.3897867987986,-0.09691167276711352,0.09569110344863972
handshake_clip_27,56,1,84.32626113763602,-0.09247283371923129,0.09569110344863972
handshake_clip_27,57,1,82.17790640421919,-0.08803399467134906,0.09569110344863972
handshake_clip_27,58,1,79.94579508215422,-0.08359515562346685,0.014288769015403636
handshake_clip_27,59,1,77.63209929499213,-0.07915631657558463,0.014288769015403636
handshake_clip_27,60,1,75.24021360755444,-0.0747174775277024,0.014288769015403636
handshake_clip_27,61,1,72.77485146267735,-0.07027863847982017,0.014288769015403636
handshake_clip_27,62,1,76.58557187877122,-0.059944756262293425,0.014288769015403636
handshake_clip_27,63,1,80.66814375687771,-0.04961087404476667,0.014288769015403636
handshake_clip_27,64,1,85.00694935370414,-0.03927699182723991,0.014288769015403636
handshake_clip_27,65,1,89.57274646198834,-0.028943109609713163,0.014288769015403636
handshake_clip_27,66,1,86.62981855835378,-0.03129438457744975,0.0039753659129790914
handshake_clip_27,67,1,83.6799766328907,-0.03364565954518634,0.0039753659129790914
handshake_clip_27,68,1,80.7388066734641,-0.03599693451292293,0.0039753659129790914
handshake_clip_27,69,1,68.59436168786083,-0.12893245235058254,0.2782322310261072
handshake_clip_27,70,1,58.70853563536336,-0.22186797018824214,0.2782322310261072
handshake_clip_27,71,1,79.12246252930633,-0.08877089574507116,0.2782322310261072
handshake_clip_27,72,1,72.12169034388712,-0.31424441772031736,0.2782322310261072
handshake_clip_27,73,1,70.7110360472016,-0.29147482403825187,0.2782322310261072
handshake_clip_27,74,1,72.61669855240753,-0.08266801938819406,0.2782322310261072
handshake_clip_27,75,1,99.88747466104577,-0.18594362640899922,0.20300092515827217
handshake_clip_27,76,1,76.3350708735119,-0.38596886688847576,0.13731388540213707
handshake_clip_27,77,1,76.68499886906065,-0.3468491804892153,0.13731388540213707
handshake_clip_27,78,1,77.05919649097476,-0.30772949408995487,0.13731388540213707
handshake_clip_27,79,1,77.4602437867202,-0.2686098076906944,0.12969096461597118
handshake_clip_27,80,1,77.64818125854664,-0.29254364087995555,0.10375774526482928
handshake_clip_27,81,1,75.57249873794274,-0.10223694850513705,0.059507555148885394
handshake_clip_27,82,1,75.90890317487705,-0.1999355929949828,0.059507555148885394
handshake_clip_27,83,1,76.25028294254399,-0.2976342374848286,0.059507555148885394
handshake_clip_27,84,1,74.53717208032174,-0.33047086059923453,0.059507555148885394
handshake_clip_27,85,1,78.57530621077116,-0.2665774731526085,0.059507555148885394
handshake_clip_27,86,1,72.23659113258218,-0.34311324430294116,0.03257610314511518
handshake_clip_27,87,1,73.95253325447868,-0.32906981829073345,0.03257610314511518
handshake_clip_27,88,1,77.20085550922317,-0.25936185302896314,0.0321309198585405
handshake_clip_27,89,1,61.55154733027089,-0.2783524020199053,0.17096979938987186
handshake_clip_20,0,1,116.89681370139137,-0.10237867464114453,0.0
handshake_clip_20,1,1,116.89681370139137,-0.10237867464114453,0.4053842338344459
handshake_clip_20,2,1,116.89681370139137,-0.10237867464114453,0.4053842338344459
handshake_clip_20,3,1,116.89681370139137,-0.10237867464114453,0.4053842338344459
handshake_clip_20,4,1,116.89681370139137,-0.10237867464114453,0.4053842338344459
handshake_clip_20,5,1,116.89681370139137,-0.10237867464114453,0.0
handshake_clip_20,6,1,116.89681370139137,-0.10237867464114453,0.0
handshake_clip_20,7,1,116.89681370139137,-0.10237867464114453,0.0
handshake_clip_20,8,1,123.27694775578514,-0.1235354492817322,0.04532683371379521
handshake_clip_20,9,1,127.20888053311437,-0.12070534632310741,0.055640722650890866
handshake_clip_20,10,1,134.46616202102388,-0.11787524336448264,0.055640722650890866
handshake_clip_20,11,1,151.1501663183978,-0.11504514040585787,0.055640722650890866
handshake_clip_20,12,1,-163.86962845768585,-0.11221503744723307,0.055640722650890866
handshake_clip_20,13,1,-114.06982438421453,-0.1093849344886083,0.055640722650890866
handshake_clip_20,14,1,-94.85797710203255,-0.10655483152998352,0.05564072265089087
handshake_clip_20,15,1,-86.81244431538919,-0.10372472857135874,0.05564072265089087
handshake_clip_20,16,1,-82.56340886373596,-0.10089462561273396,0.05564072265089087
handshake_clip_20,17,1,-79.96380350310453,-0.09806452265410917,0.05564072265089087
handshake_clip_20,18,1,-78.21595994999961,-0.09523441969548439,0.05564072265089087
handshake_clip_20,19,1,-76.96232787185384,-0.09240431673685963,0.055640722650890866
handshake_clip_20,20,1,-76.02008888567795,-0.08957421377823484,0.055640722650890866
handshake_clip_20,21,1,101.71011714368821,-0.08122995251222238,0.25089847479267624
handshake_clip_20,22,1,131.08807437738685,-0.09856160571806065,0.5528036956427338
handshake_clip_20,23,1,112.22159339202932,-0.11633519408212574,0.5528036956427338
handshake_clip_20,24,1,-84.66411097122322,-0.10620018211293566,0.5528036956427338
handshake_clip_20,25,1,-74.59794578121901,-0.09606517014374559,0.5528036956427338
handshake_clip_20,26,1,-75.86370499864317,-0.09730329741095228,0.5528036956427338
handshake_clip_20,27,1,-77.63242071203993,-0.09854142467815898,0.31139574062057374
handshake_clip_20,28,1,-80.27148190277849,-0.09977955194536567,0.31139574062057374
handshake_clip_20,29,1,-84.60596231019329,-0.10101767921257236,0.31139574062057374
handshake_clip_20,30,1,-92.87840498021195,-0.10225580647977905,0.06057899370078302
handshake_clip_20,31,1,-112.86885670390085,-0.10349393374698575,0.06057899370078302
handshake_clip_20,32,1,-163.98745228967036,-0.10473206101419245,0.06057899370078302
handshake_clip_20,33,1,152.4175536351889,-0.10597018828139915,0.06057899370078302
handshake_clip_20,34,1,136.38817054205438,-0.10720831554860584,0.060578993700783075
handshake_clip_20,35,1,129.34810515359268,-0.10844644281581253,0.060578993700783075
handshake_clip_20,36,1,125.50872709592923,-0.10968457008301923,0.060578993700783075
handshake_clip_20,37,1,123.11187338837325,-0.11092269735022592,0.060578993700783075
handshake_clip_20,38,1,131.97409543723867,-0.1118699324496219,0.14038643556153818
handshake_clip_20,39,1,-171.87815010163547,-0.11281716754901788,0.14038643556153818
handshake_clip_20,40,1,-90.29155008269794,-0.11376440264841389,0.1403864355615383
handshake_clip_20,41,1,-78.62946221581757,-0.11471163774780987,0.1403864355615383
handshake_clip_20,42,1,-74.75406088946167,-0.11565887284720586,0.1403864355615383
handshake_clip_20,43,1,-74.26860064201198,-0.11640813795822659,0.1403864355615383
handshake_clip_20,44,1,-73.77443677060825,-0.1171574030692473,0.1403864355615383
handshake_clip_20,45,1,-73.27140861862749,-0.11790666818026803,0.14038643556153818
handshake_clip_20,46,1,-72.75935518186658,-0.11865593329128876,0.14038643556153813
handshake_clip_20,47,1,-72.23811539549727,-0.11940519840230947,0.0016297061383767739
handshake_clip_20,48,1,-71.70752844789375,-0.1201544635133302,0.0016297061383767739
handshake_clip_20,49,1,-71.7240795608876,-0.11744342763474382,0.003381271531582329
handshake_clip_20,50,1,-71.74094085782177,-0.11473239175615742,0.003381271531582329
handshake_clip_20,51,1,-71.75812113789557,-0.11202135587757103,0.003381271531582329
handshake_clip_20,52,1,-71.77562953618538,-0.10931031999898465,0.003381271531582329
handshake_clip_20,53,1,-71.7934755398198,-0.10659928412039826,0.003381271531582329
handshake_clip_20,54,1,-71.81166900509756,-0.10388824824181186,0.003381271531582329
handshake_clip_20,55,1,-71.83022017561439,-0.10117721236322548,0.003381271531582329
handshake_clip_20,56,1,-79.27278507829286,-0.08446438921851745,0.009170005549784664
handshake_clip_20,57,1,-75.70522426023159,-0.07385901841176169,0.056024651499293934
handshake_clip_20,58,1,-70.57811048006977,-0.06325364760500592,0.05602465149929396
handshake_clip_20,59,1,-62.75596935795145,-0.05264827679825015,0.05602465149929396
handshake_clip_20,60,1,-50.06769218921664,-0.04204290599149438,0.05602465149929396
handshake_clip_20,61,1,-29.265409085994026,-0.03143753518473861,0.05602465149929396
handshake_clip_20,62,1,-0.8866759379644467,-0.02083216437798284,0.05602465149929396
handshake_clip_20,63,1,24.594803351227846,-0.010226793571227072,0.05602465149929396
handshake_clip_20,64,1,41.10490279909698,0.00037857723552869746,0.05602465149929396
handshake_clip_20,65,1,51.094144976993384,0.010983948042284466,0.05602465149929396
handshake_clip_20,66,1,57.42766672500689,0.021589318849040237,0.05602465149929396
handshake_clip_20,67,1,61.70513867189102,0.03219468965579599,0.05602465149929396
handshake_clip_20,68,1,65.99322363394927,-0.0035029207956286316,0.05602465149929396
handshake_clip_20,69,1,70.47832388704117,-0.03920053124705326,0.05602465149929396
handshake_clip_20,70,1,75.11611657917534,-0.07489814169847787,0.05602465149929396
handshake_clip_20,71,1,79.85138434063397,-0.1105957521499025,0.05602465149929396
handshake_clip_20,72,1,84.62137208384577,-0.14629336260132714,0.013716240060881523
handshake_clip_20,73,1,89.3605274449664,-0.18199097305275175,0.013716240060881523
handshake_clip_20,74,1,94.00578508487973,-0.2176885835041764,0.013716240060881523
handshake_clip_20,75,1,98.50136665457508,-0.253386193955601,0.013716240060881523
handshake_clip_20,76,1,102.8022363629021,-0.2890838044070256,0.013716240060881523
handshake_clip_20,77,1,106.87578805217619,-0.32478141485845025,0.013716240060881523
handshake_clip_20,78,1,110.70183129132381,-0.36047902530987486,0.013716240060881523
handshake_clip_20,79,1,107.73000231684706,-0.32045741830346186,0.045366587934931354
handshake_clip_20,80,1,103.84680272988777,-0.28043581129704886,0.045366587934931354
handshake_clip_20,81,1,98.61614594404782,-0.2404142042906358,0.045366587934931354
handshake_clip_20,82,1,91.34355179461687,-0.20039259728422282,0.0453665879349314
handshake_clip_20,83,1,80.9831943349727,-0.16037099027780982,0.0453665879349314
handshake_clip_20,84,1,66.33245917141657,-0.1203493832713968,0.0453665879349314
handshake_clip_20,85,1,47.3179079322924,-0.08032777626498379,0.0453665879349314
handshake_clip_20,86,1,26.993551239614796,-0.0403061692585708,0.0453665879349314
handshake_clip_20,87,1,26.993551239614796,-0.0403061692585708,0.045366587934931354
handshake_clip_20,88,1,26.993551239614796,-0.0403061692585708,0.045366587934931354
handshake_clip_20,89,1,26.993551239614796,-0.0403061692585708,0.045366587934931354
handshake_clip_29,0,1,32.044753673046195,-0.009151515300381136,0.0
handshake_clip_29,1,1,32.044753673046195,-0.009151515300381136,0.3412052398196331
handshake_clip_29,2,1,32.044753673046195,-0.009151515300381136,0.3412052398196331
handshake_clip_29,3,1,32.044753673046195,-0.009151515300381136,0.3412052398196331
handshake_clip_29,4,1,32.044753673046195,-0.009151515300381136,0.3412052398196331
handshake_clip_29,5,1,32.044753673046195,-0.009151515300381136,0.0
handshake_clip_29,6,1,32.044753673046195,-0.009151515300381136,0.0
handshake_clip_29,7,1,32.044753673046195,-0.009151515300381136,0.0
handshake_clip_29,8,1,32.044753673046195,-0.009151515300381136,0.0
handshake_clip_29,9,1,32.044753673046195,-0.009151515300381136,0.0
handshake_clip_29,10,1,32.044753673046195,-0.009151515300381136,0.0
handshake_clip_29,11,1,32.044753673046195,-0.009151515300381136,0.0
handshake_clip_29,12,1,32.044753673046195,-0.009151515300381136,0.0
handshake_clip_29,13,1,32.044753673046195,-0.009151515300381136,0.0
handshake_clip_29,14,1,32.044753673046195,-0.009151515300381136,0.0
handshake_clip_29,15,1,32.044753673046195,-0.009151515300381136,0.0
handshake_clip_29,16,1,32.044753673046195,-0.009151515300381136,0.0
handshake_clip_29,17,1,73.67791154027724,-0.03785751621354723,0.010873889063022894
handshake_clip_29,18,1,86.7586364292575,-0.06656351712671332,0.010873889063022894
handshake_clip_29,19,1,92.42381057050666,-0.09526951803987943,0.010873889063022894
handshake_clip_29,20,1,95.5252777264187,-0.12397551895304552,0.010873889063022894
handshake_clip_29,21,1,95.07888905659784,-0.053413329846790626,0.7829451930245934
handshake_clip_29,22,1,112.28947556490914,-0.31105237831724253,0.7829451930245934
handshake_clip_29,23,1,106.86678634222464,-0.32276651490803937,0.7829451930245934
handshake_clip_29,24,1,97.04734028478308,-0.052275827821731,0.7829451930245934
handshake_clip_29,25,1,93.54956748949455,-0.10596551025256669,0.7829451930245934
handshake_clip_29,26,1,148.7319527505471,-0.027018378734773217,0.7003866659098394
handshake_clip_29,27,1,113.73945766219485,-0.3063954758343357,0.7003866659098394
handshake_clip_29,28,1,97.70961023091246,-0.054941895976895624,0.7003866659098394
handshake_clip_29,29,1,98.31172434100347,-0.048889495709147406,0.7003866659098394
handshake_clip_29,30,1,112.7978084525507,-0.3524765016771312,0.6352327524311804
handshake_clip_29,31,1,110.34687488158738,-0.3391954585455039,0.6352327524311804
handshake_clip_29,32,1,107.78239096344605,-0.32591441541387667,0.6352327524311804
handshake_clip_29,33,1,98.85617873839374,-0.04906038986902672,0.6792749078405326
handshake_clip_29,34,1,114.38897477219167,-0.24055618041825255,0.6792749078405326
handshake_clip_29,35,1,118.97393197670499,-0.31169677806738605,0.6792749078405326
handshake_clip_29,36,1,98.6939581821505,-0.050395072878899265,0.6792749078405326
handshake_clip_29,37,1,105.05768439259963,-0.30739046022881666,0.6792749078405326
handshake_clip_29,38,1,97.86769109291461,-0.04869155275412132,0.6670540093721533
handshake_clip_29,39,1,98.33278353352088,-0.05093268786532689,0.6670540093721533
handshake_clip_29,40,1,100.21298604620685,-0.04505789274904251,0.6670540093721533
handshake_clip_29,41,1,98.30073852312421,-0.05519139076314157,0.6670540093721533
handshake_clip_29,42,1,105.07630939975138,-0.2713336971848434,0.7089146227120695
handshake_clip_29,43,1,107.03189055942944,-0.13715307162397036,0.7089146227120695
handshake_clip_29,44,1,37.04194642514899,-0.007498840921760582,0.7089146227120695
handshake_clip_29,45,1,47.977662031856646,-0.011327490419198161,0.7089146227120695
handshake_clip_29,46,1,106.38718077428712,-0.18442806270729756,0.7089146227120695
handshake_clip_29,47,1,101.93661761894583,-0.26969382313029655,0.15287524876791975
handshake_clip_29,48,1,106.29111469871839,-0.2662671618784316,0.1465524578735655
handshake_clip_29,49,1,98.32340341639913,-0.04976150841284259,0.6769933394941857
handshake_clip_29,50,1,37.0740510381697,-0.012383120883431076,0.6769933394941857
handshake_clip_29,51,1,107.74118774532376,-0.13179427043237976,0.6769933394941857
handshake_clip_29,52,1,88.23291575205933,-0.0826377420025608,0.6769933394941857
handshake_clip_29,53,1,38.26624961467174,-0.00924581936725132,0.6769933394941857
handshake_clip_29,54,1,98.69153180806615,-0.04926568144577451,0.6710937791102817
handshake_clip_29,55,1,106.96940205908929,-0.3428277588477613,0.676084246307923
handshake_clip_29,56,1,98.67960507812468,-0.18010227913184804,0.676084246307923
handshake_clip_29,57,1,48.97035975567094,-0.017376799415934775,0.676084246307923
handshake_clip_29,58,1,172.78590213175787,-0.03502080603439594,0.676084246307923
handshake_clip_29,59,1,112.76632994488861,-0.24725043347484643,0.676084246307923
handshake_clip_29,60,1,104.26054337924506,-0.2545201329856468,0.3510811030745497
handshake_clip_29,61,1,90.56165431551935,-0.02275960292450555,0.3752009152544372
handshake_clip_29,62,1,62.800472632993326,-0.0292358432052424,0.3752009152544372
handshake_clip_29,63,1,73.2671757237021,-0.14156967678445648,0.3752009152544372
handshake_clip_29,64,1,105.54480583742641,-0.28148821430642096,0.4037889849709772
handshake_clip_29,65,1,99.06560035322653,-0.1583860215599983,0.4037889849709772
handshake_clip_29,66,1,75.62778144815093,-0.0352838288135757,0.4037889849709772
handshake_clip_29,67,1,73.49887695234001,-0.04249359850933836,0.4037889849709772
handshake_clip_29,68,1,112.8256845553705,-0.04282330381260376,0.4037889849709772
handshake_clip_29,69,1,72.15235816014459,-0.14367901463336347,0.32647223785629087
handshake_clip_29,70,1,72.15235816014459,-0.14367901463336347,0.32647223785629087
handshake_clip_29,71,1,72.15235816014459,-0.14367901463336347,0.32647223785629087
handshake_clip_29,72,1,72.15235816014459,-0.14367901463336347,0.32647223785629087
handshake_clip_29,73,1,72.15235816014459,-0.14367901463336347,0.08833252656192135
handshake_clip_29,74,1,72.15235816014459,-0.14367901463336347,0.0
handshake_clip_29,75,1,72.15235816014459,-0.14367901463336347,0.0
handshake_clip_29,76,1,72.15235816014459,-0.14367901463336347,0.0
handshake_clip_29,77,1,72.15235816014459,-0.14367901463336347,0.0
handshake_clip_29,78,1,72.15235816014459,-0.14367901463336347,0.0
handshake_clip_29,79,1,72.15235816014459,-0.14367901463336347,0.0
handshake_clip_29,80,1,72.15235816014459,-0.14367901463336347,0.0
handshake_clip_29,81,1,72.15235816014459,-0.14367901463336347,0.0
handshake_clip_29,82,1,72.15235816014459,-0.14367901463336347,0.0
handshake_clip_29,83,1,72.15235816014459,-0.14367901463336347,0.0
handshake_clip_29,84,1,72.15235816014459,-0.14367901463336347,0.0
handshake_clip_29,85,1,72.15235816014459,-0.14367901463336347,0.0
handshake_clip_29,86,1,72.15235816014459,-0.14367901463336347,0.0
handshake_clip_29,87,1,72.15235816014459,-0.14367901463336347,0.0
handshake_clip_29,88,1,72.15235816014459,-0.14367901463336347,0.0
handshake_clip_29,89,1,72.15235816014459,-0.14367901463336347,0.0
handshake_clip_16,0,1,91.71576091151687,-0.04271401172229615,0.0
handshake_clip_16,1,1,91.71576091151687,-0.04271401172229615,0.11955780951731955
handshake_clip_16,2,1,91.71576091151687,-0.04271401172229615,0.11955780951731955
handshake_clip_16,3,1,91.71576091151687,-0.04271401172229615,0.11955780951731955
handshake_clip_16,4,1,91.71576091151687,-0.04271401172229615,0.11955780951731955
handshake_clip_16,5,1,92.28329437061016,-0.042470276476642234,0.0033485099051092032
handshake_clip_16,6,1,92.85932430760957,-0.04222654123098833,0.0033485099051092588
handshake_clip_16,7,1,93.44392387974504,-0.041982805985334416,0.0033485099051092588
handshake_clip_16,8,1,92.28593527341287,-0.03995249565813445,0.00899867757905075
handshake_clip_16,9,1,-86.52344360210644,-0.08853787079040386,0.17394964494432066
handshake_clip_16,10,1,102.54728771027084,-0.06066463905516169,0.17394964494432066
handshake_clip_16,11,1,103.73713142313804,-0.0509359265106752,0.17394964494432066
handshake_clip_16,12,1,104.9919589294428,-0.04120721396618872,0.17394964494432066
handshake_clip_16,13,1,106.31593575508154,-0.031478501421702235,0.17394964494432066
handshake_clip_16,14,1,105.12797264443569,-0.025532373349817485,0.08195551561324807
handshake_clip_16,15,1,103.38666125300306,-0.01958624527793273,0.06957693716037179
handshake_clip_16,16,1,100.59536582966263,-0.01364011720604798,0.06957693716037182
handshake_clip_16,17,1,99.54243179537445,-0.025357779680859924,0.06957693716037182
handshake_clip_16,18,1,92.64881611450309,-0.03824350779772076,0.09036217259788912
handshake_clip_16,19,1,88.69475011283224,-0.05112923591458159,0.09036217259788913
handshake_clip_16,20,1,107.35937260443829,-0.03804452584755409,0.16613215282946728
handshake_clip_16,21,1,175.81456636094887,-0.024959815780526584,0.16613215282946728
handshake_clip_16,22,1,93.75453396943968,-0.02702928555576271,0.37231260715999126
handshake_clip_16,23,1,91.91551944148036,-0.024060413095988,0.37231260715999126
handshake_clip_16,24,1,155.82376344624228,-0.031046699233260488,0.37231260715999126
handshake_clip_16,25,1,145.75188066238334,-0.012071675852055787,0.37231260715999126
handshake_clip_16,26,1,98.98427855437393,-0.027962422416511118,0.4182396516340678
handshake_clip_16,27,1,90.73127746244883,-0.02663744908181794,0.4182396516340678
handshake_clip_16,28,1,92.75118000578489,-0.024217685938026527,0.4182396516340678
handshake_clip_16,29,1,99.27926268789167,-0.02757233756500448,0.4182396516340678
handshake_clip_16,30,1,97.54079610244744,-0.022753237437669313,0.4182396516340678
handshake_clip_16,31,1,95.68201564570678,-0.02460631354544296,0.017528771067646446
handshake_clip_16,32,1,93.7560430156127,-0.02645938965321661,0.017528771067646446
handshake_clip_16,33,1,91.76375576193497,-0.028312465760990255,0.01497908761982448
handshake_clip_16,34,1,88.28887541899164,-0.02683711172238285,0.02461396886204313
handshake_clip_16,35,1,92.78059693879429,-0.020232855475910572,0.02461396886204313
handshake_clip_16,36,1,93.27814682518387,-0.02399697562881892,0.02461396886204313
handshake_clip_16,37,1,94.41098406038252,-0.027618028255922408,0.02461396886204313
handshake_clip_16,38,1,92.35718953155884,-0.025196084213710803,0.02461396886204313
handshake_clip_16,39,1,90.43691977235386,-0.029440174794913777,0.013428069134991118
handshake_clip_16,40,1,99.33481652086125,-0.027318614386800236,0.013975356154791688
handshake_clip_16,41,1,89.90800667978046,-0.021362607498616626,0.013975356154791688
handshake_clip_16,42,1,-177.31571329592146,-0.015922636370214058,0.40066738443469324
handshake_clip_16,43,1,94.0291103808959,-0.020933813008717453,0.40066738443469324
handshake_clip_16,44,1,99.35916054043443,-0.02177691298632563,0.40066738443469324
handshake_clip_16,45,1,94.0502318806829,-0.028079543410473896,0.40066738443469324
handshake_clip_16,46,1,91.85902618275753,-0.028918436238928473,0.40066738443469324
handshake_clip_16,47,1,155.77093614662903,-0.012944519700388471,0.3858397944908911
handshake_clip_16,48,1,169.25352342815515,-0.022427738286957228,0.3858397944908911
handshake_clip_16,49,1,105.68941629606017,-0.026129542541568112,0.39596930992766677
handshake_clip_16,50,1,101.09361818655452,-0.024941462350263052,0.39596930992766677
handshake_clip_16,51,1,97.69624795100461,-0.029002285139646297,0.39596930992766677
handshake_clip_16,52,1,94.5062776943798,-0.03306310792902954,0.39596930992766677
handshake_clip_16,53,1,102.05557241370649,-0.0263002021972127,0.39596930992766677
handshake_clip_16,54,1,100.31577669301493,-0.024940648996007966,0.03562108676991369
handshake_clip_16,55,1,114.24298762200407,-0.02796467823123544,0.3957617645452699
handshake_clip_16,56,1,144.73574824395104,-0.022576026634414537,0.3957617645452699
handshake_clip_16,57,1,92.51087433123504,-0.02106774399281614,0.3957617645452699
handshake_clip_16,58,1,94.70889701851304,-0.028568780278129962,0.3957617645452699
handshake_clip_16,59,1,89.11828661903026,-0.026115696599020955,0.3957617645452699
handshake_clip_16,60,1,96.99148582033993,-0.026595939048078776,0.39111088614438555
handshake_clip_16,61,1,92.40735207206245,-0.02447061306003204,0.39111088614438555
handshake_clip_16,62,1,94.86946055983655,-0.02719227246785036,0.027308301228537345
handshake_clip_16,63,1,113.49001518574389,-0.028065955118279272,0.38905901472156984
handshake_clip_16,64,1,115.47577322539975,-0.040121229978794255,0.38905901472156984
handshake_clip_16,65,1,101.72202943548452,-0.03171441532064628,0.38905901472156984
handshake_clip_16,66,1,97.70801965706708,-0.023307600662498314,0.38905901472156984
handshake_clip_16,67,1,102.40962190230756,-0.02194021179675324,0.38905901472156984
handshake_clip_16,68,1,90.17571181191815,-0.02385259442962342,0.19752325381493038
handshake_clip_16,69,1,94.34757591506043,-0.034987286859708464,0.19752325381493038
handshake_clip_16,70,1,96.75577363966113,-0.04612197928979351,0.19752325381493036
handshake_clip_16,71,1,112.30129103114795,-0.02578729253586418,0.153042844758366
handshake_clip_16,72,1,99.04620492070042,-0.03845154940301617,0.153042844758366
handshake_clip_16,73,1,91.02840821169546,-0.05111580627016816,0.153042844758366
handshake_clip_16,74,1,92.64533058409204,-0.046126935730249785,0.153042844758366
handshake_clip_16,75,1,94.33650596571974,-0.04113806519033141,0.153042844758366
handshake_clip_16,76,1,96.10401406610615,-0.03614919465041304,0.05620254606172181
handshake_clip_16,77,1,101.55246970415054,-0.03293628441458545,0.12661587036065802
handshake_clip_16,78,1,100.3840530558258,-0.032380491837317324,0.12661587036065802
handshake_clip_16,79,1,99.5838524455892,-0.0318246992600492,0.12661587036065802
handshake_clip_16,80,1,101.61361547481778,-0.028715731522383974,0.12661587036065802
handshake_clip_16,81,1,103.79995625456566,-0.02560676378471875,0.12661587036065802
handshake_clip_16,82,1,106.15456759458499,-0.02249779604705352,0.06257788365786152
handshake_clip_16,83,1,108.68872671669543,-0.019388828309388297,0.06257788365786152
handshake_clip_16,84,1,111.41267512878647,-0.01627986057172307,0.007937883463244548
handshake_clip_16,85,1,100.68249453736324,-0.02901248351055758,0.016811853514526055
handshake_clip_16,86,1,91.54040398670041,-0.04174510644939209,0.016811853514526097
handshake_clip_16,87,1,94.9343902853734,-0.04247723602527025,0.016811853514526097
handshake_clip_16,88,1,94.9343902853734,-0.04247723602527025,0.016811853514526097
handshake_clip_16,89,1,94.9343902853734,-0.04247723602527025,0.016811853514526097
handshake_clip_11,0,1,14.174559381072637,-0.016605220853287812,0.0
handshake_clip_11,1,1,163.53765373423144,-0.027826499081645428,0.3407660212686775
handshake_clip_11,2,1,164.79551348578218,-0.03904777731000304,0.3407660212686775
handshake_clip_11,3,1,179.5648054408485,-0.02850913937355414,0.3407660212686775
handshake_clip_11,4,1,-59.61007564444816,-0.01719284033188654,0.3407660212686775
handshake_clip_11,5,1,150.86396243699642,-0.01882166926273495,0.261975210743462
handshake_clip_11,6,1,-138.60743468796863,-0.022279774404992684,0.261975210743462
handshake_clip_11,7,1,-148.96046613937403,-0.01740042291671519,0.261975210743462
handshake_clip_11,8,1,-146.32838259890622,-0.009150118521826926,0.261975210743462
handshake_clip_11,9,1,-165.49812090238683,-0.03315672029711433,0.26100367628431737
handshake_clip_11,10,1,-46.836663945353436,-0.026513598819903433,0.26100367628431737
handshake_clip_11,11,1,-19.43190632666317,-0.01987047734269254,0.26100367628431737
handshake_clip_11,12,1,29.91113216456445,-0.016023646540162355,0.26100367628431737
handshake_clip_11,13,1,50.351887823725285,-0.019551689374414562,0.26100367628431737
handshake_clip_11,14,1,90.00137658541902,-0.023079732208666777,0.07612523542392954
handshake_clip_11,15,1,127.16901062399033,-0.026607775042918985,0.07612523542392949
handshake_clip_11,16,1,132.44035134726917,-0.028246276726573375,0.28599965196154775
handshake_clip_11,17,1,123.19089897984311,-0.03602039930107725,0.28599965196154775
handshake_clip_11,18,1,1.7710041012327673,-0.03642708198418623,0.28599965196154775
handshake_clip_11,19,1,40.19266039413923,-0.024681434916104125,0.28599965196154775
handshake_clip_11,20,1,171.63514307277597,-0.01405527477229635,0.31442297550574383
handshake_clip_11,21,1,145.57494076032128,-0.01974011653455668,0.31442297550574383
handshake_clip_11,22,1,150.2534837761621,-0.03091213781989129,0.31442297550574383
handshake_clip_11,23,1,133.72970484799572,-0.031654624599155315,0.31442297550574383
handshake_clip_11,24,1,-160.80932113764132,-0.013038082905552457,0.31442297550574383
handshake_clip_11,25,1,161.91467915079184,-0.02204973291448374,0.06671616384195436
handshake_clip_11,26,1,114.987227194832,-0.03257733087711039,0.08907543406617557
handshake_clip_11,27,1,126.23663374095213,-0.030436246540713023,0.08907543406617557
handshake_clip_11,28,1,-136.344629145405,-0.013387514420994482,0.08907543406617557
handshake_clip_11,29,1,-176.97260909242186,-0.014483084301595207,0.08907543406617557
handshake_clip_11,30,1,136.34039476254557,-0.027279215678182887,0.08907543406617557
handshake_clip_11,31,1,144.78464031327695,-0.02568783022008417,0.02391807006835261
handshake_clip_11,32,1,151.6886860331232,-0.0263949466507895,0.02391807006835261
handshake_clip_11,33,1,147.56900712042497,-0.026037483679075896,0.02391807006835261
handshake_clip_11,34,1,121.74415058157034,-0.029876930523938534,0.02391807006835261
handshake_clip_11,35,1,78.00501217590457,-0.08172574834699724,0.34500818505933695
handshake_clip_11,36,1,131.7966835581181,-0.026320583528633517,0.34500818505933695
handshake_clip_11,37,1,79.43260222451795,-0.08502304800472865,0.34500818505933695
handshake_clip_11,38,1,147.8797507527201,-0.023150518647859948,0.34500818505933695
handshake_clip_11,39,1,40.750375659582424,-0.03322475378112693,0.34500818505933695
handshake_clip_11,40,1,168.44654613424953,-0.026053228338248854,0.3335570615193101
handshake_clip_11,41,1,143.89001697242045,-0.02814524071189515,0.3311093610185855
handshake_clip_11,42,1,167.91846967283945,-0.014430352972865918,0.3290533155006683
handshake_clip_11,43,1,145.83009857594013,-0.028692406224461557,0.3290533155006683
handshake_clip_11,44,1,126.60322820290224,-0.02797189304552452,0.3290533155006683
handshake_clip_11,45,1,80.25605990940721,-0.08761304080385908,0.3367854074225017
handshake_clip_11,46,1,131.26991293983085,-0.03285640326842017,0.34223257556800146
handshake_clip_11,47,1,165.89797724727467,-0.011677648960255006,0.34223257556800146
handshake_clip_11,48,1,170.24077693978634,-0.011967238065032838,0.34223257556800146
handshake_clip_11,49,1,145.78244664446444,-0.027941252000047666,0.34223257556800146
handshake_clip_11,50,1,114.61185317338463,-0.02926223461358282,0.34223257556800146
handshake_clip_11,51,1,162.01146722988568,-0.02730217174032384,0.03278335751358023
handshake_clip_11,52,1,158.26558045112085,-0.026264901244501947,0.03115987203969268
handshake_clip_11,53,1,145.4213373478924,-0.031935856767982586,0.03115987203969268
handshake_clip_11,54,1,170.67242153567966,-0.020497725215804462,0.007686126905148041
handshake_clip_11,55,1,159.29831025102288,-0.019812868305592618,0.04151380279585702
handshake_clip_11,56,1,-176.10292071020964,-0.014062906703584142,0.04151380279585702
handshake_clip_11,57,1,139.38014624124887,-0.02635021133901096,0.07523454986945662
handshake_clip_11,58,1,138.7225891053235,-0.02642289865916849,0.07523454986945662
handshake_clip_11,59,1,144.83520547360143,-0.02402400579462762,0.07523454986945662
handshake_clip_11,60,1,167.46681789542697,-0.019432519370891205,0.07523454986945662
handshake_clip_11,61,1,143.68227539180842,-0.027254225884329124,0.07523454986945662
handshake_clip_11,62,1,148.74444399674633,-0.026714810127844033,0.025480037129052585
handshake_clip_11,63,1,154.04788819248273,-0.02064071906232811,0.06658227840640485
handshake_clip_11,64,1,173.42562271309177,-0.012932088069717856,0.06658227840640485
handshake_clip_11,65,1,157.3192742287364,-0.029605966147165406,0.06658227840640485
handshake_clip_11,66,1,121.91210090070557,-0.026699369061354585,0.06658227840640485
handshake_clip_11,67,1,127.241388776165,-0.031694376387985536,0.06658227840640485
handshake_clip_11,68,1,143.0129723488745,-0.028109145617715752,0.05257121988175881
handshake_clip_11,69,1,163.00769788835493,-0.01674013116722499,0.060690576970913
handshake_clip_11,70,1,50.836319377074005,-0.03804054727976335,0.31559884468465355
handshake_clip_11,71,1,131.4525377314066,-0.030608312262266676,0.3710140639537554
handshake_clip_11,72,1,157.5053384691091,-0.023779999574031752,0.3710140639537554
handshake_clip_11,73,1,163.45586803048076,-0.01901065555590262,0.3710140639537554
handshake_clip_11,74,1,94.14073570913715,-0.02723969056335384,0.3710140639537554
handshake_clip_11,75,1,137.42124613519633,-0.022963404500145196,0.3710140639537554
handshake_clip_11,76,1,-173.50914142202853,-0.01868711843693655,0.038346337890594266
handshake_clip_11,77,1,156.4938054630198,-0.031501064361034246,0.04238191807671618
handshake_clip_11,78,1,146.3453185791399,-0.03159288782807933,0.04238191807671618
handshake_clip_11,79,1,158.30847089338744,-0.021094596427001712,0.04238191807671618
handshake_clip_11,80,1,135.01279815274697,-0.021125014362508954,0.04238191807671618
handshake_clip_11,81,1,-158.3322147616838,-0.02039241523160126,0.04238191807671618
handshake_clip_11,82,1,138.18272381260823,-0.020762836336906707,0.040835787092589136
handshake_clip_11,83,1,139.70311413496472,-0.028304719696655895,0.040835787092589136
handshake_clip_11,84,1,-134.5318868826172,-0.01534666061142783,0.022847222479037862
handshake_clip_11,85,1,132.76335266205936,-0.02384180356690275,0.025539203608976473
handshake_clip_11,86,1,146.44161657790812,-0.026625931652459238,0.04159985718860124
handshake_clip_11,87,1,-139.239821612333,-0.010585158401902078,0.04159985718860124
handshake_clip_11,88,1,122.03809706994866,-0.02463731489577812,0.04159985718860124
handshake_clip_11,89,1,148.9266872078235,-0.023209114898222062,0.04159985718860124
handshake_clip_4,0,1,77.6488496801085,-0.12199313499630189,0.0
handshake_clip_4,1,1,-15.747357349111955,-0.02104931519278349,0.5639511331424559
handshake_clip_4,2,1,173.32139260777964,-0.023630295262193998,0.5639511331424559
handshake_clip_4,3,1,166.2688402359751,-0.02322724495547842,0.5639511331424559
handshake_clip_4,4,1,25.97599606736093,-0.041787235486964294,0.5639511331424559
handshake_clip_4,5,1,78.03344695529742,-0.08035739859033693,0.5639511331424559
handshake_clip_4,6,1,155.9523335383245,-0.02550918094084408,0.41181966232136297
handshake_clip_4,7,1,53.81676211970158,-0.1156876342681414,0.41181966232136297
handshake_clip_4,8,1,63.963925914337274,-0.069799362070924,0.41181966232136297
handshake_clip_4,9,1,173.45513812830694,-0.023911089873706624,0.41181966232136297
handshake_clip_4,10,1,-20.516166768340526,-0.02585940851270145,0.35186654652686805
handshake_clip_4,11,1,1.135549656352186,-0.03053800393878695,0.32549829312740225
handshake_clip_4,12,1,30.78500854057228,-0.035216599364872446,0.15926993267948603
handshake_clip_4,13,1,-5.750732793390557,-0.03113831773794118,0.159269932679486
handshake_clip_4,14,1,7.084506277446941,-0.028771341312065598,0.1255699170960932
handshake_clip_4,15,1,72.42603993211388,-0.026404364886190017,0.1255699170960932
handshake_clip_4,16,1,78.1314107747788,-0.09446070295241779,0.36204430045436026
handshake_clip_4,17,1,77.73468938438752,-0.12841136346456494,0.36204430045436026
handshake_clip_4,18,1,169.53137670713122,-0.0332102571601637,0.36204430045436026
handshake_clip_4,19,1,162.4277996542817,-0.030477372410828638,0.36204430045436026
handshake_clip_4,20,1,-0.28922086674231406,-0.027744487661493577,0.36204430045436026
handshake_clip_4,21,1,-141.20117547206834,-0.020703887739628585,0.3936270059733973
handshake_clip_4,22,1,76.51514979351715,-0.09055345241047515,0.43854682179498017
handshake_clip_4,23,1,76.64152563357355,-0.08987546881515121,0.43854682179498017
handshake_clip_4,24,1,-24.9017123565625,-0.018141366927949303,0.535215444705212
handshake_clip_4,25,1,88.17076574646981,-0.030384007262938394,0.535215444705212
handshake_clip_4,26,1,76.00363355489294,-0.09462368450158462,0.535215444705212
handshake_clip_4,27,1,77.5363768491951,-0.13679074113939288,0.535215444705212
handshake_clip_4,28,1,24.666248678841487,-0.02701874186109871,0.535215444705212
handshake_clip_4,29,1,-38.50525067836571,-0.02696853675532642,0.41883865658924196
handshake_clip_4,30,1,78.33572233569107,-0.1472769349801552,0.41883865658924196
handshake_clip_4,31,1,77.32866034533689,-0.10362975427632644,0.41883865658924196
handshake_clip_4,32,1,71.62804001629652,-0.07458246541355604,0.41883865658924196
handshake_clip_4,33,1,118.8345411636546,-0.06107915983139376,0.40903531121483766
handshake_clip_4,34,1,78.02873301519367,-0.10092618290153155,0.40903531121483766
handshake_clip_4,35,1,77.17837276286184,-0.10644664275882572,0.3204735870835126
handshake_clip_4,36,1,121.80007697866286,-0.06619001881416146,0.3204735870835126
handshake_clip_4,37,1,74.64188972515812,-0.08612696117855019,0.3204735870835126
handshake_clip_4,38,1,-125.94470579591801,-0.04357117386462047,0.3744604695354249
handshake_clip_4,39,1,71.9054947150295,-0.18921613920542768,0.3744604695354249
handshake_clip_4,40,1,72.11694931437293,-0.1830585993006082,0.3744604695354249
handshake_clip_4,41,1,-25.295697581289097,-0.01797784687299496,0.3744604695354249
handshake_clip_4,42,1,125.85292628805992,-0.03262556344574818,0.3744604695354249
handshake_clip_4,43,1,77.03417113436089,-0.11809053203040774,0.5119915364156422
handshake_clip_4,44,1,76.76692761921151,-0.09868346315253967,0.5119915364156422
handshake_clip_4,45,1,77.547413806441,-0.12026855276246799,0.5119915364156422
handshake_clip_4,46,1,78.47046262457386,-0.1347530476375737,0.5119915364156422
handshake_clip_4,47,1,84.25363127355683,-0.0820156499183721,0.5119915364156422
handshake_clip_4,48,1,145.89381877399484,-0.02927825219917048,0.26078066917197007
handshake_clip_4,49,1,70.10300140081158,-0.05391437569629428,0.3521367553009984
handshake_clip_4,50,1,76.70634285711142,-0.12304893282895077,0.3521367553009984
handshake_clip_4,51,1,78.29091458738462,-0.10265427258748616,0.3521367553009984
handshake_clip_4,52,1,77.71305059386994,-0.12217487783884451,0.3521367553009984
handshake_clip_4,53,1,77.2159605371163,-0.10826567742944342,0.3521367553009984
handshake_clip_4,54,1,47.0737122654553,-0.06931843236903745,0.19701735895409248
handshake_clip_4,55,1,46.08290794026884,-0.04980442197532042,0.16979047140501158
handshake_clip_4,56,1,38.31501491604481,-0.030290411581603394,0.16979047140501158
handshake_clip_4,57,1,78.25967333112722,-0.14021942471440238,0.38221179131378796
handshake_clip_4,58,1,76.90332107957131,-0.1173380760747733,0.38221179131378796
handshake_clip_4,59,1,-46.90311207530769,-0.012524463043234799,0.4314029715175147
handshake_clip_4,60,1,75.50927042045163,-0.06988077642627383,0.4314029715175147
handshake_clip_4,61,1,77.48578986095048,-0.12723708980931286,0.4314029715175147
handshake_clip_4,62,1,77.87977343286647,-0.12191957312148814,0.4314029715175147
handshake_clip_4,63,1,-19.19915863973899,-0.027690491225200693,0.4314029715175147
handshake_clip_4,64,1,-29.154122959148687,-0.02899759834178894,0.3981467161097727
handshake_clip_4,65,1,78.23189850655001,-0.10226305920828335,0.42084947275200685
handshake_clip_4,66,1,77.18005751462935,-0.12698734800251538,0.42084947275200685
handshake_clip_4,67,1,78.13102836009949,-0.1418738818289142,0.42084947275200685
handshake_clip_4,68,1,76.17473184293492,-0.0954221063609423,0.42084947275200685
handshake_clip_4,69,1,-18.17602443484098,-0.02221147466974571,0.42084947275200685
handshake_clip_4,70,1,72.17640535907147,-0.055737069111511744,0.40412697667373204
handshake_clip_4,71,1,76.5440989770402,-0.08926266355327778,0.40412697667373204
handshake_clip_4,72,1,71.30414459463269,-0.11067229005391249,0.40412697667373204
handshake_clip_4,73,1,68.92069823574417,-0.09787068649272608,0.40412697667373204
handshake_clip_4,74,1,77.1904847671296,-0.10012847603907457,0.21207833787178307
handshake_clip_4,75,1,-11.838145007067896,-0.022478445118906572,0.4372981081073472
handshake_clip_4,76,1,71.91946671962008,-0.11449802008203845,0.45413132811080736
handshake_clip_4,77,1,77.22593624592497,-0.08480317797056351,0.45413132811080736
handshake_clip_4,78,1,77.03626428851967,-0.12248632601315271,0.45413132811080736
handshake_clip_4,79,1,73.0906517235464,-0.12048333056071667,0.45413132811080736
handshake_clip_4,80,1,78.58098776969017,-0.13661325936264743,0.45413132811080736
handshake_clip_4,81,1,77.73303117107214,-0.11959566696945946,0.0758542911583713
handshake_clip_4,82,1,77.07481924373074,-0.09698818234610931,0.065708519257443
handshake_clip_4,83,1,77.5164999116985,-0.14686408120144276,0.065708519257443
handshake_clip_4,84,1,78.49318385955368,-0.08469487981773227,0.04270641136794536
handshake_clip_4,85,1,74.76174943288333,-0.10015259619525807,0.04774301027024452
handshake_clip_4,86,1,61.646104269460594,-0.09496890095905991,0.17227077765678073
handshake_clip_4,87,1,66.88745638594538,-0.1031839671585146,0.17227077765678073
handshake_clip_4,88,1,76.5662943082622,-0.12224045523831246,0.17227077765678073
handshake_clip_4,89,1,77.6427659165268,-0.09299080512930401,0.17227077765678073
handshake_clip_3,0,1,-97.8413752546826,-0.11051790596789597,0.0
handshake_clip_3,1,1,64.71350136944677,-0.03553436624929409,0.44298990832009216
handshake_clip_3,2,1,-154.14493086628391,-0.018814216601384708,0.44298990832009216
handshake_clip_3,3,1,-140.14967885519405,-0.009235698483394108,0.44298990832009216
handshake_clip_3,4,1,50.579314021251335,-0.029098253789271656,0.44298990832009216
handshake_clip_3,5,1,176.33341165641582,-0.023997728970442715,0.44298990832009216
handshake_clip_3,6,1,-164.48836625290866,-0.018897204151613778,0.13048482735772088
handshake_clip_3,7,1,64.41639078807431,-0.030007678986805706,0.13048482735772088
handshake_clip_3,8,1,70.59397717090381,-0.0267753098679435,0.13048482735772088
handshake_clip_3,9,1,-167.14992585216373,-0.011409062278261214,0.12427206823931033
handshake_clip_3,10,1,-86.98277146683371,-0.017742133205757644,0.12427206823931033
handshake_clip_3,11,1,22.15354534759144,-0.01798422405468608,0.12427206823931033
handshake_clip_3,12,1,41.76319630341753,-0.026026086631063067,0.12427206823931033
handshake_clip_3,13,1,-132.45616863023707,-0.024345114681736335,0.12427206823931033
handshake_clip_3,14,1,93.4806198965781,-0.03200813308458798,0.09555414810521805
handshake_clip_3,15,1,-169.57272541146293,-0.016268302119044547,0.09555414810521805
handshake_clip_3,16,1,119.82099999459396,-0.0722431361253512,0.12816218574443067
handshake_clip_3,17,1,112.47757409766358,-0.12821797013165787,0.12816218574443067
handshake_clip_3,18,1,-156.7337221010967,-0.014466731209495216,0.24981669812634613
handshake_clip_3,19,1,58.278156139886086,-0.029664925562371915,0.24981669812634613
handshake_clip_3,20,1,174.244512990264,-0.03344922345823414,0.24981669812634613
handshake_clip_3,21,1,130.94299767833704,-0.024555988964976818,0.24981669812634613
handshake_clip_3,22,1,42.80411209203051,-0.03481483017986867,0.24981669812634613
handshake_clip_3,23,1,38.936775639970364,-0.04507367139476052,0.057608386541227595
handshake_clip_3,24,1,-5.1958396126345106,-0.027102953385735783,0.09827226792652503
handshake_clip_3,25,1,-178.5343595272207,-0.025253799962996433,0.09827226792652503
handshake_clip_3,26,1,-99.41299336278558,-0.07680414718916488,0.30443129020600684
handshake_clip_3,27,1,-97.19820078115265,-0.05036019821004337,0.30443129020600684
handshake_clip_3,28,1,-47.81762913073028,-0.02391624923092187,0.30443129020600684
handshake_clip_3,29,1,-74.64930570247161,-0.014982984435192746,0.30443129020600684
handshake_clip_3,30,1,56.91989596489007,-0.10449121853244488,0.30443129020600684
handshake_clip_3,31,1,55.07315599728957,-0.07636839681808277,0.19186492826106752
handshake_clip_3,32,1,49.84747513305428,-0.04824557510372066,0.1918649282610675
handshake_clip_3,33,1,-10.854894402599056,-0.020122753389358556,0.1457957058498089
handshake_clip_3,34,1,85.89949332306793,-0.1514752929327869,0.30150281269646356
handshake_clip_3,35,1,108.87085682343685,-0.15488346907059727,0.30150281269646356
handshake_clip_3,36,1,23.935762699755802,-0.023821660076848123,0.34609324435713124
handshake_clip_3,37,1,6.612530223662946,-0.023660787709921714,0.34609324435713124
handshake_clip_3,38,1,-17.078215984282483,-0.023499915342995305,0.34609324435713124
handshake_clip_3,39,1,25.52561629796726,-0.030978742582107022,0.34609324435713124
handshake_clip_3,40,1,33.58535437236737,-0.02911566913124367,0.34609324435713124
handshake_clip_3,41,1,-81.03303184584556,-0.02015491894846371,0.024635388778894204
handshake_clip_3,42,1,170.5240012667792,-0.03708414006425179,0.05177788214710564
handshake_clip_3,43,1,105.65295960487155,-0.1671784421303073,0.34542725985667017
handshake_clip_3,44,1,104.03492699473402,-0.17246193735384924,0.34542725985667017
handshake_clip_3,45,1,102.28690875887058,-0.17774543257739117,0.34542725985667017
handshake_clip_3,46,1,100.39626364659705,-0.1830289278009331,0.34542725985667017
handshake_clip_3,47,1,172.43796580026503,-0.029093884371235338,0.34542725985667017
handshake_clip_3,48,1,165.23374031186046,-0.0327429545347115,0.32136951712961415
handshake_clip_3,49,1,20.582367837682444,-0.022814063037372982,0.32136951712961415
handshake_clip_3,50,1,93.24942248301633,-0.1073044954208626,0.32136951712961415
handshake_clip_3,51,1,98.48828259868758,-0.19179492780435223,0.32136951712961415
handshake_clip_3,52,1,170.09493538428575,-0.143618288663248,0.1957770445057262
handshake_clip_3,53,1,151.831913251014,-0.08502556989989779,0.20527999403686273
handshake_clip_3,54,1,23.454126837325713,-0.0264328511365476,0.20527999403686273
handshake_clip_3,55,1,173.72156098569246,-0.02501601297092287,0.20527999403686273
handshake_clip_3,56,1,179.0582997352312,-0.03128501714652996,0.20527999403686273
handshake_clip_3,57,1,-178.27542500229603,-0.028952335165665,0.20527999403686273
handshake_clip_3,58,1,-166.3305795347045,-0.026619653184800036,0.20527999403686267
handshake_clip_3,59,1,-27.020392444267635,-0.024286971203935078,0.07577145439593423
handshake_clip_3,60,1,-159.11359849561984,-0.02570949662253943,0.015469627185185492
handshake_clip_3,61,1,101.42697746392791,-0.1596660806355885,0.3243496080171706
handshake_clip_3,62,1,113.98868943750055,-0.09540435478309911,0.3243496080171706
handshake_clip_3,63,1,-178.87442338354074,-0.031142628930609723,0.3243496080171706
handshake_clip_3,64,1,167.2284891770469,-0.045599195147616435,0.3243496080171706
handshake_clip_3,65,1,-97.71437660823972,-0.12149383159069771,0.3337050400625524
handshake_clip_3,66,1,-95.62409435519012,-0.10743804978988197,0.3337050400625524
handshake_clip_3,67,1,-93.54322294431473,-0.09338226798906622,0.3337050400625524
handshake_clip_3,68,1,-91.47713715665125,-0.07932648618825049,0.3337050400625524
handshake_clip_3,69,1,-178.8341006678019,-0.04030617609751621,0.3337050400625524
handshake_clip_3,70,1,48.38328761728173,-0.027732618220582508,0.3212981367239303
handshake_clip_3,71,1,56.060106366978836,-0.04430671618114693,0.3212981367239303
handshake_clip_3,72,1,61.20369850687926,-0.060880814141711335,0.3212981367239303
handshake_clip_3,73,1,57.72093065242512,-0.051162940518224696,0.3212981367239303
handshake_clip_3,74,1,70.3541483567593,-0.03531554899100792,0.05818964832161616
handshake_clip_3,75,1,120.90359702043587,-0.01946815746379113,0.05818964832161616
handshake_clip_3,76,1,129.29039084418082,-0.030284320697816676,0.08287823063526167
handshake_clip_3,77,1,-98.40091858910881,-0.10175756876179771,0.2036783126142176
handshake_clip_3,78,1,-97.85835062310043,-0.09354232300817951,0.2036783126142176
handshake_clip_3,79,1,-97.14771870231947,-0.08532707725456132,0.2036783126142176
handshake_clip_3,80,1,-96.1769925704699,-0.07711183150094311,0.2036783126142176
handshake_clip_3,81,1,-94.77244020072615,-0.0688965857473249,0.2036783126142176
handshake_clip_3,82,1,-92.56327696863363,-0.06068133999370671,0.03984007950972026
handshake_clip_3,83,1,-88.59948982007572,-0.0524660942400885,0.03984007950972026
handshake_clip_3,84,1,-79.59700926184078,-0.0442508484864703,0.03984007950972026
handshake_clip_3,85,1,-46.99254706621497,-0.0360356027328521,0.03984007950972026
handshake_clip_3,86,1,32.47331098254271,-0.02782035697923389,0.03984007950972026
handshake_clip_3,87,1,53.766885169763626,-0.03405980645953831,0.03984007950972025
handshake_clip_3,88,1,53.766885169763626,-0.03405980645953831,0.039840079509720204
handshake_clip_3,89,1,53.766885169763626,-0.03405980645953831,0.039840079509720204
handshake_clip_2,0,1,152.08412437999536,-0.03469063884074324,0.0
handshake_clip_2,1,1,-26.433775343693526,-0.017691716795979993,0.07795677110636368
handshake_clip_2,2,1,-172.08651111990423,-0.01294631511963472,0.15200192369679694
handshake_clip_2,3,1,-163.9752910385887,-0.013586833338422347,0.15200192369679694
handshake_clip_2,4,1,-2.775721629912854,-0.018132787613907842,0.15200192369679694
handshake_clip_2,5,1,165.19474119409836,-0.033792574120468495,0.15200192369679694
handshake_clip_2,6,1,-155.9698278189081,-0.022759582875238493,0.15200192369679694
handshake_clip_2,7,1,-30.241900664799186,-0.013672547222455428,0.14853161063002412
handshake_clip_2,8,1,-9.550720472657803,-0.018128180751105505,0.14853161063002412
handshake_clip_2,9,1,-165.35706546755404,-0.0175112103486299,0.14438280412773194
handshake_clip_2,10,1,-31.950585735024813,-0.02222021562218401,0.14438280412773194
handshake_clip_2,11,1,-15.489152972647046,-0.018844007989173312,0.14438280412773194
handshake_clip_2,12,1,-16.3878061164755,-0.020814834212330848,0.14438280412773194
handshake_clip_2,13,1,55.98279109789082,-0.023865851923801435,0.14438280412773194
handshake_clip_2,14,1,-10.080404706379854,-0.027400811099823758,0.10040853719143442
handshake_clip_2,15,1,168.61313274192017,-0.02246378074372043,0.11779991089713447
handshake_clip_2,16,1,172.87358627339862,-0.024910227560283684,0.11779991089713447
handshake_clip_2,17,1,-163.04578806569174,-0.024582520531978933,0.11779991089713447
handshake_clip_2,18,1,171.86282372986753,-0.021765803842214295,0.11779991089713447
handshake_clip_2,19,1,-23.20498758416399,-0.021670747171583567,0.11779991089713447
handshake_clip_2,20,1,-5.707747251926006,-0.023666527864264618,0.11635974356712118
handshake_clip_2,21,1,-146.52954133681777,-0.00357369210788858,0.5878774961185541
handshake_clip_2,22,1,90.16617975351119,-0.14723277055535527,0.5878774961185541
handshake_clip_2,23,1,90.77473124231317,-0.14073328356176515,0.5878774961185541
handshake_clip_2,24,1,-166.10424909012235,-0.009510620097697289,0.5878774961185541
handshake_clip_2,25,1,-27.5369211165971,-0.03761787266964225,0.5878774961185541
handshake_clip_2,26,1,176.90435419135213,-0.019541498086724087,0.5741560350045738
handshake_clip_2,27,1,157.7305271488549,-0.01998663519331946,0.5741560350045738
handshake_clip_2,28,1,177.614919783776,-0.01831071254127884,0.5741560350045738
handshake_clip_2,29,1,161.71122835161583,-0.03821994576716034,0.5741560350045738
handshake_clip_2,30,1,178.03257117233417,-0.01767676968991335,0.4989655090146356
handshake_clip_2,31,1,89.32191037788908,-0.1285528921763497,0.4989655090146356
handshake_clip_2,32,1,98.42525467761112,-0.07945586318540518,0.4989655090146356
handshake_clip_2,33,1,163.6207575347983,-0.02124605023067256,0.4989655090146356
handshake_clip_2,34,1,174.70336454110088,-0.017056812296374284,0.4803080373290475
handshake_clip_2,35,1,169.18631313747198,-0.018389263397338512,0.45263647865642903
handshake_clip_2,36,1,178.7465371817694,-0.01698941584736238,0.45263647865642903
handshake_clip_2,37,1,-174.92421201525636,-0.015588660485619178,0.45263647865642903
handshake_clip_2,38,1,172.85803587194266,-0.020172054468503106,0.023226415388167485
handshake_clip_2,39,1,101.30775538048381,-0.0771781239882187,0.4511766843274754
handshake_clip_2,40,1,103.40070804233554,-0.075434302151919,0.4511766843274754
handshake_clip_2,41,1,179.20723305215162,-0.03348388741068211,0.45416125931631673
handshake_clip_2,42,1,95.69981559478576,-0.07217565410311971,0.45416125931631673
handshake_clip_2,43,1,91.92910976485851,-0.1108674207955573,0.45416125931631673
handshake_clip_2,44,1,170.3409177583281,-0.021515176399034823,0.45416125931631673
handshake_clip_2,45,1,89.59843241090535,-0.1470942511090669,0.4617465980506507
handshake_clip_2,46,1,-175.64694216069356,-0.018565460175651072,0.46184213055260015
handshake_clip_2,47,1,-92.73153249095434,-0.005171811862981021,0.4846666460433388
handshake_clip_2,48,1,-3.3613874199856,-0.019660701872201175,0.4846666460433388
handshake_clip_2,49,1,159.04952485987653,-0.023531625835872177,0.49476869213279795
handshake_clip_2,50,1,164.29912620492507,-0.02174098644107395,0.49476869213279795
handshake_clip_2,51,1,89.07989539721345,-0.1489568018798692,0.49476869213279795
handshake_clip_2,52,1,-83.04957580671639,-0.12264190321697645,0.49476869213279795
handshake_clip_2,53,1,162.14495523053776,-0.018954953185556123,0.49476869213279795
handshake_clip_2,54,1,105.96955116167709,-0.06296234178480642,0.45482914035621846
handshake_clip_2,55,1,4.851286148850123,-0.008941663325249007,0.45482914035621846
handshake_clip_2,56,1,-23.574585022283944,-0.01937049201848138,0.6062785482061601
handshake_clip_2,57,1,142.55354274473018,-0.018369824400821168,0.6062785482061601
handshake_clip_2,58,1,90.66333828638777,-0.13445564207829186,0.6062785482061601
handshake_clip_2,59,1,-30.283830362042867,-0.01794251221477333,0.6062785482061601
handshake_clip_2,60,1,-173.55981081560188,-0.01480913935261103,0.6062785482061601
handshake_clip_2,61,1,88.99591978012059,-0.1255081386246628,0.5616230420787011
handshake_clip_2,62,1,89.73709291027193,-0.14718716743770693,0.5616230420787011
handshake_clip_2,63,1,82.82310804345865,-0.08118816026608837,0.5616230420787011
handshake_clip_2,64,1,14.685753061866347,-0.015189153094469793,0.5616230420787011
handshake_clip_2,65,1,-86.41075035647282,-0.09934371324160905,0.44783327988752986
handshake_clip_2,66,1,89.39369844301655,-0.14719118384139654,0.44783327988752986
handshake_clip_2,67,1,89.32527274065255,-0.12314587180428656,0.44783327988752986
handshake_clip_2,68,1,92.18803944829762,-0.1231941897882293,0.44783327988752986
handshake_clip_2,69,1,89.53321238020553,-0.07506775754724865,0.44783327988752986
handshake_clip_2,70,1,34.8029397622232,-0.02694132530626801,0.24442929209938935
handshake_clip_2,71,1,93.85814289602476,-0.08325692555262873,0.564201239461895
handshake_clip_2,72,1,41.78656125767156,-0.029524501380293958,0.564201239461895
handshake_clip_2,73,1,47.03006541837291,-0.03089547730061777,0.564201239461895
handshake_clip_2,74,1,41.40955793129581,-0.027543417605947633,0.564201239461895
handshake_clip_2,75,1,29.365161464928825,-0.024191357911277495,0.564201239461895
handshake_clip_2,76,1,75.31074125768681,-0.03758890727046093,0.5474470273733878
handshake_clip_2,77,1,93.44036399967698,-0.0937721375357427,0.5290965817446498
handshake_clip_2,78,1,92.69225551888564,-0.09071251198657926,0.5290965817446498
handshake_clip_2,79,1,103.6058375951392,-0.02839833521568376,0.5290965817446498
handshake_clip_2,80,1,-169.87904431128703,-0.021386728913483904,0.5290965817446498
handshake_clip_2,81,1,-166.73409015467558,-0.014750948264179425,0.5290965817446498
handshake_clip_2,82,1,168.72479740810277,-0.021683301120674472,0.506157213040767
handshake_clip_2,83,1,113.24617018621525,-0.025455980706993744,0.506157213040767
handshake_clip_2,84,1,167.5991995729408,-0.03337084820574881,0.017293381400280455
handshake_clip_2,85,1,127.8744323431656,-0.029916131374164923,0.017293381400280455
handshake_clip_2,86,1,9.233917781179862,-0.021914692397700625,0.05036650654926636
handshake_clip_2,87,1,31.483254230585136,-0.023879156810096405,0.05036650654926636
handshake_clip_2,88,1,114.7229937587518,-0.026637250409180455,0.05036650654926636
handshake_clip_2,89,1,165.67411857743932,-0.028872962718622816,0.05036650654926636
handshake_clip_5,0,1,104.08361794084185,-0.06081322797410842,0.0
handshake_clip_5,1,1,52.57868059944314,-0.03099445046512975,0.38057073416795295
handshake_clip_5,2,1,157.1577485676639,-0.02532566539403539,0.38057073416795295
handshake_clip_5,3,1,-167.2618182669858,-0.019632770376404002,0.38057073416795295
handshake_clip_5,4,1,150.06677468976775,-0.035455786998198784,0.38057073416795295
handshake_clip_5,5,1,106.49488636036345,-0.07439932711468161,0.3957242057500507
handshake_clip_5,6,1,-157.39200958204768,-0.014445554232963743,0.3957242057500507
handshake_clip_5,7,1,172.10730475157914,-0.05618064348917066,0.3957242057500507
handshake_clip_5,8,1,-178.68144308416626,-0.036277792530825005,0.3957242057500507
handshake_clip_5,9,1,172.00354102594972,-0.021831778512904455,0.3957242057500507
handshake_clip_5,10,1,63.973618881799126,-0.030141428156838335,0.29817260438219273
handshake_clip_5,11,1,154.79936394913216,-0.04422280642515374,0.08826211889946586
handshake_clip_5,12,1,50.81880282781366,-0.03542353050849548,0.08826211889946586
handshake_clip_5,13,1,36.081979083505324,-0.031112678090408935,0.08826211889946586
handshake_clip_5,14,1,24.86214352494021,-0.03828614559930079,0.0748307314029829
handshake_clip_5,15,1,-176.64724222403066,-0.021182917602985126,0.10769881589353103
handshake_clip_5,16,1,105.7350575869316,-0.09387636352795602,0.33647046099919337
handshake_clip_5,17,1,111.69431215093456,-0.07328706443322457,0.33647046099919337
handshake_clip_5,18,1,174.58491500557517,-0.02123670563190665,0.33647046099919337
handshake_clip_5,19,1,-33.34220631037428,-0.028584634250705628,0.33647046099919337
handshake_clip_5,20,1,163.43924944463373,-0.03138460332988298,0.5044211829951931
handshake_clip_5,21,1,44.04325292161216,-0.03156042258109433,0.5044211829951931
handshake_clip_5,22,1,110.32585904102193,-0.07504902585643158,0.5044211829951931
handshake_clip_5,23,1,103.13005251531146,-0.10289019625002988,0.5044211829951931
handshake_clip_5,24,1,19.0576871583204,-0.03500558891718693,0.5044211829951931
handshake_clip_5,25,1,-177.04388260821318,-0.019390887044174517,0.42850781720228626
handshake_clip_5,26,1,104.19305209499763,-0.10028592093279087,0.5755969494044304
handshake_clip_5,27,1,104.86128879148607,-0.09917799392858836,0.5755969494044304
handshake_clip_5,28,1,56.21509317098559,-0.07132165928439346,0.5755969494044304
handshake_clip_5,29,1,22.415678314491874,-0.03945170798678523,0.5755969494044304
handshake_clip_5,30,1,107.16710372538277,-0.0818047867664404,0.5755969494044304
handshake_clip_5,31,1,101.06595682271555,-0.11828175573152318,0.2725727408729587
handshake_clip_5,32,1,110.10480424109092,-0.11773485981937873,0.2725727408729587
handshake_clip_5,33,1,94.35885284918568,-0.1127509364309276,0.2725727408729587
handshake_clip_5,34,1,104.22766781662688,-0.11173650633351424,0.2725727408729587
handshake_clip_5,35,1,103.33357308291652,-0.09564061836743316,0.046639493841551714
handshake_clip_5,36,1,-152.16491203905733,-0.08929656529515739,0.046639493841551714
handshake_clip_5,37,1,108.18749791025157,-0.16390303849622964,0.046639493841551714
handshake_clip_5,38,1,81.54921192358249,-0.1696034309194374,0.09333582373990612
handshake_clip_5,39,1,-50.732431255984785,-0.09661440791508367,0.09453856131902105
handshake_clip_5,40,1,-68.94554823725703,-0.08321623988213382,0.09453856131902105
handshake_clip_5,41,1,60.4656718627486,-0.08818919254247243,0.18191558665550062
handshake_clip_5,42,1,-29.86538722908422,-0.0058849651778131755,0.2144186816840492
handshake_clip_5,43,1,107.39956330359215,-0.06826497797583636,0.36986506095146277
handshake_clip_5,44,1,108.40391862249356,-0.08739115592138447,0.36986506095146277
handshake_clip_5,45,1,117.57340807021203,-0.07734340172409657,0.36986506095146277
handshake_clip_5,46,1,104.58967120308726,-0.08499310070200848,0.36986506095146277
handshake_clip_5,47,1,-21.4385644391753,-0.003910351753844973,0.36986506095146277
handshake_clip_5,48,1,7.1590569742061705,-0.02294812340790026,0.3636373178058532
handshake_clip_5,49,1,117.51558765778461,-0.13713810340018284,0.3636373178058532
handshake_clip_5,50,1,106.08197041451966,-0.09072621290881949,0.3636373178058532
handshake_clip_5,51,1,108.49978353048061,-0.07586685725644668,0.3636373178058532
handshake_clip_5,52,1,109.04813097647856,-0.08003343783569146,0.356597771916507
handshake_clip_5,53,1,102.9966373951822,-0.09709885153050374,0.356597771916507
handshake_clip_5,54,1,101.59872490341382,-0.12244560467304663,0.018006734886910684
handshake_clip_5,55,1,-59.41618833511756,-0.007120139964854301,0.38479776835111984
handshake_clip_5,56,1,-134.60576255805157,-0.027440025495252467,0.38479776835111984
handshake_clip_5,57,1,103.9141724815063,-0.09312813948809578,0.4370978248070615
handshake_clip_5,58,1,112.71934126588192,-0.06432223292603287,0.4370978248070615
handshake_clip_5,59,1,53.16831321258479,-0.02177100436627191,0.4370978248070615
handshake_clip_5,60,1,10.28982021882545,-0.021627606659350773,0.4370978248070615
handshake_clip_5,61,1,106.2973629351843,-0.08399400912384888,0.4370978248070615
handshake_clip_5,62,1,105.51683201331674,-0.08691532749933373,0.36948706833502454
handshake_clip_5,63,1,-84.74823803755844,-0.019250017129735328,0.4292627557879951
handshake_clip_5,64,1,40.16062813872216,-0.015992153191604054,0.4292627557879951
handshake_clip_5,65,1,107.45274301098316,-0.08481315040287683,0.4292627557879951
handshake_clip_5,66,1,106.9191077282626,-0.09193849059048982,0.4292627557879951
handshake_clip_5,67,1,100.39896681001471,-0.10438548902168768,0.4292627557879951
handshake_clip_5,68,1,102.38721351638853,-0.11491761908347796,0.41687366944318055
handshake_clip_5,69,1,-43.08369080323628,-0.018130687055844398,0.41694385941098816
handshake_clip_5,70,1,14.435305891642209,-0.03100235250585107,0.41694385941098816
handshake_clip_5,71,1,110.2659774843926,-0.08222946630405654,0.4286633859586668
handshake_clip_5,72,1,142.6488953491684,-0.024878412995064905,0.4286633859586668
handshake_clip_5,73,1,138.3189288363313,-0.05006928090779183,0.4286633859586668
handshake_clip_5,74,1,105.21327920426057,-0.08794078341650736,0.4286633859586668
handshake_clip_5,75,1,12.831315094300871,-0.03179585596461715,0.4286633859586668
handshake_clip_5,76,1,126.3452812085697,-0.06890991835462043,0.38436595754658753
handshake_clip_5,77,1,102.9909644390733,-0.11195560252861009,0.38436595754658753
handshake_clip_5,78,1,105.22795394710334,-0.08574846546860644,0.38436595754658753
handshake_clip_5,79,1,115.79009497373254,-0.06046325295716312,0.38436595754658753
handshake_clip_5,80,1,106.39954091424349,-0.05878310307829075,0.22142927341565155
handshake_clip_5,81,1,102.94196561519982,-0.08532841786063017,0.22142927341565155
handshake_clip_5,82,1,105.09425572336212,-0.0828488350531557,0.18485303634930175
handshake_clip_5,83,1,112.8454544683657,-0.06021499287544421,0.18485303634930175
handshake_clip_5,84,1,105.53405323130734,-0.08904448116610551,0.13030107412580508
handshake_clip_5,85,1,113.82566613739766,-0.06711043052894179,0.1464729373642068
handshake_clip_5,86,1,161.48259154398735,-0.0753267866624867,0.22846154750880596
handshake_clip_5,87,1,137.7431665696231,-0.08866606264970754,0.22846154750880596
handshake_clip_5,88,1,115.08593930639078,-0.05088833896392937,0.24743666143794724
handshake_clip_5,89,1,105.24762129651221,-0.08075573407068322,0.24743666143794724
handshake_clip_33,0,1,89.72677355461194,-0.245239076780308,0.0
handshake_clip_33,1,1,93.93128355959337,-0.03517598936394954,0.3702857842053792
handshake_clip_33,2,1,93.35440165877785,-0.03345965725294294,0.3702857842053792
handshake_clip_33,3,1,92.80484175582374,-0.03174332514193634,0.3702857842053792
handshake_clip_33,4,1,92.28080203639617,-0.03002699303092974,0.3702857842053792
handshake_clip_33,5,1,94.20877340637067,-0.2696951509047949,0.3768578027837579
handshake_clip_33,6,1,93.63465706079297,-0.16207769450579687,0.3768578027837579
handshake_clip_33,7,1,92.1331957356079,-0.05446023810679885,0.3768578027837579
handshake_clip_33,8,1,90.08341132670732,-0.04654403193681841,0.3768578027837579
handshake_clip_33,9,1,93.85241129010659,-0.041258574647864976,0.3768578027837579
handshake_clip_33,10,1,99.15925660646799,-0.03597311735891156,0.13839048866975237
handshake_clip_33,11,1,107.00547623225499,-0.030687660069958128,0.13839048866975237
handshake_clip_33,12,1,98.45875006955232,-0.04507605457963847,0.04955484074795056
handshake_clip_33,13,1,100.54003944382556,-0.040918007730928324,0.05121777503450809
handshake_clip_33,14,1,102.92594514869381,-0.03675996088221818,0.05121777503450809
handshake_clip_33,15,1,102.24575737422336,-0.06947037837777639,0.05121777503450809
handshake_clip_33,16,1,101.763507463947,-0.10218079587333462,0.05121777503450809
handshake_clip_33,17,1,101.40381568509379,-0.13489121336889284,0.05121777503450809
handshake_clip_33,18,1,101.12524956819865,-0.16760163086445107,0.05121777503450809
handshake_clip_33,19,1,100.90315437817863,-0.20031204836000926,0.047188923364889286
handshake_clip_33,20,1,100.72194383316554,-0.2330224658555675,0.047188923364889286
handshake_clip_33,21,1,100.57128283435436,-0.2657328833511257,0.047188923364889286
handshake_clip_33,22,1,100.44404826280095,-0.2984433008466839,0.0471889233648893
handshake_clip_33,23,1,100.33517138069688,-0.33115371834224216,0.0471889233648893
handshake_clip_33,24,1,100.24094713033544,-0.36386413583780036,0.0471889233648893
handshake_clip_33,25,1,100.15860449969982,-0.39657455333335856,0.0471889233648893
handshake_clip_33,26,1,100.08602966944973,-0.42928497082891676,0.0471889233648893
handshake_clip_33,27,1,99.74586523312261,-0.4032622610393218,0.0471889233648893
handshake_clip_33,28,1,99.41105359044647,-0.37723955124972686,0.0471889233648893
handshake_clip_33,29,1,99.08149171557282,-0.35121684146013193,0.0471889233648893
handshake_clip_33,30,1,98.75707839826956,-0.32519413167053696,0.04718892336488922
handshake_clip_33,31,1,98.43771424506367,-0.29917142188094203,0.006479272894273997
handshake_clip_33,32,1,99.88138187433935,-0.14955777810292403,0.2417118380935605
handshake_clip_33,33,1,-152.44216524298108,5.5865675093969e-05,0.24171183809356053
handshake_clip_33,34,1,-140.08671835227057,0.0007737810990106375,0.24171183809356053
handshake_clip_33,35,1,-132.63160651312452,0.001491696522927306,0.24171183809356053
handshake_clip_33,36,1,-127.79659240433335,0.0022096119468439745,0.24171183809356053
handshake_clip_33,37,1,-102.20642319014536,-0.002052393759002243,0.24171183809356053
handshake_clip_33,38,1,-81.37424623080373,-0.006314399464848461,0.0077259594424852205
handshake_clip_33,39,1,124.10306475240112,-0.02086372997077886,0.03380713885822766
handshake_clip_33,40,1,107.40988935432162,-0.03541306047670926,0.033807138858227684
handshake_clip_33,41,1,105.81386084819971,-0.04996239098263966,0.033807138858227684
handshake_clip_33,42,1,105.21434453285923,-0.06451172148857005,0.033807138858227684
handshake_clip_33,43,1,104.90016601462507,-0.07906105199450046,0.033807138858227684
handshake_clip_33,44,1,105.0211823680702,-0.06598651574746624,0.033807138858227684
handshake_clip_33,45,1,105.25051499016575,-0.05291197950043203,0.033807138858227684
handshake_clip_33,46,1,105.85133870565932,-0.0398374432533978,0.033807138858227684
handshake_clip_33,47,1,111.54906302740731,-0.026762907006363586,0.03380713885822766
handshake_clip_33,48,1,-77.65449404257123,-0.013688370759329367,0.026138946947046517
handshake_clip_33,49,1,-76.429759251505,-0.0006138345122951492,0.026138946947046517
handshake_clip_33,50,1,87.18536449057088,-0.059667738792412224,0.10681241781490886
handshake_clip_33,51,1,90.43617581417075,-0.11872164307252929,0.10681241781490886
handshake_clip_33,52,1,100.13260732661375,-0.2116862054813282,0.1593588031204218
handshake_clip_33,53,1,98.80891256535152,-0.2460554691069584,0.1593588031204218
handshake_clip_33,54,1,97.63592916547209,-0.2804247327325886,0.1593588031204218
handshake_clip_33,55,1,96.59013945810464,-0.31479399635821886,0.1593588031204218
handshake_clip_33,56,1,95.652515217301,-0.3491632599838491,0.1593588031204218
handshake_clip_33,57,1,94.80753313666779,-0.3835325236094793,0.05274107926866937
handshake_clip_33,58,1,94.04242809268037,-0.41790178723510957,0.05274107926866937
handshake_clip_33,59,1,95.10499759117396,-0.3586014310449551,0.05274107926866937
handshake_clip_33,60,1,96.15862797396075,-0.2993010748548007,0.05274107926866937
handshake_clip_33,61,1,97.20272834232648,-0.2400007186646462,0.05274107926866937
handshake_clip_33,62,1,91.69986996703652,-0.25318354065461784,0.05274107926866931
handshake_clip_33,63,1,93.7272693381864,-0.23856132376086706,0.043412033554848406
handshake_clip_33,64,1,95.91633732055764,-0.22393910686711627,0.043412033554848406
handshake_clip_33,65,1,98.28000617198197,-0.20931688997336548,0.043412033554848406
handshake_clip_33,66,1,93.91220086048567,-0.2796010220909011,0.14242802447160346
handshake_clip_33,67,1,93.31244653711909,-0.3666726211063178,0.14242802447160346
handshake_clip_33,68,1,97.5479406288682,-0.20399639294714686,0.14242802447160346
handshake_clip_33,69,1,95.8172818124609,-0.17584504016007682,0.14242802447160346
handshake_clip_33,70,1,93.63538897620123,-0.14769368737300678,0.14242802447160346
handshake_clip_33,71,1,90.8090464724457,-0.11954233458593676,0.07773397525030361
handshake_clip_33,72,1,87.0257006771474,-0.09139098179886672,0.07773397525030361
handshake_clip_33,73,1,86.37001645597925,-0.08255249047550703,0.051766926964292255
handshake_clip_33,74,1,87.02632513019515,-0.09087744178614322,0.051766926964292255
handshake_clip_33,75,1,87.62182533737445,-0.0992023930967794,0.051766926964292255
handshake_clip_33,76,1,88.16448141111745,-0.1075273444074156,0.05176692696429223
handshake_clip_33,77,1,91.46166779748506,-0.42796764781269303,0.20973679294421785
handshake_clip_33,78,1,100.34230444549321,-0.3721020717910051,0.20973679294421785
handshake_clip_33,79,1,90.26050384699623,-0.1098938496034378,0.20973679294421785
handshake_clip_33,80,1,85.0861744067559,-0.21758281814527436,0.20973679294421785
handshake_clip_33,81,1,92.23749909600532,-0.4219350572295752,0.20973679294421785
handshake_clip_33,82,1,89.2651797437,-0.2938553562512425,0.19962713181909328
handshake_clip_33,83,1,86.2468181080601,-0.16577565527290972,0.19962713181909328
handshake_clip_33,84,1,98.12388055752838,-0.3301535353465397,0.15457652031868988
handshake_clip_33,85,1,84.22213420471174,-0.12145710943945068,0.15457652031868988
handshake_clip_33,86,1,91.27461382139086,-0.06014895317210287,0.16814312136711992
handshake_clip_33,87,1,89.67774436193379,-0.06488322185956003,0.16814312136711992
handshake_clip_33,88,1,83.9346980499713,-0.1480342240218846,0.16814312136711992
handshake_clip_33,89,1,93.26782541368095,-0.32601020811557646,0.16814312136711992
handshake_clip_34,0,1,95.79462002114323,-0.11496206448623521,0.0
handshake_clip_34,1,1,70.0107994790256,-0.03655174407654722,0.4595861446466738
handshake_clip_34,2,1,78.2181248859083,-0.039571761740546614,0.4595861446466738
handshake_clip_34,3,1,82.92361374554693,-0.042591779404546004,0.4595861446466738
handshake_clip_34,4,1,85.93640673503323,-0.0456117970685454,0.4595861446466738
handshake_clip_34,5,1,99.34535577591981,-0.1564478708195338,0.4595861446466738
handshake_clip_34,6,1,95.62649827811397,-0.10895373850441457,0.4244263544955949
handshake_clip_34,7,1,87.27707014238578,-0.06145960618929536,0.4244263544955949
handshake_clip_34,8,1,78.94047624278845,-0.05138999525904349,0.4244263544955949
handshake_clip_34,9,1,74.14193171854194,-0.04094087556148904,0.4244263544955949
handshake_clip_34,10,1,60.04999004271099,-0.030491755863934586,0.17406236981661607
handshake_clip_34,11,1,-15.309440581459517,-0.02004263616638013,0.17406236981661607
handshake_clip_34,12,1,38.265253945148494,-0.03647538424311839,0.06097907319452916
handshake_clip_34,13,1,1.0171805047339417,-0.02806268298403576,0.06097907319452916
handshake_clip_34,14,1,-82.74327475314885,-0.019649981724953126,0.06097907319452916
handshake_clip_34,15,1,100.53376265350848,-0.1342704301947819,0.286695937911259
handshake_clip_34,16,1,100.3640215920078,-0.24889087866461068,0.286695937911259
handshake_clip_34,17,1,100.99122794195368,-0.252490884362146,0.286695937911259
handshake_clip_34,18,1,105.43472006398677,-0.11562992110399506,0.2887428556643545
handshake_clip_34,19,1,-117.46324797392926,0.021231042154155867,0.2887428556643545
handshake_clip_34,20,1,-120.92816647611714,0.01997417114618731,0.2887428556643545
handshake_clip_34,21,1,-124.67405653144505,0.018717300138218755,0.2887428556643545
handshake_clip_34,22,1,-128.7005614605787,0.0174604291302502,0.2887428556643545
handshake_clip_34,23,1,-132.99625573338037,0.016203558122281643,0.2887428556643545
handshake_clip_34,24,1,-137.5361683669278,0.014946687114313089,0.0031491261339355405
handshake_clip_34,25,1,-142.2803442020481,0.013689816106344534,0.0031491261339355405
handshake_clip_34,26,1,-147.17418732150603,0.012432945098375978,0.0031491261339355405
handshake_clip_34,27,1,-152.15108986302988,0.011176074090407422,0.0031491261339355405
handshake_clip_34,28,1,175.0420214441866,0.0025957486637667652,0.034262952288085055
handshake_clip_34,29,1,146.90576978768541,-0.005984576762873892,0.034262952288085055
handshake_clip_34,30,1,130.45913650178332,-0.01456490218951455,0.03426295228808506
handshake_clip_34,31,1,121.15505833710442,-0.023145227616155204,0.03426295228808506
handshake_clip_34,32,1,115.45530256925666,-0.03172555304279586,0.03426295228808506
handshake_clip_34,33,1,111.6747037686249,-0.04030587846943652,0.03426295228808506
handshake_clip_34,34,1,109.00502315171954,-0.048886203896077174,0.03426295228808506
handshake_clip_34,35,1,107.02721918259614,-0.05746652932271783,0.03426295228808506
handshake_clip_34,36,1,105.50652297404082,-0.0660468547493585,0.03426295228808506
handshake_clip_34,37,1,104.30244910177879,-0.07462718017599915,0.03426295228808506
handshake_clip_34,38,1,103.32623637441412,-0.0832075056026398,0.03426295228808506
handshake_clip_34,39,1,102.51923136541882,-0.09178783102928045,0.03426295228808506
handshake_clip_34,40,1,101.84120105432228,-0.10036815645592112,0.03426295228808506
handshake_clip_34,41,1,101.26366632665246,-0.10894848188256177,0.03426295228808506
handshake_clip_34,42,1,100.76592130223644,-0.11752880730920244,0.03426295228808506
handshake_clip_34,43,1,100.3325611042905,-0.1261091327358431,0.03426295228808507
handshake_clip_34,44,1,99.9518933447457,-0.13468945816248376,0.03426295228808507
handshake_clip_34,45,1,90.36862612944972,-0.07433312534357124,0.04598636906341828
handshake_clip_34,46,1,92.45088423084812,-0.10304818834208615,0.04598636906341828
handshake_clip_34,47,1,94.43158579175318,-0.13176325134060105,0.04598636906341828
handshake_clip_34,48,1,96.31358688869678,-0.16047831433911594,0.04598636906341828
handshake_clip_34,49,1,98.10031889828694,-0.18919337733763086,0.04598636906341828
handshake_clip_34,50,1,99.7956169630494,-0.21790844033614576,0.0119489792892156
handshake_clip_34,51,1,99.85095548925496,-0.22227796387896126,0.0119489792892156
handshake_clip_34,52,1,99.90544641172626,-0.2266474874217768,0.0119489792892156
handshake_clip_34,53,1,99.9591089598532,-0.2310170109645923,0.011948979289215582
handshake_clip_34,54,1,98.40541578687353,-0.21661263144325654,0.013962428730351478
handshake_clip_34,55,1,96.72452248277153,-0.2022082519219208,0.013962428730351601
handshake_clip_34,56,1,94.90342044465301,-0.18780387240058505,0.013962428730351601
handshake_clip_34,57,1,92.9279819111161,-0.17339949287924933,0.013962428730351601
handshake_clip_34,58,1,90.78306188713982,-0.15899511335791355,0.013962428730351601
handshake_clip_34,59,1,88.45271977113262,-0.14459073383657783,0.013962428730351601
handshake_clip_34,60,1,85.92061156072057,-0.1301863543152421,0.013962428730351568
handshake_clip_34,61,1,83.17061405046218,-0.11578197479390634,0.013962428730351568
handshake_clip_34,62,1,80.18774776797603,-0.10137759527257059,0.013962428730351568
handshake_clip_34,63,1,76.95945813699919,-0.08697321575123486,0.013962428730351523
handshake_clip_34,64,1,73.47728370002697,-0.0725688362298991,0.013962428730351544
handshake_clip_34,65,1,69.73887360216462,-0.058164456708563364,0.013962428730351544
handshake_clip_34,66,1,65.75020514437175,-0.04376007718722762,0.013962428730351544
handshake_clip_34,67,1,61.52770191180258,-0.02935569766589188,0.013962428730351544
handshake_clip_34,68,1,75.49396490483113,-0.0810654250589095,0.04671234172271668
handshake_clip_34,69,1,86.22956586896589,-0.13277515245192711,0.04671234172271673
handshake_clip_34,70,1,94.21637480062518,-0.18448487984494474,0.04671234172271673
handshake_clip_34,71,1,100.17584904428496,-0.23619460723796237,0.04671234172271673
handshake_clip_34,72,1,29.624890650964023,-0.04980927745455685,0.32460048849084316
handshake_clip_34,73,1,82.57659455690943,-0.1322371493661904,0.32460048849084316
handshake_clip_34,74,1,100.5827183303575,-0.214665021277824,0.32460048849084316
handshake_clip_34,75,1,100.15713559685145,-0.22132522159741552,0.32460048849084316
handshake_clip_34,76,1,99.72990309892137,-0.2279854219170071,0.32460048849084316
handshake_clip_34,77,1,99.30105900636713,-0.23464562223659863,0.15990736195037075
handshake_clip_34,78,1,99.21278014082694,-0.23000315928334203,0.1599073619503707
handshake_clip_34,79,1,69.25603739275932,-0.03858692093953654,0.24970045478231415
handshake_clip_34,80,1,90.86727906569874,-0.1255375597206551,0.24970045478231415
handshake_clip_34,81,1,100.45956688639869,-0.2124881985017737,0.24970045478231415
handshake_clip_34,82,1,99.42893809510404,-0.20125281575997175,0.24970045478231415
handshake_clip_34,83,1,99.51199890705266,-0.19825006523996078,0.24970045478231415
handshake_clip_34,84,1,99.60049171586151,-0.1952473147199498,0.12132188043106418
handshake_clip_34,85,1,80.50383562269812,-0.05855304244575164,0.16766645579468262
handshake_clip_34,86,1,84.73311422408207,-0.07108304839635333,0.16766645579468262
handshake_clip_34,87,1,88.12960932975561,-0.08361305434695504,0.16766645579468262
handshake_clip_34,88,1,75.26143586523516,-0.05580705752264938,0.3442878540128571
handshake_clip_34,89,1,97.15960420645789,-0.19529078734558425,0.3442878540128571
handshake_clip_35,0,1,100.74572278701042,-0.23807191536150182,0.0
handshake_clip_35,1,1,98.27204039424876,-0.13311912311303328,0.34590016182713307
handshake_clip_35,2,1,96.02065128102885,-0.1260713672810993,0.34590016182713307
handshake_clip_35,3,1,94.07956971890445,-0.11902361144916533,0.34590016182713307
handshake_clip_35,4,1,92.39243859102403,-0.11197585561723136,0.34590016182713307
handshake_clip_35,5,1,-40.202623182036554,-0.11868594035442113,0.34590016182713307
handshake_clip_35,6,1,74.36039612756406,-0.11181870261095912,0.29780891767903284
handshake_clip_35,7,1,80.15163220320979,-0.10495146486749711,0.29780891767903284
handshake_clip_35,8,1,96.4517631362624,-0.12108281164134378,0.29780891767903284
handshake_clip_35,9,1,97.40117297006482,-0.11098332046018787,0.29780891767903284
handshake_clip_35,10,1,98.44884451309494,-0.10088382927903196,0.09785824766185597
handshake_clip_35,11,1,99.61004201393426,-0.09078433809787605,0.09785824766185601
handshake_clip_35,12,1,96.05861521367012,-0.1252445784079441,0.09785824766185601
handshake_clip_35,13,1,111.54769669911964,-0.051035981596498865,0.34994513993825566
handshake_clip_35,14,1,97.58262509508414,-0.06677743007631419,0.34994513993825566
handshake_clip_35,15,1,103.80346246380866,-0.14358623079726834,0.34994513993825566
handshake_clip_35,16,1,106.18616077268659,-0.22039503151822254,0.34994513993825566
handshake_clip_35,17,1,107.40295515013713,-0.21673801118333808,0.34994513993825566
handshake_clip_35,18,1,105.62640681178696,-0.13846271815657468,0.3280080849005001
handshake_clip_35,19,1,99.49539406879923,-0.0601874251298113,0.3280080849005001
handshake_clip_35,20,1,-35.86785388873439,0.0011426880896791478,0.3280080849005001
handshake_clip_35,21,1,-38.58065420955052,0.00041661187074591325,0.3280080849005001
handshake_clip_35,22,1,-40.8392845185791,-0.0003094643481873213,0.3280080849005001
handshake_clip_35,23,1,-42.74344175539869,-0.001035540567120556,0.3280080849005001
handshake_clip_35,24,1,-44.367130214919555,-0.0017616167860537903,0.1974444848534044
handshake_clip_35,25,1,-45.76594823376445,-0.0024876930049870247,0.0007809660871119253
handshake_clip_35,26,1,-42.502022588380605,0.06337477453621432,0.8247926512014583
handshake_clip_35,27,1,114.22376443381292,-0.1758289302037212,0.8247926512014583
handshake_clip_35,28,1,112.96959405910444,-0.1820125553369784,0.8247926512014583
handshake_clip_35,29,1,111.75096961323781,-0.18819618047023562,0.8247926512014583
handshake_clip_35,30,1,110.56745729266395,-0.19437980560349283,0.8247926512014583
handshake_clip_35,31,1,109.41852806568951,-0.20056343073675004,0.07736372117201085
handshake_clip_35,32,1,108.30357208922534,-0.20674705587000727,0.002132139604183832
handshake_clip_35,33,1,107.22191209377633,-0.21293068100326448,0.002132139604183832
handshake_clip_35,34,1,106.17281567624576,-0.2191143061365217,0.002132139604183832
handshake_clip_35,35,1,105.15550647690995,-0.2252979312697789,0.002132139604183832
handshake_clip_35,36,1,94.59448533039244,-0.1457551574541611,0.10059131910576688
handshake_clip_35,37,1,87.23140132237792,-0.06621238363854327,0.10059131910576688
handshake_clip_35,38,1,88.90902094182839,-0.07877060135794517,0.10059131910576688
handshake_clip_35,39,1,90.93906023917555,-0.09132881907734706,0.10059131910576688
handshake_clip_35,40,1,97.02990894485552,-0.11476988371765623,0.10059131910576688
handshake_clip_35,41,1,101.16514293514443,-0.13318764846366798,0.10059131910576682
handshake_clip_35,42,1,104.82081201301378,-0.15160541320967974,0.06871263775681193
handshake_clip_35,43,1,108.0507205454471,-0.17002317795569152,0.06871263775681193
handshake_clip_35,44,1,110.90786452779483,-0.18844094270170328,0.06871263775681197
handshake_clip_35,45,1,110.01268313784028,-0.14267068252060253,0.18960038221633235
handshake_clip_35,46,1,108.15017072895394,-0.09690042233950177,0.18960038221633244
handshake_clip_35,47,1,101.95524806305363,-0.05113016215840102,0.18960038221633244
handshake_clip_35,48,1,-19.74624200679232,-0.00535990197730028,0.18960038221633244
handshake_clip_35,49,1,95.78626899284242,-0.04585486909916766,0.18960038221633244
handshake_clip_35,50,1,103.49885667853525,-0.08634983622103504,0.18960038221633244
handshake_clip_35,51,1,105.81035411669603,-0.1268448033429024,0.18960038221633244
handshake_clip_35,52,1,106.91862180859412,-0.16733977046476978,0.18960038221633238
handshake_clip_35,53,1,107.56865881521105,-0.20783473758663717,0.15223770118529087
handshake_clip_35,54,1,56.50173214252867,-0.050791759296401985,0.3746232939016973
handshake_clip_35,55,1,-35.535298528284244,-0.005695078336614724,0.43901665144236507
handshake_clip_35,56,1,118.31197467309241,-0.030144434850864557,0.43901665144236507
handshake_clip_35,57,1,122.67423802173806,-0.054593791365114386,0.43901665144236507
handshake_clip_35,58,1,101.43979940753509,-0.23755912841920682,0.43901665144236507
handshake_clip_35,59,1,101.4489896418313,-0.23426482432209159,0.43901665144236507
handshake_clip_35,60,1,101.45813035985026,-0.23097052022497633,0.39193518519602505
handshake_clip_35,61,1,101.46722196024002,-0.2276762161278611,0.39193518519602505
handshake_clip_35,62,1,-60.62308398885301,-0.03949458256160192,0.07615018048399236
handshake_clip_35,63,1,-58.35451260496306,-0.021881449355838273,0.3925493797838699
handshake_clip_35,64,1,-41.54795518215621,-0.0042683161500746275,0.3925493797838699
handshake_clip_35,65,1,102.70241169079988,-0.24517253946066822,0.737088651897679
handshake_clip_35,66,1,-68.67236711737719,-0.024619931072415092,0.737088651897679
handshake_clip_35,67,1,-25.31116286322543,-0.10445693070894882,0.737088651897679
handshake_clip_35,68,1,98.3409332468547,-0.19136595042834864,0.737088651897679
handshake_clip_35,69,1,-24.418002158090676,-0.004067633363732166,0.747329776665511
handshake_clip_35,70,1,94.37343838363846,-0.049938902217604664,0.747329776665511
handshake_clip_35,71,1,98.18645788703891,-0.20855077599492225,0.7483557633092256
handshake_clip_35,72,1,94.38342495476061,-0.1978277812197006,0.7483557633092256
handshake_clip_35,73,1,92.73654843313496,-0.15461798106213107,0.7483557633092256
handshake_clip_35,74,1,93.76296392480741,-0.10103702802720699,0.7483557633092256
handshake_clip_35,75,1,97.90036251269272,-0.04745607499228291,0.7483557633092256
handshake_clip_35,76,1,-77.81091411586144,-0.1272157253167734,0.706404506804165
handshake_clip_35,77,1,98.81402100571883,-0.26273780615719033,0.706404506804165
handshake_clip_35,78,1,106.96401045845646,-0.2415893816113907,0.706404506804165
handshake_clip_35,79,1,76.83244529301227,-0.16827429197701343,0.706404506804165
handshake_clip_35,80,1,-71.8605142337096,-0.14701262801196432,0.706404506804165
handshake_clip_35,81,1,59.928861032079936,-0.16349460253122314,0.2516611009858571
handshake_clip_35,82,1,92.21001822288946,-0.17997657705048195,0.1641975361149576
handshake_clip_35,83,1,70.05940509024886,-0.14350848059119445,0.1641975361149576
handshake_clip_35,84,1,-76.30575722072062,-0.10704038413190696,0.1641975361149576
handshake_clip_35,85,1,-9.47061856506426,-0.13032324963064243,0.0739460909385057
handshake_clip_35,86,1,72.12991097488671,-0.15360611512937788,0.07394609093850572
handshake_clip_35,87,1,81.2649795029576,-0.1613502000467406,0.07394609093850572
handshake_clip_35,88,1,49.839005711994936,-0.10122888398677783,0.17897156588278285
handshake_clip_35,89,1,96.32487244313815,-0.22314011841004336,0.17897156588278285
handshake_clip_32,0,1,68.6462907548212,-0.049809930470828996,0.0
handshake_clip_32,1,1,68.6462907548212,-0.049809930470828996,0.2418560235197816
handshake_clip_32,2,1,68.6462907548212,-0.049809930470828996,0.2418560235197816
handshake_clip_32,3,1,68.6462907548212,-0.049809930470828996,0.2418560235197816
handshake_clip_32,4,1,68.6462907548212,-0.049809930470828996,0.2418560235197816
handshake_clip_32,5,1,68.6462907548212,-0.049809930470828996,0.0
handshake_clip_32,6,1,68.6462907548212,-0.049809930470828996,0.0
handshake_clip_32,7,1,68.6462907548212,-0.049809930470828996,0.0
handshake_clip_32,8,1,68.24344114223649,-0.07368097934349606,0.02647528703731968
handshake_clip_32,9,1,67.95790219531116,-0.09755202821616309,0.02647528703731968
handshake_clip_32,10,1,67.74495455644613,-0.12142307708883016,0.02647528703731968
handshake_clip_32,11,1,67.58004245676304,-0.14529412596149718,0.02647528703731968
handshake_clip_32,12,1,67.44856189999489,-0.16916517483416427,0.026475287037319755
handshake_clip_32,13,1,67.34128351294076,-0.1930362237068313,0.026475287037319755
handshake_clip_32,14,1,67.25208859039186,-0.21690727257949835,0.026475287037319755
handshake_clip_32,15,1,67.17676051229867,-0.2407783214521654,0.026475287037319755
handshake_clip_32,16,1,67.112298978146,-0.26464937032483243,0.026475287037319755
handshake_clip_32,17,1,44.458794811427985,-0.2633178452230709,0.038428794941151034
handshake_clip_32,18,1,57.94443459389169,-0.25121774378659434,0.038428794941151034
handshake_clip_32,19,1,68.42969829644466,-0.23911764235011787,0.038428794941151034
handshake_clip_32,20,1,76.3223814488136,-0.22701754091364132,0.038428794941151034
handshake_clip_32,21,1,82.26910949690034,-0.21491743947716482,0.038428794941151034
handshake_clip_32,22,1,86.81990270011343,-0.2028173380406883,0.023012123468276677
handshake_clip_32,23,1,86.84101254401297,-0.13058950504847644,0.046427742183370264
handshake_clip_32,24,1,84.62654936255275,-0.1505108195279803,0.046427742183370264
handshake_clip_32,25,1,82.53206473018774,-0.1704321340074841,0.046427742183370264
handshake_clip_32,26,1,80.55322263068724,-0.19035344848698793,0.046427742183370264
handshake_clip_32,27,1,78.68504710441684,-0.21027476296649178,0.046427742183370264
handshake_clip_32,28,1,79.37879349187352,-0.2055581968840935,0.011855162993685405
handshake_clip_32,29,1,80.03302291019217,-0.2008416308016952,0.011855162993685405
handshake_clip_32,30,1,80.65086137826357,-0.19612506471929692,0.011855162993685405
handshake_clip_32,31,1,82.50584821510984,-0.16265962856567737,0.06118305744773477
handshake_clip_32,32,1,84.56914907443871,-0.12919419241205782,0.06118305744773477
handshake_clip_32,33,1,82.81167062391125,-0.20224372605164825,0.07389759068588282
handshake_clip_32,34,1,81.1653075089372,-0.2752932596912387,0.07389759068588282
handshake_clip_32,35,1,-94.49714284097043,-0.07612868051268142,0.07389759068588282
handshake_clip_32,36,1,85.48753510809726,-0.1382260268116226,0.08021742330401219
handshake_clip_32,37,1,85.49146820125625,-0.20032337311056378,0.08021742330401219
handshake_clip_32,38,1,85.01787055052179,-0.1688414242998703,0.08021742330401219
handshake_clip_32,39,1,84.50701118245384,-0.13735947548917685,0.08021742330401219
handshake_clip_32,40,1,88.06494695059934,-0.15894578138230023,0.08021742330401219
handshake_clip_32,41,1,74.86175202914833,-0.08609779037415682,0.08021742330401219
handshake_clip_32,42,1,16.264927898012978,-0.013249799366013419,0.05816871918329381
handshake_clip_32,43,1,-94.21969255879017,-0.12277004170931595,0.3803726931193677
handshake_clip_32,44,1,69.57775410593383,-0.42458330742908856,0.3803726931193677
handshake_clip_32,45,1,65.17855339783023,-0.28302084369672903,0.3803726931193677
handshake_clip_32,46,1,53.98504808327413,-0.1414583799643694,0.3803726931193677
handshake_clip_32,47,1,3.565292235274835,0.00010408376799013659,0.3803726931193677
handshake_clip_32,48,1,10.728879078691012,-0.013859778877847543,0.12134714125752592
handshake_clip_32,49,1,82.89894657905498,0.0012356169355135869,0.3962020113955438
handshake_clip_32,50,1,74.48602526035215,-0.3077246589868139,0.3962020113955438
handshake_clip_32,51,1,61.87328366735266,-0.21574660417996935,0.3962020113955438
handshake_clip_32,52,1,32.26755204087548,-0.12376854937312486,0.3962020113955438
handshake_clip_32,53,1,-16.670163348351824,-0.03179049456628035,0.3962020113955438
handshake_clip_32,54,1,83.25181479998365,0.007379908106280161,0.19852398386862824
handshake_clip_32,55,1,82.73776072481546,-0.01842528312753751,0.19852398386862824
handshake_clip_32,56,1,81.41628656816533,-0.04423047436135518,0.19852398386862824
handshake_clip_32,57,1,70.59693415415319,-0.07003566559517285,0.19852398386862824
handshake_clip_32,58,1,-90.35269946454036,-0.09584085682899053,0.19852398386862824
handshake_clip_32,59,1,-93.37115979813535,-0.1216460480628082,0.029795186659694713
handshake_clip_32,60,1,-94.18021902901141,-0.14745123929662587,0.029795186659694713
handshake_clip_32,61,1,-94.55555301110098,-0.17325643053044354,0.029795186659694713
handshake_clip_32,62,1,-135.7643873059683,-0.14407776091474025,0.10442407751899221
handshake_clip_32,63,1,-121.14039712206191,-0.14704191901921596,0.10442407751899221
handshake_clip_32,64,1,-109.52748723218257,-0.15000607712369168,0.10442407751899221
handshake_clip_32,65,1,-100.7577949206352,-0.15297023522816738,0.10442407751899221
handshake_clip_32,66,1,-98.37152861504366,-0.14786935456321726,0.10442407751899221
handshake_clip_32,67,1,-96.66063952267741,-0.14276847389826716,0.017743694804600342
handshake_clip_32,68,1,-95.3760537461845,-0.13766759323331704,0.017743694804600342
handshake_clip_32,69,1,-79.23057453128929,-0.15592497355693993,0.017743694804600342
handshake_clip_32,70,1,-38.093503119368116,-0.1741823538805628,0.012197895527275092
handshake_clip_32,71,1,11.053206861506682,-0.1924397342041857,0.012197895527275092
handshake_clip_32,72,1,69.82069582803145,-0.05140295769641049,0.1855322924380651
handshake_clip_32,73,1,69.42332938639596,-0.04503683597933156,0.1855322924380651
handshake_clip_32,74,1,-112.82753676064719,-0.16994733024645822,0.2801755665263711
handshake_clip_32,75,1,-140.90952804047024,-0.10608256903956458,0.2801755665263711
handshake_clip_32,76,1,81.29005366506873,-0.04221780783267092,0.2801755665263711
handshake_clip_32,77,1,28.010597045121376,-0.2006798091656207,0.2801755665263711
handshake_clip_32,78,1,-109.64292308436218,-0.2210225471442015,0.2801755665263711
handshake_clip_32,79,1,74.68550938854746,-0.04630942793647818,0.14819816786205425
handshake_clip_32,80,1,100.46188026042019,-0.043728845031012036,0.14819816786205425
handshake_clip_32,81,1,55.10033201614243,-0.24172297192478706,0.2614446158488692
handshake_clip_32,82,1,59.60955473936464,-0.20649852002779312,0.2614446158488692
handshake_clip_32,83,1,79.75043729294279,-0.13041737373249873,0.2614446158488692
handshake_clip_32,84,1,-131.49527482725426,-0.05433622743720434,0.2614446158488692
handshake_clip_32,85,1,91.1538832970066,-0.061888988424346446,0.2614446158488692
handshake_clip_32,86,1,60.71890899076643,-0.04997452068850805,0.20439734235664747
handshake_clip_32,87,1,80.08131181402732,-0.0564562821284333,0.20439734235664747
handshake_clip_32,88,1,88.32378547876685,-0.06293804356835855,0.20439734235664747
handshake_clip_32,89,1,88.32378547876685,-0.06293804356835855,0.20439734235664747
handshake_clip_14,0,1,143.27919133683213,-0.020220451632624686,0.0
handshake_clip_14,1,1,146.39370439967877,-0.03255973206206156,0.6486935409813382
handshake_clip_14,2,1,154.98361911365285,-0.044899012491498434,0.6486935409813382
handshake_clip_14,3,1,151.29840492982802,-0.04187933937844444,0.6486935409813382
handshake_clip_14,4,1,149.56386674060957,-0.038859666265390454,0.6486935409813382
handshake_clip_14,5,1,148.55712387767315,-0.035839993152336456,0.18723451792856935
handshake_clip_14,6,1,158.5468349535382,-0.03778117872229809,0.3363301557702111
handshake_clip_14,7,1,160.19082074454542,-0.034737903836950516,0.3363301557702111
handshake_clip_14,8,1,161.6494663819431,-0.031694628951602945,0.3363301557702111
handshake_clip_14,9,1,162.95083398637564,-0.028651354066255373,0.3363301557702111
handshake_clip_14,10,1,96.98225404524885,-0.03512532880077393,0.3363301557702111
handshake_clip_14,11,1,-155.0268118018569,-0.03416947756391166,0.09976945230649875
handshake_clip_14,12,1,-131.9034578165469,-0.03321362632704938,0.09976945230649875
handshake_clip_14,13,1,-126.47168456751798,-0.0322577750901871,0.09976945230649875
handshake_clip_14,14,1,-123.405533489126,-0.03135550466353715,0.09976945230649875
handshake_clip_14,15,1,43.52252748495904,-0.0304532342368872,0.023873081641129473
handshake_clip_14,16,1,-24.73074441035367,-0.007704850162653471,0.18554929186481728
handshake_clip_14,17,1,0.36144456995320656,-0.012365555716343039,0.18554929186481728
handshake_clip_14,18,1,51.429215849430136,-0.034276636043415395,0.19315571502203677
handshake_clip_14,19,1,90.27613662506437,-0.05570162117408722,0.19315571502203677
handshake_clip_14,20,1,96.93243994961328,-0.07712660630475904,0.19315571502203677
handshake_clip_14,21,1,99.56166173741244,-0.09855159143543085,0.19315571502203677
handshake_clip_14,22,1,100.96347190442842,-0.11997657656610268,0.19315571502203677
handshake_clip_14,23,1,94.66241716227896,-0.11084236813704249,0.0763520352591226
handshake_clip_14,24,1,93.5340693497676,-0.10461405610909458,0.0763520352591226
handshake_clip_14,25,1,92.23614683691123,-0.09838574408114667,0.0763520352591226
handshake_clip_14,26,1,90.72900683273019,-0.09215743205319876,0.07635203525912253
handshake_clip_14,27,1,99.39256596299728,-0.11929080419506016,0.05597098410751458
handshake_clip_14,28,1,99.0889400712945,-0.13542599465824876,0.05597098410751458
handshake_clip_14,29,1,93.09545287550907,-0.14112147668295447,0.05597098410751458
handshake_clip_14,30,1,97.8543682880987,-0.1139953154683439,0.05597098410751458
handshake_clip_14,31,1,91.27468698468451,-0.09679476717620608,0.05597098410751458
handshake_clip_14,32,1,103.4599371356559,-0.12587223839193476,0.03651215025794067
handshake_clip_14,33,1,97.9533347506247,-0.1296221906958408,0.03651215025794067
handshake_clip_14,34,1,92.12458973816886,-0.11798240726301393,0.03651215025794067
handshake_clip_14,35,1,98.39573517596504,-0.12136898981017903,0.03651215025794067
handshake_clip_14,36,1,89.98220952539752,-0.10502246657617316,0.020464766573343496
handshake_clip_14,37,1,97.05656107485507,-0.12270089453627973,0.014370415536878883
handshake_clip_14,38,1,98.44980555575304,-0.13207736558464944,0.021693717780458577
handshake_clip_14,39,1,96.98308047241896,-0.12534289811125632,0.021693717780458577
handshake_clip_14,40,1,93.70224191382414,-0.11688835251874252,0.021693717780458577
handshake_clip_14,41,1,97.69893443864292,-0.13351354576354874,0.021693717780458577
handshake_clip_14,42,1,97.02848444277028,-0.13476455236853718,0.021693717780458577
handshake_clip_14,43,1,96.35989894222845,-0.13601555897352563,0.019465194610110603
handshake_clip_14,44,1,18.813347490622103,-0.009052358597571676,0.48052780591293687
handshake_clip_14,45,1,93.38444735845727,-0.061828343776461715,0.48052780591293687
handshake_clip_14,46,1,95.41178634810484,-0.11460432895535175,0.48052780591293687
handshake_clip_14,47,1,96.72851154260853,-0.11692220125336421,0.48052780591293687
handshake_clip_14,48,1,98.09069679252018,-0.11924007355137668,0.48052780591293687
handshake_clip_14,49,1,99.4991166659864,-0.12155794584938914,0.23146486140992864
handshake_clip_14,50,1,97.53589883381306,-0.12058660713073263,0.23146486140992864
handshake_clip_14,51,1,95.57322037804654,-0.1196152684120761,0.012420800065316534
handshake_clip_14,52,1,94.13718614429565,-0.11293055377561244,0.015652527762885223
handshake_clip_14,53,1,94.89347192748623,-0.11736103494831696,0.015652527762885223
handshake_clip_14,54,1,95.62674832046157,-0.12179151612102146,0.015652527762885223
handshake_clip_14,55,1,95.06476981176291,-0.11380645456595316,0.015652527762885223
handshake_clip_14,56,1,94.45708149882314,-0.10582139301088486,0.015652527762885223
handshake_clip_14,57,1,93.79802514897777,-0.09783633145581658,0.004183855688116781
handshake_clip_14,58,1,93.08099889826273,-0.08985126990074828,0.004183855688116781
handshake_clip_14,59,1,94.4919099528888,-0.09502879465241652,0.010916304265551796
handshake_clip_14,60,1,95.89915735270428,-0.10020631940408477,0.010916304265551796
handshake_clip_14,61,1,97.30106613706344,-0.10538384415575301,0.010916304265551796
handshake_clip_14,62,1,115.10830629390762,-0.07310167994285872,0.21861206726127183
handshake_clip_14,63,1,171.19214710177712,-0.04081951572996443,0.21861206726127183
handshake_clip_14,64,1,112.25352031692049,-0.07425502437149584,0.21861206726127183
handshake_clip_14,65,1,96.90208435001459,-0.10769053301302726,0.21861206726127183
handshake_clip_14,66,1,90.93126239652969,-0.0967111584936617,0.21861206726127183
handshake_clip_14,67,1,-62.97841719220163,-0.08573178397429612,0.2186120672612718
handshake_clip_14,68,1,-74.76432845097759,-0.07475240945493056,0.208035552241216
handshake_clip_14,69,1,-74.46026701182602,-0.06616758589481246,0.208035552241216
handshake_clip_14,70,1,-74.06904729958353,-0.057582762334694365,0.047317634568430265
handshake_clip_14,71,1,-73.54698306923355,-0.04899793877457626,0.047317634568430265
handshake_clip_14,72,1,-72.81540422283742,-0.040413115214458166,0.047317634568430265
handshake_clip_14,73,1,-71.71700649842631,-0.03182829165434007,0.047317634568430265
handshake_clip_14,74,1,-69.88559004344096,-0.02324346809422197,0.04731763456843024
handshake_clip_14,75,1,-66.23335921870594,-0.014658644534103872,0.04731763456843024
handshake_clip_14,76,1,-55.614347409524385,-0.006073820973985775,0.04731763456843024
handshake_clip_14,77,1,18.98839445243037,0.0025110025861323237,0.04731763456843024
handshake_clip_14,78,1,-8.534556477367937,-0.0037935558816854344,0.04731763456843024
handshake_clip_14,79,1,168.559080860028,-0.011632420189457045,0.2538104609987714
handshake_clip_14,80,1,168.74493884976474,-0.019471284497228653,0.2538104609987714
handshake_clip_14,81,1,163.90946359205515,-0.020898126199863712,0.2538104609987714
handshake_clip_14,82,1,159.16697488580706,-0.02232496790249877,0.2538104609987714
handshake_clip_14,83,1,154.57713094541165,-0.023751809605133827,0.2538104609987714
handshake_clip_14,84,1,150.18815923486426,-0.025178651307768887,0.2538104609987714
handshake_clip_14,85,1,148.70117436825134,-0.023754539189262333,0.017838648039381833
handshake_clip_14,86,1,147.17404104814182,-0.02233042707075578,0.017838648039381833
handshake_clip_14,87,1,145.60736820491638,-0.020906314952249226,0.017838648039381858
handshake_clip_14,88,1,144.00203287449293,-0.019482202833742673,0.017838648039381858
handshake_clip_14,89,1,144.00203287449293,-0.019482202833742673,0.017838648039381858
handshake_clip_13,0,1,117.74810987706208,-0.010297300173512235,0.0
handshake_clip_13,1,1,122.46660841691198,-0.011201645806184456,0.41035651378876936
handshake_clip_13,2,1,126.95698500742881,-0.012105991438856677,0.41035651378876936
handshake_clip_13,3,1,131.18460784684643,-0.0130103370715289,0.41035651378876936
handshake_clip_13,4,1,135.13005640888034,-0.01391468270420112,0.41035651378876936
handshake_clip_13,5,1,138.7870190768626,-0.014819028336873341,0.0010060946396989157
handshake_clip_13,6,1,144.27244871582923,-0.013324587529657655,0.017683072496132893
handshake_clip_13,7,1,154.614426731344,-0.011830146722441969,0.017683072496132893
handshake_clip_13,8,1,-60.275209404023755,0.0007182297186858079,0.3609615980622646
handshake_clip_13,9,1,-60.33320240371474,-0.00043994779130964573,0.3609615980622646
handshake_clip_13,10,1,-60.40068436010523,-0.0015981253013050995,0.3609615980622646
handshake_clip_13,11,1,-60.48019144684219,-0.002756302811300553,0.3609615980622646
handshake_clip_13,12,1,-60.57525193328115,-0.003914480321296007,0.3609615980622646
handshake_clip_13,13,1,-60.69092379903142,-0.0050726578312914605,0.020093734086214832
handshake_clip_13,14,1,-60.83472437190925,-0.006230835341286914,0.020093734086214832
handshake_clip_13,15,1,-61.01833154281683,-0.007389012851282368,0.020093734086214832
handshake_clip_13,16,1,-61.26092334828465,-0.008547190361277822,0.020093734086214832
handshake_clip_13,17,1,-61.59634772515764,-0.009705367871273275,0.020093734086214832
handshake_clip_13,18,1,-62.09045425245838,-0.010863545381268729,0.020093734086214832
handshake_clip_13,19,1,-62.89056276386844,-0.012021722891264183,0.020093734086214832
handshake_clip_13,20,1,-64.4074359362939,-0.013179900401259636,0.020093734086214832
handshake_clip_13,21,1,-68.37174962777189,-0.01433807791125509,0.020093734086214832
handshake_clip_13,22,1,-100.30646199147354,-0.015496255421250544,0.020093734086214832
handshake_clip_13,23,1,134.21295604581704,-0.016654432931245997,0.020093734086214832
handshake_clip_13,24,1,126.59650511644757,-0.01781261044124145,0.020093734086214832
handshake_clip_13,25,1,124.4088324899079,-0.018970787951236905,0.020093734086214832
handshake_clip_13,26,1,123.37444652998825,-0.020128965461232357,0.020093734086214832
handshake_clip_13,27,1,121.29208599870717,-0.02031100635465195,0.020093734086214832
handshake_clip_13,28,1,119.29880835270858,-0.020493047248071546,0.020093734086214832
handshake_clip_13,29,1,117.39353664100766,-0.02067508814149114,0.020093734086214832
handshake_clip_13,30,1,115.57450849570711,-0.020857129034910736,0.020093734086214832
handshake_clip_13,31,1,113.83942174970745,-0.021039169928330333,0.0006412607628726789
handshake_clip_13,32,1,112.185565383928,-0.02122121082174993,0.0006412607628726789
handshake_clip_13,33,1,110.60993407682233,-0.021403251715169522,0.0006412607628726789
handshake_clip_13,34,1,109.1093259949449,-0.02158529260858912,0.0006412607628726789
handshake_clip_13,35,1,107.68042442586848,-0.021767333502008712,0.0006412607628726789
handshake_clip_13,36,1,106.31986447281895,-0.021949374395428305,0.0006412607628726789
handshake_clip_13,37,1,105.02428637516135,-0.022131415288847902,0.0006412607628726789
handshake_clip_13,38,1,103.79037716037094,-0.022313456182267495,0.0006412607628726789
handshake_clip_13,39,1,102.61490233291137,-0.02249549707568709,0.0006412607628726789
handshake_clip_13,40,1,101.49472921378324,-0.02267753796910669,0.0006412607628726789
handshake_clip_13,41,1,100.42684339976806,-0.022859578862526285,0.0006412607628726789
handshake_clip_13,42,1,99.40835964146058,-0.023041619755945878,0.0006412607628726789
handshake_clip_13,43,1,98.43652826304765,-0.023223660649365475,0.0006412607628726789
handshake_clip_13,44,1,97.50873807678227,-0.023405701542785068,0.0006412607628726789
handshake_clip_13,45,1,-95.75412205695532,-0.03919928543130522,0.5379567438231826
handshake_clip_13,46,1,-95.97654252974564,-0.037655071343667114,0.5379567438231826
handshake_clip_13,47,1,-96.36882870505306,-0.03611085725602901,0.5379567438231826
handshake_clip_13,48,1,-97.24561518139248,-0.034566643168390906,0.5379567438231826
handshake_clip_13,49,1,-100.94518169734464,-0.0330224290807528,0.5379567438231826
handshake_clip_13,50,1,94.6762790717577,-0.03147821499311469,0.10844616887307659
handshake_clip_13,51,1,-112.46961083889593,-0.029743323225031707,0.17762072920332633
handshake_clip_13,52,1,-107.49289156692578,-0.028008431456948722,0.17762072920332642
handshake_clip_13,53,1,-106.1988234083863,-0.026273539688865737,0.17762072920332642
handshake_clip_13,54,1,-106.96627917468541,-0.026408254119378298,0.17762072920332642
handshake_clip_13,55,1,-107.9813028832225,-0.02654296854989086,0.17762072920332642
handshake_clip_13,56,1,-109.38562312973158,-0.02667768298040342,0.17762072920332642
handshake_clip_13,57,1,-111.4530673397951,-0.02681239741091598,0.17762072920332642
handshake_clip_13,58,1,-114.78602111354293,-0.026947111841428537,0.05965423317496118
handshake_clip_13,59,1,-120.98850117945634,-0.027081826271941098,0.05965423317496118
handshake_clip_13,60,1,-135.76270572962292,-0.02721654070245366,0.05965423317496118
handshake_clip_13,61,1,177.53371582403534,-0.02735125513296622,0.05965423317496118
handshake_clip_13,62,1,120.6731003948844,-0.02748596956347878,0.05965423317496118
handshake_clip_13,63,1,119.44011503133241,-0.027160690591575304,0.05965423317496118
handshake_clip_13,64,1,118.16233529181197,-0.026835411619671824,0.05965423317496114
handshake_clip_13,65,1,116.83861686634941,-0.026510132647768345,0.05965423317496114
handshake_clip_13,66,1,115.46792796798307,-0.02618485367586487,0.05965423317496114
handshake_clip_13,67,1,105.4279080890188,-0.024951371819071227,0.002676894085945451
handshake_clip_13,68,1,106.25447553273504,-0.022904849403102962,0.002676894085945451
handshake_clip_13,69,1,107.11969413239733,-0.020858326987134697,0.002676894085945451
handshake_clip_13,70,1,108.02591619580842,-0.018811804571166435,0.002676894085945451
handshake_clip_13,71,1,108.97564001732785,-0.01676528215519817,0.002676894085945451
handshake_clip_13,72,1,98.74892385984332,-0.025122085522021068,0.00759968222752951
handshake_clip_13,73,1,95.57738635524856,-0.03347888888884396,0.00759968222752951
handshake_clip_13,74,1,-75.7187480717623,0.009437970987214236,0.015108473732842093
handshake_clip_13,75,1,164.14620626633385,-0.005354427854545206,0.015108473732842093
handshake_clip_13,76,1,133.82322688762835,-0.02014682669630465,0.015108473732842093
handshake_clip_13,77,1,129.75165686982083,-0.019762198407479455,0.015108473732842093
handshake_clip_13,78,1,126.10572907416018,-0.019377570118654264,0.015108473732842093
handshake_clip_13,79,1,122.84724793377197,-0.01899294182982907,0.011839821568463898
handshake_clip_13,80,1,153.0492262405257,-0.012224430993072131,0.011839821568463877
handshake_clip_13,81,1,-99.61195397336812,0.00230069983994947,0.021258505778224992
handshake_clip_13,82,1,-162.51236138935465,-0.004621323821830008,0.021258505778224992
handshake_clip_13,83,1,169.49468654427886,-0.011543347483609485,0.021258505778224992
handshake_clip_13,84,1,56.39996382954502,-0.015929761298394792,0.021258505778224992
handshake_clip_13,85,1,153.94064435406392,-0.01432549111931532,0.02283140483056999
handshake_clip_13,86,1,144.9822548703657,-0.015358072801536282,0.02283140483056999
handshake_clip_13,87,1,74.41558872138991,-0.016390654483757244,0.02283140483056999
handshake_clip_13,88,1,179.69526596571185,-0.010346334373572477,0.03634026137138445
handshake_clip_13,89,1,-36.75241547397164,-0.004801188792143251,0.03634026137138445
handshake_clip_25,0,1,113.37129368066346,-0.18386831231171633,0.0
handshake_clip_25,1,1,113.37129368066346,-0.18386831231171633,0.47476471968839246
handshake_clip_25,2,1,113.37129368066346,-0.18386831231171633,0.47476471968839246
handshake_clip_25,3,1,113.37129368066346,-0.18386831231171633,0.47476471968839246
handshake_clip_25,4,1,113.37129368066346,-0.18386831231171633,0.47476471968839246
handshake_clip_25,5,1,113.37129368066346,-0.18386831231171633,0.0
handshake_clip_25,6,1,113.37129368066346,-0.18386831231171633,0.0
handshake_clip_25,7,1,113.37129368066346,-0.18386831231171633,0.0
handshake_clip_25,8,1,113.37129368066346,-0.18386831231171633,0.0
handshake_clip_25,9,1,113.37129368066346,-0.18386831231171633,0.0
handshake_clip_25,10,1,113.37129368066346,-0.18386831231171633,0.0
handshake_clip_25,11,1,113.37129368066346,-0.18386831231171633,0.0
handshake_clip_25,12,1,113.37129368066346,-0.18386831231171633,0.0
handshake_clip_25,13,1,113.37129368066346,-0.18386831231171633,0.0
handshake_clip_25,14,1,113.37129368066346,-0.18386831231171633,0.0
handshake_clip_25,15,1,113.37129368066346,-0.18386831231171633,0.0
handshake_clip_25,16,1,113.37129368066346,-0.18386831231171633,0.0
handshake_clip_25,17,1,113.37129368066346,-0.18386831231171633,0.0
handshake_clip_25,18,1,113.37129368066346,-0.18386831231171633,0.0
handshake_clip_25,19,1,113.37129368066346,-0.18386831231171633,0.0
handshake_clip_25,20,1,113.37129368066346,-0.18386831231171633,0.0
handshake_clip_25,21,1,113.37129368066346,-0.18386831231171633,0.0
handshake_clip_25,22,1,113.37129368066346,-0.18386831231171633,0.0
handshake_clip_25,23,1,113.37129368066346,-0.18386831231171633,0.0
handshake_clip_25,24,1,113.37129368066346,-0.18386831231171633,0.0
handshake_clip_25,25,1,113.37129368066346,-0.18386831231171633,0.0
handshake_clip_25,26,1,171.00688163397834,-0.029281788219805,0.17098345817945723
handshake_clip_25,27,1,173.77091087725614,-0.03507406215837714,0.17098345817945723
handshake_clip_25,28,1,177.06794783297616,-0.040866336096949285,0.17098345817945723
handshake_clip_25,29,1,-178.96096780671314,-0.04665861003552143,0.17098345817945723
handshake_clip_25,30,1,-174.13815013386173,-0.052450883974093566,0.17098345817945723
handshake_clip_25,31,1,-168.2519182662154,-0.05824315791266571,0.008862145240785525
handshake_clip_25,32,1,-161.08049781658278,-0.06403543185123786,0.008862145240785525
handshake_clip_25,33,1,-152.4601864434923,-0.06982770578981,0.008862145240785525
handshake_clip_25,34,1,-142.4156828245805,-0.07561997972838214,0.008862145240785525
handshake_clip_25,35,1,-131.31235493079404,-0.08141225366695429,0.008862145240785525
handshake_clip_25,36,1,-119.88194208630291,-0.08720452760552642,0.008862145240785525
handshake_clip_25,37,1,-108.9900710580573,-0.09299680154409856,0.008862145240785525
handshake_clip_25,38,1,-99.28720238005297,-0.0987890754826707,0.008862145240785525
handshake_clip_25,39,1,-91.0416342369137,-0.10458134942124284,0.008862145240785525
handshake_clip_25,40,1,-84.21512677489896,-0.110373623359815,0.008862145240785525
handshake_clip_25,41,1,-78.61943999063513,-0.11616589729838714,0.008862145240785525
handshake_clip_25,42,1,-74.03111841671328,-0.12195817123695928,0.008862145240785525
handshake_clip_25,43,1,-70.24599836513173,-0.1277504451755314,0.008862145240785525
handshake_clip_25,44,1,-67.09588374839505,-0.13354271911410356,0.008862145240785525
handshake_clip_25,45,1,133.1855889449863,-0.11525500781834808,0.012300039160438318
handshake_clip_25,46,1,130.58209668755816,-0.12652764685200185,0.012300039160438318
handshake_clip_25,47,1,128.1300922912514,-0.13780028588565565,0.012300039160438318
handshake_clip_25,48,1,125.82494780992447,-0.14907292491930946,0.012300039160438318
handshake_clip_25,49,1,123.6606688095612,-0.16034556395296323,0.012300039160438318
handshake_clip_25,50,1,121.63035935431833,-0.17161820298661704,0.003961839730779233
handshake_clip_25,51,1,119.72660078757427,-0.1828908420202708,0.003961839730779233
handshake_clip_25,52,1,117.94174854978074,-0.19416348105392459,0.003961839730779233
handshake_clip_25,53,1,116.26815624832403,-0.20543612008757842,0.003961839730779233
handshake_clip_25,54,1,114.69833828372164,-0.2167087591212322,0.003961839730779233
handshake_clip_25,55,1,113.22508254225303,-0.22798139815488597,0.003961839730779233
handshake_clip_25,56,1,111.84152378422878,-0.23925403718853977,0.003961839730779233
handshake_clip_25,57,1,110.54118695569224,-0.25052667622219355,0.003961839730779233
handshake_clip_25,58,1,114.4424223810735,-0.22882614234300144,0.003961839730779233
handshake_clip_25,59,1,118.61015188479209,-0.20712560846380934,0.003961839730779233
handshake_clip_25,60,1,123.02419192336295,-0.18542507458461724,0.003961839730779233
handshake_clip_25,61,1,127.65037925821343,-0.16372454070542514,0.003961839730779213
handshake_clip_25,62,1,132.44033850472815,-0.14202400682623303,0.0035549866808547072
handshake_clip_25,63,1,141.31442214140827,-0.11668149897466404,0.018595059519564736
handshake_clip_25,64,1,151.20461483067876,-0.09133899112309504,0.018595059519564736
handshake_clip_25,65,1,161.63445802124707,-0.06599648327152605,0.018595059519564736
handshake_clip_25,66,1,171.9464520157405,-0.04065397541995705,0.018595059519564736
handshake_clip_25,67,1,126.52509324031361,-0.13579529866836984,0.04797036515396141
handshake_clip_25,68,1,126.23797268871974,-0.12752209996826017,0.04797036515396141
handshake_clip_25,69,1,125.92984625645589,-0.1192489012681505,0.04797036515396141
handshake_clip_25,70,1,125.59834117055283,-0.11097570256804085,0.04797036515396141
handshake_clip_25,71,1,125.24071673508595,-0.10270250386793117,0.04797036515396141
handshake_clip_25,72,1,124.85379090915822,-0.0944293051678215,0.02437446875016402
handshake_clip_25,73,1,124.43384878743463,-0.08615610646771184,0.02437446875016402
handshake_clip_25,74,1,123.97652763044672,-0.07788290776760218,0.02437446875016402
handshake_clip_25,75,1,123.47667123351876,-0.0696097090674925,0.02437446875016402
handshake_clip_25,76,1,122.9281438212389,-0.061336510367382836,0.024374468750164
handshake_clip_25,77,1,122.32358997181011,-0.05306331166727317,0.024374468750164
handshake_clip_25,78,1,121.65412180520643,-0.0447901129671635,0.024374468750164
handshake_clip_25,79,1,120.90890704032917,-0.036516914267053835,0.02437446875016397
handshake_clip_25,80,1,120.07462035877363,-0.02824371556694416,0.02437446875016397
handshake_clip_25,81,1,120.07462035877363,-0.02824371556694416,0.02437446875016397
handshake_clip_25,82,1,120.07462035877363,-0.02824371556694416,0.02437446875016397
handshake_clip_25,83,1,120.07462035877363,-0.02824371556694416,0.02437446875016397
handshake_clip_25,84,1,120.07462035877363,-0.02824371556694416,0.02437446875016397
handshake_clip_25,85,1,120.07462035877363,-0.02824371556694416,0.0
handshake_clip_25,86,1,120.07462035877363,-0.02824371556694416,0.0
handshake_clip_25,87,1,120.07462035877363,-0.02824371556694416,0.0
handshake_clip_25,88,1,120.07462035877363,-0.02824371556694416,0.0
handshake_clip_25,89,1,120.07462035877363,-0.02824371556694416,0.0
handshake_clip_22,0,1,71.26485717497965,-0.030157259285019132,0.0
handshake_clip_22,1,1,73.45977877413306,-0.032059821869248065,0.678758402513337
handshake_clip_22,2,1,75.30260458750438,-0.033962384453477,0.678758402513337
handshake_clip_22,3,1,76.8687227624653,-0.03586494703770593,0.678758402513337
handshake_clip_22,4,1,78.21421072876275,-0.03776750962193486,0.678758402513337
handshake_clip_22,5,1,79.38140749228863,-0.039670072206163795,0.0024532239302134332
handshake_clip_22,6,1,78.19167511891919,-0.00880471410160053,0.9716208536323001
handshake_clip_22,7,1,107.3931777222796,-0.008375425840313212,0.9716208536323001
handshake_clip_22,8,1,119.83214892278826,-0.007946137579025896,0.9716208536323001
handshake_clip_22,9,1,126.10202107609489,-0.007516849317738577,0.9716208536323001
handshake_clip_22,10,1,113.87322619356813,-0.01505644794984351,0.9716208536323001
handshake_clip_22,11,1,103.9565739345522,-0.022596046581948442,0.12856245132935218
handshake_clip_22,12,1,96.18931937155688,-0.03013564521405338,0.12856245132935218
handshake_clip_22,13,1,90.14760535188192,-0.03767524384615831,0.12856245132935218
handshake_clip_22,14,1,85.4116532298732,-0.04521484247826325,0.12856245132935218
handshake_clip_22,15,1,81.64717844009417,-0.05275444111036818,0.12856245132935218
handshake_clip_22,16,1,78.60746658962728,-0.06029403974247311,0.12856245132935218
handshake_clip_22,17,1,65.15013742342863,-0.05488336794439866,0.12856245132935218
handshake_clip_22,18,1,55.839333333244696,-0.04423520427013293,0.12856245132935218
handshake_clip_22,19,1,46.15992677504256,-0.0335870405958672,0.12856245132935218
handshake_clip_22,20,1,36.6438652619888,-0.022938876921601476,0.12856245132935204
handshake_clip_22,21,1,27.77290582193264,-0.012290713247335749,0.026672828002903933
handshake_clip_22,22,1,19.85248081040654,-0.0016425495730700212,0.026672828002903933
handshake_clip_22,23,1,27.562528861174815,-0.009537459223153622,0.026672828002903933
handshake_clip_22,24,1,45.24937151851193,-0.0382403537642896,0.03084419598335098
handshake_clip_22,25,1,62.36929219106335,-0.06694324830542558,0.03084419598335098
handshake_clip_22,26,1,76.45353545050017,-0.09564614284656157,0.03084419598335098
handshake_clip_22,27,1,72.19196795998533,-0.06586965639067444,0.04403249718961173
handshake_clip_22,28,1,58.56760714596362,-0.05418564920274585,0.04403249718961173
handshake_clip_22,29,1,42.77724153250942,-0.042501642014817265,0.04403249718961173
handshake_clip_22,30,1,26.892125318448667,-0.030817634826888683,0.04403249718961173
handshake_clip_22,31,1,74.12113567109472,-0.08052423021567279,0.07936122059687976
handshake_clip_22,32,1,32.8671510467734,-0.002724126173134735,0.07936122059687976
handshake_clip_22,33,1,47.37601134422852,-0.028769140444033732,0.07936122059687976
handshake_clip_22,34,1,64.653248042523,-0.05481415471493273,0.07936122059687976
handshake_clip_22,35,1,70.61269175506834,-0.06443519744405529,0.07936122059687976
handshake_clip_22,36,1,49.984569845968686,-0.030767390128624637,0.07248432337949756
handshake_clip_22,37,1,33.538329628935145,0.0029004171868060157,0.04320406886478219
handshake_clip_22,38,1,30.258764375003402,-0.0020479265002580948,0.04320406886478219
handshake_clip_22,39,1,26.455091555713633,-0.006996270187322205,0.04320406886478219
handshake_clip_22,40,1,17.50768923043205,-0.006515189800737133,0.04320406886478219
handshake_clip_22,41,1,35.80986686324572,-0.026003113602124917,0.04320406886478219
handshake_clip_22,42,1,54.914027199664076,-0.0454910374035127,0.02914832989025443
handshake_clip_22,43,1,71.16393341989135,-0.06497896120490049,0.02914832989025443
handshake_clip_22,44,1,75.12446693053828,-0.06733181386564979,0.02914832989025443
handshake_clip_22,45,1,72.92525491009688,-0.07345996811667985,0.022385953584790244
handshake_clip_22,46,1,70.89230145872065,-0.06923177282214957,0.022385953584790244
handshake_clip_22,47,1,69.8129155460368,-0.06787959653578204,0.022385953584790244
handshake_clip_22,48,1,68.66126587418091,-0.06652742024941452,0.02031240432278251
handshake_clip_22,49,1,67.43087495948058,-0.065175243963047,0.02031240432278251
handshake_clip_22,50,1,66.11464107927974,-0.06382306767667947,0.02031240432278251
handshake_clip_22,51,1,74.37250907404497,-0.06795718741503264,0.012154034584276184
handshake_clip_22,52,1,77.25530141731369,-0.07858800920416796,0.012154034584276184
handshake_clip_22,53,1,71.87412647721477,-0.06816365779897632,0.030644603338632847
handshake_clip_22,54,1,71.74135357155248,-0.06763079280038647,0.030644603338632847
handshake_clip_22,55,1,71.6060499481364,-0.06709792780179662,0.030644603338632847
handshake_clip_22,56,1,71.4681441088417,-0.06656506280320676,0.030644603338632847
handshake_clip_22,57,1,71.3275618993745,-0.06603219780461692,0.030644603338632847
handshake_clip_22,58,1,78.28956676311228,-0.07728388242782096,0.010643249625995548
handshake_clip_22,59,1,75.8382719542598,-0.07606611839575327,0.010643249625995548
handshake_clip_22,60,1,73.43304691845614,-0.07484835436368556,0.010643249625995548
handshake_clip_22,61,1,71.08081996139497,-0.07363059033161787,0.010643249625995548
handshake_clip_22,62,1,81.70122436975122,-0.09835340998813531,0.010643249625995548
handshake_clip_22,63,1,81.04388910385872,-0.09234842733161483,0.010245792736073659
handshake_clip_22,64,1,80.38627126987271,-0.08634344467509435,0.010245792736073659
handshake_clip_22,65,1,79.72854401450478,-0.08033846201857386,0.010245792736073659
handshake_clip_22,66,1,75.79653683497055,-0.06679948981516749,0.010245792736073659
handshake_clip_22,67,1,80.0094510043657,-0.08368964285091345,0.006750282458149427
handshake_clip_22,68,1,78.5999162554762,-0.0826536086458702,0.009033570446611574
handshake_clip_22,69,1,76.60596795095564,-0.07578356484862538,0.028750035114405926
handshake_clip_22,70,1,74.47246963245692,-0.06891352105138059,0.028750035114405954
handshake_clip_22,71,1,72.19081175010696,-0.06204347725413577,0.028750035114405954
handshake_clip_22,72,1,70.49724486430577,-0.06046382673720523,0.028750035114405954
handshake_clip_22,73,1,68.70476986714314,-0.058884176220274684,0.028750035114405954
handshake_clip_22,74,1,66.80829149968467,-0.05730452570334415,0.028750035114405954
handshake_clip_22,75,1,71.21533008218238,-0.05449247083326364,0.028750035114405926
handshake_clip_22,76,1,75.93466211587179,-0.05168041596318314,0.010079357439613254
handshake_clip_22,77,1,80.9302875075283,-0.04886836109310263,0.010079357439613254
handshake_clip_22,78,1,86.14541516891734,-0.04605630622302212,0.010079357439613254
handshake_clip_22,79,1,84.04469314786104,-0.04991456601191754,0.015423261350019828
handshake_clip_22,80,1,82.2152254200436,-0.053772825800812954,0.015423261350019828
handshake_clip_22,81,1,80.6107612263559,-0.05763108558970838,0.015423261350019866
handshake_clip_22,82,1,79.19430600938902,-0.061489345378603795,0.015423261350019866
handshake_clip_22,83,1,78.97905117129771,-0.05200029571382453,0.015423261350019866
handshake_clip_22,84,1,78.729623423476,-0.04251124604904527,0.015423261350019866
handshake_clip_22,85,1,77.32819932847875,-0.044320743417625805,0.015423261350019866
handshake_clip_22,86,1,75.87791845847141,-0.04613024078620634,0.015423261350019828
handshake_clip_22,87,1,74.37813766184394,-0.04793973815478687,0.0057002767957731485
handshake_clip_22,88,1,72.82844042578883,-0.04974923552336741,0.0057002767957731485
handshake_clip_22,89,1,71.22867405560271,-0.05155873289194794,0.00140673120947738
handshake_clip_40,0,1,113.06351175487929,-0.013030306767284094,0.0
handshake_clip_40,1,1,112.61292801772679,-0.013635638883465591,0.45868562461195184
handshake_clip_40,2,1,112.17267317522499,-0.01424097099964709,0.45868562461195184
handshake_clip_40,3,1,111.74244633333082,-0.014846303115828586,0.45868562461195184
handshake_clip_40,4,1,111.32195562337388,-0.015451635232010085,0.45868562461195184
handshake_clip_40,5,1,110.91091803986603,-0.01605696734819158,0.0030188228404422483
handshake_clip_40,6,1,113.73522420553947,-0.015420487030175619,0.04291344105238208
handshake_clip_40,7,1,117.42302174517293,-0.014784006712159655,0.04291344105238212
handshake_clip_40,8,1,122.39119799577607,-0.01414752639414369,0.04291344105238212
handshake_clip_40,9,1,129.31423690705876,-0.013511046076127728,0.04291344105238212
handshake_clip_40,10,1,139.24511608057043,-0.012874565758111764,0.04291344105238212
handshake_clip_40,11,1,153.51783386170678,-0.012238085440095801,0.04291344105238212
handshake_clip_40,12,1,143.80265220332842,-0.020456644320468263,0.04291344105238208
handshake_clip_40,13,1,127.13745050286684,-0.020745390159927206,0.0634539196504387
handshake_clip_40,14,1,117.11797487199605,-0.021034135999386153,0.0634539196504387
handshake_clip_40,15,1,110.79289297419794,-0.021322881838845096,0.0634539196504387
handshake_clip_40,16,1,106.53306970742078,-0.02161162767830404,0.0634539196504387
handshake_clip_40,17,1,108.09267621040541,-0.024623444173108973,0.0634539196504387
handshake_clip_40,18,1,106.41542027539403,-0.018555531236434754,0.14816458804367072
handshake_clip_40,19,1,100.64068534875818,-0.012487618299760538,0.14816458804367072
handshake_clip_40,20,1,-31.863121794596076,-0.006419705363086324,0.14816458804367075
handshake_clip_40,21,1,3.5072100822465955,-0.0015968044965006007,0.14816458804367075
handshake_clip_40,22,1,8.784442055297557,-0.0028228980040338287,0.14816458804367075
handshake_clip_40,23,1,10.30375936118354,-0.004048991511567056,0.14816458804367075
handshake_clip_40,24,1,15.480104073931182,-0.005548213451419304,0.14816458804367075
handshake_clip_40,25,1,44.432114188156426,-0.008725871161928387,0.03716597460548674
handshake_clip_40,26,1,110.5229950258804,-0.020164385946188107,0.4304340488155942
handshake_clip_40,27,1,106.43755345000537,-0.014065054398727649,0.4304340488155942
handshake_clip_40,28,1,4.791179216965858,-0.007965722851267188,0.4304340488155942
handshake_clip_40,29,1,-16.761786563551436,-0.006154043651363832,0.4304340488155942
handshake_clip_40,30,1,103.2015621664475,-0.012690070041504216,0.4304340488155942
handshake_clip_40,31,1,108.64121222042898,-0.0192260964316446,0.2187314131178748
handshake_clip_40,32,1,77.25265831454607,-0.00677756343132775,0.406202757460558
handshake_clip_40,33,1,120.01174598115087,-0.0068869165607168175,0.406202757460558
handshake_clip_40,34,1,177.39684702117503,-0.012166464390240567,0.406202757460558
handshake_clip_40,35,1,-177.22575748108665,-0.017446012219764315,0.406202757460558
handshake_clip_40,36,1,32.02218662746963,-0.005205471956585841,0.406202757460558
handshake_clip_40,37,1,43.786354046164845,-0.00518715061576096,0.20891147717921055
handshake_clip_40,38,1,140.33902923424918,-0.00516882927493608,0.20891147717921055
handshake_clip_40,39,1,142.57964355086665,-0.009129264475617979,0.20891147717921055
handshake_clip_40,40,1,124.32196495881732,-0.014386530659947928,0.20891147717921055
handshake_clip_40,41,1,53.3058058560872,-0.00492031049917324,0.04625335730683001
handshake_clip_40,42,1,10.388979496097448,-0.002872024941822749,0.04625335730683001
handshake_clip_40,43,1,116.28634609806281,-0.018294524724687723,0.2411793125300704
handshake_clip_40,44,1,107.25779555861283,-0.01899082261940058,0.2411793125300704
handshake_clip_40,45,1,108.28280392113548,-0.02153144214192791,0.2411793125300704
handshake_clip_40,46,1,117.17645650751172,-0.02122780622512004,0.2411793125300704
handshake_clip_40,47,1,-6.1628192130775545,-0.008150884427067157,0.2411793125300704
handshake_clip_40,48,1,96.94866346372504,-0.01247582611205656,0.2383621734698176
handshake_clip_40,49,1,105.66275918022156,-0.016800767797045965,0.2383621734698176
handshake_clip_40,50,1,108.36659271499413,-0.02112570948203537,0.2383621734698176
handshake_clip_40,51,1,114.78057987359215,-0.019090492600142207,0.22125192337088181
handshake_clip_40,52,1,110.7639791538602,-0.01904396688441064,0.20181812483064726
handshake_clip_40,53,1,107.75804187639682,-0.018997441168679075,0.20181812483064726
handshake_clip_40,54,1,135.497856761074,-0.006091874796083989,0.4243932587486285
handshake_clip_40,55,1,33.83512632662875,-0.005812055304232867,0.4243932587486285
handshake_clip_40,56,1,6.6462886668782195,-0.003598018939413791,0.4243932587486285
handshake_clip_40,57,1,106.4915101071653,-0.018268481769922566,0.44044609151951003
handshake_clip_40,58,1,108.67077876210932,-0.0153844706847934,0.44044609151951003
handshake_clip_40,59,1,9.552362676367327,-0.004488598183939924,0.44044609151951003
handshake_clip_40,60,1,28.88839893746405,-0.004551396120660816,0.44044609151951003
handshake_clip_40,61,1,105.33898530453082,-0.023759997622732922,0.44044609151951003
handshake_clip_40,62,1,109.5366410762472,-0.017031850646873098,0.4227244496619678
handshake_clip_40,63,1,-3.857745457648479,-0.007210602072802861,0.43728842765998494
handshake_clip_40,64,1,108.25288730680288,-0.002071334562984299,0.43728842765998494
handshake_clip_40,65,1,110.25511565269828,-0.009249115207833053,0.43728842765998494
handshake_clip_40,66,1,110.29834624470884,-0.016426895852681807,0.43728842765998494
handshake_clip_40,67,1,110.94913695027503,-0.01664008959894395,0.43728842765998494
handshake_clip_40,68,1,106.35437452729504,-0.011567940778331056,0.2174818382973892
handshake_clip_40,69,1,14.214954154516828,-0.0064957919577181625,0.2174818382973892
handshake_clip_40,70,1,105.03701692671497,-0.015524581151673478,0.22146924373952756
handshake_clip_40,71,1,109.57049411460241,-0.024553370345628794,0.2214692437395276
handshake_clip_40,72,1,108.61113805809794,-0.020282919394091388,0.2214692437395276
handshake_clip_40,73,1,102.66201412878486,-0.016012468442553978,0.2214692437395276
handshake_clip_40,74,1,109.1321599519849,-0.022898180161149615,0.3231243704725267
handshake_clip_40,75,1,108.79653868099695,-0.022213888551199528,0.3231243704725267
handshake_clip_40,76,1,108.46161507161007,-0.02152959694124944,0.3231243704725267
handshake_clip_40,77,1,108.12740976671645,-0.020845305331299354,0.3231243704725267
handshake_clip_40,78,1,107.33269971327015,-0.02192235315729356,0.3231243704725267
handshake_clip_40,79,1,-96.61006153797368,-0.003905230360928116,0.12759023351423268
handshake_clip_40,80,1,113.05464701418408,-0.01360914758831553,0.12759023351423268
handshake_clip_40,81,1,108.87958609829919,-0.023277353225139998,0.12759023351423268
handshake_clip_40,82,1,109.97438094087977,-0.019623868697102864,0.12759023351423268
handshake_clip_40,83,1,118.34123278421451,-0.007446551616439438,0.12759023351423268
handshake_clip_40,84,1,109.11977725273583,-0.02180758841915771,0.08853202474550988
handshake_clip_40,85,1,171.20461634318923,-0.011098149994317899,0.1008369360220161
handshake_clip_40,86,1,143.00452149149206,-0.010800124013046036,0.1008369360220161
handshake_clip_40,87,1,131.47509637748774,-0.010502098031774173,0.1008369360220161
handshake_clip_40,88,1,125.70363544522922,-0.01020407205050231,0.1008369360220161
handshake_clip_40,89,1,107.7142091093185,-0.02056435446503002,0.1008369360220161
handshake_clip_23,0,1,-123.06791284959819,0.0033600901276073986,0.0
handshake_clip_23,1,1,-123.06791284959819,0.0033600901276073986,0.4123783905071267
handshake_clip_23,2,1,-123.06791284959819,0.0033600901276073986,0.4123783905071267
handshake_clip_23,3,1,-123.06791284959819,0.0033600901276073986,0.4123783905071267
handshake_clip_23,4,1,-123.06791284959819,0.0033600901276073986,0.4123783905071267
handshake_clip_23,5,1,124.97565549457285,-0.046933233306987156,0.14757919071735617
handshake_clip_23,6,1,114.65618587677386,-0.05056753424426572,0.14757919071735617
handshake_clip_23,7,1,106.12217218860495,-0.0542018351815443,0.14757919071735617
handshake_clip_23,8,1,99.23426638972819,-0.05783613611882286,0.14757919071735617
handshake_clip_23,9,1,93.70728139399309,-0.061470437056101425,0.14757919071735617
handshake_clip_23,10,1,89.25142777634427,-0.06510473799338,0.0033979417847133037
handshake_clip_23,11,1,85.62373670729707,-0.06873903893065855,0.0033979417847133323
handshake_clip_23,12,1,82.6353218578946,-0.07237333986793712,0.0033979417847133323
handshake_clip_23,13,1,80.14356686324582,-0.0760076408052157,0.0033979417847133323
handshake_clip_23,14,1,78.04161284720387,-0.07964194174249427,0.0033979417847133323
handshake_clip_23,15,1,76.24916267546399,-0.08327624267977284,0.0033979417847133323
handshake_clip_23,16,1,74.70539265181928,-0.0869105436170514,0.0033979417847133037
handshake_clip_23,17,1,81.10074502986555,-0.07494883339748525,0.007934240166330759
handshake_clip_23,18,1,74.68228777091512,-0.06900682013026367,0.007934240166330759
handshake_clip_23,19,1,66.75744953685265,-0.0630648068630421,0.007934240166330759
handshake_clip_23,20,1,57.15046939048878,-0.05712279359582053,0.007934240166330759
handshake_clip_23,21,1,45.9757205278505,-0.05118078032859896,0.007934240166330759
handshake_clip_23,22,1,33.828838823114616,-0.04523876706137739,0.005508290364521629
handshake_clip_23,23,1,44.78835037539192,-0.053896225714709006,0.008127671127408686
handshake_clip_23,24,1,-119.68127882964387,0.019611989877587804,0.09929525806559732
handshake_clip_23,25,1,92.21079207926158,-0.028321532485499894,0.09929525806559732
handshake_clip_23,26,1,71.02156329317165,-0.07625505484858759,0.09929525806559732
handshake_clip_23,27,1,34.944271283182054,-0.04907369050245336,0.09929525806559732
handshake_clip_23,28,1,-135.88801897751742,0.0056616888960724625,0.09929525806559732
handshake_clip_23,29,1,-136.97053435918014,0.00617755217155386,0.09714460190559714
handshake_clip_23,30,1,35.046928035971945,-0.0421367498559988,0.09928470526876691
handshake_clip_23,31,1,71.30036697794523,-0.07771507620344661,0.09928470526876691
handshake_clip_23,32,1,45.13636261150591,-0.04960373363374511,0.09928470526876691
handshake_clip_23,33,1,-161.9267910915032,0.003651117375653673,0.09928470526876691
handshake_clip_23,34,1,38.00086800097292,-0.057524788293221656,0.09928470526876691
handshake_clip_23,35,1,41.600532247860606,-0.06264664171638394,0.09650998828229562
handshake_clip_23,36,1,-172.90893990150295,-0.008598772115703849,0.09650998828229562
handshake_clip_23,37,1,41.924153551222936,-0.05391521437533694,0.09650998828229562
handshake_clip_23,38,1,-178.40149987760637,-0.01073970065090882,0.09716189807419348
handshake_clip_23,39,1,87.69534929628132,-0.06725330680828273,0.09716189807419348
handshake_clip_23,40,1,119.38583757149179,-0.044796170839532544,0.09716189807419348
handshake_clip_23,41,1,-153.8345733948538,0.0059728770781201776,0.09716189807419348
handshake_clip_23,42,1,48.102413730042876,-0.02925273800112735,0.09716189807419348
handshake_clip_23,43,1,38.87176582100673,-0.06447835308037488,0.06297780206271435
handshake_clip_23,44,1,74.82080767246892,-0.08406186500940294,0.05337928477964345
handshake_clip_23,45,1,72.38520358460518,-0.07492088203693462,0.05337928477964345
handshake_clip_23,46,1,36.900275502313,-0.06144825263689307,0.05337928477964345
handshake_clip_23,47,1,59.296746911924146,-0.04830045411021893,0.05337928477964345
handshake_clip_23,48,1,162.62015960092918,-0.0351526555835448,0.029862986815029833
handshake_clip_23,49,1,-172.59731176329524,-0.022004857056870664,0.029862986815029833
handshake_clip_23,50,1,73.46025285281996,-0.09096678419399494,0.101631951682228
handshake_clip_23,51,1,55.919254320506724,-0.0690946775743839,0.101631951682228
handshake_clip_23,52,1,71.61770630002366,-0.08261954024905542,0.101631951682228
handshake_clip_23,53,1,169.09455363144798,-0.02959090485597926,0.101631951682228
handshake_clip_23,54,1,131.84454836560678,-0.046637989069267846,0.101631951682228
handshake_clip_23,55,1,91.62163409285007,-0.06368507328255643,0.09457601479961786
handshake_clip_23,56,1,71.00689142481552,-0.080732157495845,0.09457601479961786
handshake_clip_23,57,1,70.28552334942665,-0.08377451926997992,0.09457601479961786
handshake_clip_23,58,1,-110.84939766811064,0.02890094169055673,0.14444327240568078
handshake_clip_23,59,1,-109.49545017538347,0.0215000889945216,0.14444327240568078
handshake_clip_23,60,1,66.2893467703328,-0.07107845908558372,0.14444327240568078
handshake_clip_23,61,1,73.50387537094795,-0.0800013698525674,0.14444327240568078
handshake_clip_23,62,1,72.45108576136872,-0.08086915154785852,0.14444327240568078
handshake_clip_23,63,1,71.37801331596665,-0.08173693324314966,0.1269457175055979
handshake_clip_23,64,1,70.28484066961032,-0.08260471493844079,0.1269457175055979
handshake_clip_23,65,1,73.83888121817249,-0.08605681946571053,0.01784235461273231
handshake_clip_23,66,1,74.24867719019849,-0.08435978586288677,0.01784235461273231
handshake_clip_23,67,1,72.39656938876779,-0.09339254702268811,0.01784235461273231
handshake_clip_23,68,1,85.0272147394634,-0.04732304999583187,0.08719081253654001
handshake_clip_23,69,1,-130.13881606749672,-0.0012535529689756337,0.08719081253654001
handshake_clip_23,70,1,-178.13615531258824,-0.01384108562991667,0.08719081253654001
handshake_clip_23,71,1,125.56977856380989,-0.026428618290857707,0.08719081253654001
handshake_clip_23,72,1,107.2495780718858,-0.03901615095179874,0.08719081253654001
handshake_clip_23,73,1,100.08889088264588,-0.05160368361273978,0.08719081253653994
handshake_clip_23,74,1,95.24532630006948,-0.05792593864155527,0.02967450123625996
handshake_clip_23,75,1,90.60316476639026,-0.06424819367037075,0.02967450123625996
handshake_clip_23,76,1,86.2067116482766,-0.07057044869918624,0.02967450123625996
handshake_clip_23,77,1,81.5281068210098,-0.07141113137924998,0.03041159056204313
handshake_clip_23,78,1,91.05603185829216,-0.045495561506115195,0.03041159056204313
handshake_clip_23,79,1,154.3739918662638,-0.019579991632980406,0.03041159056204313
handshake_clip_23,80,1,107.65101900511134,-0.040629501554334896,0.13363458984022494
handshake_clip_23,81,1,100.52872598496172,-0.05532724878307244,0.13363458984022494
handshake_clip_23,82,1,159.05977107409748,-0.014210582389551963,0.13363458984022494
handshake_clip_23,83,1,111.56195381352984,-0.03667360580689652,0.13363458984022494
handshake_clip_23,84,1,-150.53398573021292,0.014250485879723662,0.13363458984022494
handshake_clip_23,85,1,155.97519973238232,0.0007890996076087807,0.07007072957208359
handshake_clip_23,86,1,126.73893869485065,-0.0126722866645061,0.07007072957208359
handshake_clip_23,87,1,115.08725853645983,-0.026133672936620982,0.04231773346121862
handshake_clip_23,88,1,109.33583650015194,-0.039595059208735864,0.0049485946283657255
handshake_clip_24,0,1,-88.00243685110412,-0.1436407711633194,0.0
handshake_clip_24,1,1,97.07241506271751,-0.23840543578620546,0.39789553264195554
handshake_clip_24,2,1,92.74666379739507,-0.19827402666066968,0.39789553264195554
handshake_clip_24,3,1,-37.441308462782075,-0.15814261753513387,0.39789553264195554
handshake_clip_24,4,1,-73.00696500161636,-0.1180112084095981,0.39789553264195554
handshake_clip_24,5,1,-86.63421534256877,-0.10603415558128396,0.1523711068132252
handshake_clip_24,6,1,-91.71361223254532,-0.08961626805803385,0.0993910413274086
handshake_clip_24,7,1,-97.19222673080891,-0.07319838053478377,0.0993910413274086
handshake_clip_24,8,1,97.62792773459267,-0.19536668081676112,0.0993910413274086
handshake_clip_24,9,1,99.65732741056961,-0.18526608187370167,0.0993910413274086
handshake_clip_24,10,1,102.19876457427014,-0.1751654829306422,0.07303017659307254
handshake_clip_24,11,1,105.45890470736227,-0.16506488398758276,0.07303017659307254
handshake_clip_24,12,1,96.12548247331642,-0.2652537085376139,0.07303017659307254
handshake_clip_24,13,1,102.74878144885326,-0.1846148167163477,0.06490116933758892
handshake_clip_24,14,1,111.82090456968899,-0.1039759248950815,0.06490116933758892
handshake_clip_24,15,1,-158.6621410643801,-0.09917559867102452,0.15178843665128794
handshake_clip_24,16,1,-100.01566138363185,-0.09437527244696753,0.15178843665128794
handshake_clip_24,17,1,-96.51539086848709,-0.12022077607596764,0.15178843665128794
handshake_clip_24,18,1,-94.90701844140685,-0.12111886963320248,0.15178843665128794
handshake_clip_24,19,1,-93.30950207948165,-0.12201696319043732,0.15178843665128794
handshake_clip_24,20,1,-91.72518732130165,-0.12291505674767217,0.15178843665128794
handshake_clip_24,21,1,-90.15630058245355,-0.12381315030490701,0.008677891420986072
handshake_clip_24,22,1,-88.60493284497613,-0.12471124386214186,0.002450961758065529
handshake_clip_24,23,1,-87.0730261767957,-0.12560933741937672,0.002450961758065529
handshake_clip_24,24,1,-85.56236321192247,-0.12650743097661155,0.002450961758065529
handshake_clip_24,25,1,-84.07455962078402,-0.1274055245338464,0.002450961758065529
handshake_clip_24,26,1,-82.61105950659294,-0.12830361809108123,0.002450961758065529
handshake_clip_24,27,1,-79.76212814950604,-0.1352511994711335,0.002603354352678736
handshake_clip_24,28,1,-75.33489127966384,-0.14219878085118579,0.002603354352678736
handshake_clip_24,29,1,-67.6587223258334,-0.14914636223123806,0.002603354352678736
handshake_clip_24,30,1,-52.15623492780981,-0.15609394361129034,0.002603354352678736
handshake_clip_24,31,1,-17.9935376610819,-0.1630415249913426,0.002603354352678736
handshake_clip_24,32,1,69.58074621143892,-0.133344850796945,0.13447805983790892
handshake_clip_24,33,1,113.19319922157541,-0.1036481766025474,0.13447805983790898
handshake_clip_24,34,1,121.74624634774696,-0.07395150240814978,0.13447805983790898
handshake_clip_24,35,1,119.56251382172056,-0.07575611555531472,0.13447805983790898
handshake_clip_24,36,1,122.96910192466352,-0.08071715283952735,0.13447805983790898
handshake_clip_24,37,1,128.72992718001927,-0.08567819012373998,0.13447805983790898
handshake_clip_24,38,1,140.14975248502222,-0.09063922740795259,0.13447805983790898
handshake_clip_24,39,1,167.72988375860908,-0.09560026469216522,0.085997778231258
handshake_clip_24,40,1,-141.05980661450042,-0.10056130197637786,0.03418705321096287
handshake_clip_24,41,1,-109.3490522753734,-0.10552233926059049,0.03418705321096287
handshake_clip_24,42,1,-96.42735035984917,-0.1104833765448031,0.03418705321096287
handshake_clip_24,43,1,-90.10407574203073,-0.11544441382901573,0.03418705321096287
handshake_clip_24,44,1,-86.4398854694467,-0.12040545111322835,0.03418705321096287
handshake_clip_24,45,1,-86.80923570359171,-0.09296772122156931,0.03418705321096287
handshake_clip_24,46,1,-88.4724841593475,-0.09439019206675278,0.03418705321096287
handshake_clip_24,47,1,-89.97444467083332,-0.09581266291193624,0.03418705321096287
handshake_clip_24,48,1,-91.33569955020492,-0.09723513375711972,0.03418705321096281
handshake_clip_24,49,1,-92.57379490849529,-0.09865760460230318,0.0036026782565270086
handshake_clip_24,50,1,-93.70370771503389,-0.10008007544748665,0.0016743569278513779
handshake_clip_24,51,1,105.84274709010252,-0.11532215692150415,0.05493775308947184
handshake_clip_24,52,1,93.85297677457052,-0.13056423839552164,0.05493775308947184
handshake_clip_24,53,1,-88.44392431084047,-0.12348299725525178,0.10268857336768168
handshake_clip_24,54,1,-89.50028530385201,-0.11970362901651652,0.10268857336768168
handshake_clip_24,55,1,-90.4887957161356,-0.11592426077778126,0.10268857336768168
handshake_clip_24,56,1,-91.415253728155,-0.11214489253904598,0.10268857336768168
handshake_clip_24,57,1,-92.28488259962815,-0.10836552430031073,0.10268857336768168
handshake_clip_24,58,1,-17.614693237511975,-0.16190430405368514,0.014898627781384313
handshake_clip_24,59,1,14.296386986905693,-0.17057795037468296,0.014898627781384313
handshake_clip_24,60,1,45.48658552628801,-0.17925159669568078,0.014898627781384313
handshake_clip_24,61,1,64.3533544962603,-0.1879252430166786,0.014898627781384313
handshake_clip_24,62,1,-90.96564683560759,-0.08995543306109248,0.023165243715419937
handshake_clip_24,63,1,7.89337343561606,-0.12719342816891785,0.023165243715419937
handshake_clip_24,64,1,86.6235983521018,-0.16443142327674323,0.023165243715419937
handshake_clip_24,65,1,87.22285044854034,-0.2016694183845686,0.023165243715419937
handshake_clip_24,66,1,79.89006961862671,-0.1788510210441529,0.06163349428334458
handshake_clip_24,67,1,-76.13491792616884,-0.1012149769268262,0.06163349428334458
handshake_clip_24,68,1,85.56509122467816,-0.2030902841200372,0.06163349428334458
handshake_clip_24,69,1,79.78711655202765,-0.17869257391021814,0.06163349428334458
handshake_clip_24,70,1,-77.38960741338691,-0.15429486370039902,0.06163349428334458
handshake_clip_24,71,1,-86.98078292964028,-0.12989715349057995,0.036106287543144766
handshake_clip_24,72,1,-87.09510829031754,-0.18603977150577933,0.036106287543144766
handshake_clip_24,73,1,-90.60354046237764,-0.15550585968755817,0.022109643601299647
handshake_clip_24,74,1,-95.90320659610217,-0.11201623403774616,0.022109643601299647
handshake_clip_24,75,1,-92.71919022785211,-0.13113419099103396,0.022109643601299647
handshake_clip_24,76,1,-89.02469529998328,-0.15025214794432173,0.022109643601299647
handshake_clip_24,77,1,-93.42766250651579,-0.14308634916366708,0.02653581350289991
handshake_clip_24,78,1,-81.64498918451974,-0.12903528683358975,0.04198109453029261
handshake_clip_24,79,1,-95.21490191791317,-0.12694800651761534,0.04198109453029261
handshake_clip_24,80,1,-85.42608579366956,-0.143645958387303,0.04198109453029261
handshake_clip_24,81,1,-95.28765933748201,-0.15447908100647106,0.04198109453029261
handshake_clip_24,82,1,-97.68679614936443,-0.10321648484585917,0.04198109453029261
handshake_clip_24,83,1,99.92142246039704,-0.19330947149691718,0.03961666143157383
handshake_clip_24,84,1,-89.58026671766443,-0.13045847173741265,0.03961666143157383
handshake_clip_24,85,1,-86.45159088095421,-0.1013040167735752,0.03961666143157383
handshake_clip_24,86,1,-93.50803633838302,-0.17318931994998366,0.03291837284900277
handshake_clip_24,87,1,-90.6407299636505,-0.1493330495332117,0.03291837284900277
handshake_clip_24,88,1,-91.63324068769963,-0.1222425837777905,0.03291837284900277
handshake_clip_24,89,1,-90.69965180062853,-0.1554395346504122,0.024944096064344196
handshake_clip_12,0,1,-170.45745690905215,0.0015765283947004338,0.0
handshake_clip_12,1,1,65.82179220615565,-0.020468537634115963,0.2931356559355914
handshake_clip_12,2,1,81.82047697789324,-0.015138705527001521,0.2931356559355914
handshake_clip_12,3,1,116.9854980161344,-0.009808873419887081,0.2931356559355914
handshake_clip_12,4,1,160.91643464268233,-0.00447904131277264,0.2931356559355914
handshake_clip_12,5,1,-175.97523417490498,0.0008507907943418,0.2931356559355914
handshake_clip_12,6,1,-38.72640717039534,-0.01770580931082574,0.24815499646387232
handshake_clip_12,7,1,153.85209748209854,-0.021328331494231564,0.24815499646387232
handshake_clip_12,8,1,-18.001341048856016,-0.0004588238607539087,0.30026067890652813
handshake_clip_12,9,1,-81.5140125685154,-0.010220980816593318,0.30026067890652813
handshake_clip_12,10,1,-98.47318490268192,-0.01998313777243273,0.30026067890652813
handshake_clip_12,11,1,-104.69930609247534,-0.02974529472827214,0.30026067890652813
handshake_clip_12,12,1,-177.07921581781292,-0.01444131070286393,0.31169990449197893
handshake_clip_12,13,1,-178.63186621295492,-0.015643877193145448,0.31169990449197893
handshake_clip_12,14,1,178.10210004154197,-0.016846443683426963,0.31169990449197893
handshake_clip_12,15,1,167.05610230836342,-0.01804901017370848,0.31169990449197893
handshake_clip_12,16,1,59.77593201976518,-0.019251576663989994,0.31169990449197893
handshake_clip_12,17,1,29.807086170401845,-0.011490905293172178,0.0855958187145342
handshake_clip_12,18,1,134.61398157867617,-0.01511406977666018,0.0855958187145342
handshake_clip_12,19,1,152.38180265050877,-0.01873723426014818,0.08559581871453414
handshake_clip_12,20,1,157.1782325962982,-0.02236039874363618,0.08559581871453414
handshake_clip_12,21,1,-147.56022681423283,-0.02284815741772301,0.14282807554500185
handshake_clip_12,22,1,-111.3492840255115,-0.023335916091809836,0.14282807554500185
handshake_clip_12,23,1,-119.19741155691457,-0.018802578522546284,0.14282807554500185
handshake_clip_12,24,1,-142.01097718639852,-0.014269240953282733,0.14282807554500185
handshake_clip_12,25,1,-121.02431774741711,-0.012683677621694723,0.14282807554500185
handshake_clip_12,26,1,-109.5883672178597,-0.01109811429010671,0.14282807554500185
handshake_clip_12,27,1,-102.90409939132984,-0.0095125509585187,0.004780934352787547
handshake_clip_12,28,1,-101.90378270260842,-0.012028842361630073,0.004780934352787547
handshake_clip_12,29,1,-101.0808432672135,-0.014545133764741446,0.003933610077374312
handshake_clip_12,30,1,-100.3922098342983,-0.01706142516785282,0.003933610077374312
handshake_clip_12,31,1,-113.44729345960904,-0.016440135064968244,0.009390827430139298
handshake_clip_12,32,1,-141.84597252847396,-0.015818844962083668,0.009390827430139298
handshake_clip_12,33,1,-129.91088645586987,-0.010251866516504917,0.009390827430139298
handshake_clip_12,34,1,-105.0195839782327,-0.010678354864054936,0.011306033975699827
handshake_clip_12,35,1,-103.8426968035115,-0.009564412004685508,0.017797213633972735
handshake_clip_12,36,1,-128.9239238371391,-0.010619364035785278,0.017797213633972735
handshake_clip_12,37,1,-132.94400914267388,-0.011674316066885048,0.017797213633972735
handshake_clip_12,38,1,-134.55751372920065,-0.012729268097984818,0.017797213633972735
handshake_clip_12,39,1,-132.91066963720786,-0.01959807550909425,0.017797213633972735
handshake_clip_12,40,1,-126.36105173552401,-0.017421784938608856,0.004358313479293903
handshake_clip_12,41,1,-121.10434470669674,-0.015245494368123466,0.004358313479293903
handshake_clip_12,42,1,-124.10513304205281,-0.01415833513306091,0.004358313479293903
handshake_clip_12,43,1,-127.85446906206651,-0.013071175897998355,0.004358313479293903
handshake_clip_12,44,1,71.12526494874687,-0.014572041096044985,0.026798882579076744
handshake_clip_12,45,1,19.96725885927337,-0.012346268056759799,0.026798882579076744
handshake_clip_12,46,1,-102.614993520297,-0.013298269603995466,0.026798882579076744
handshake_clip_12,47,1,-135.4328886696653,-0.014250271151231135,0.026798882579076744
handshake_clip_12,48,1,-139.70436612478787,-0.015202272698466803,0.026798882579076744
handshake_clip_12,49,1,-152.17093830206449,-0.016428799174061422,0.02335956237451969
handshake_clip_12,50,1,118.01275653572621,-0.017655325649656044,0.02335956237451969
handshake_clip_12,51,1,-151.16985062312733,-0.017316007655295996,0.02335956237451969
handshake_clip_12,52,1,-141.74976879602733,-0.016976689660935948,0.02335956237451969
handshake_clip_12,53,1,22.62144019604088,-0.017056628094223886,0.041333234433769406
handshake_clip_12,54,1,-139.70040006407544,-0.010984536098106887,0.04967153215394734
handshake_clip_12,55,1,-137.88878621789706,-0.012183272116303047,0.04967153215394734
handshake_clip_12,56,1,-138.36051738987751,-0.01047327653899539,0.04967153215394734
handshake_clip_12,57,1,-139.87485274773627,-0.008763280961687731,0.04967153215394734
handshake_clip_12,58,1,-102.43076316752001,-0.00886379767210597,0.04967153215394734
handshake_clip_12,59,1,-127.17851387881298,-0.01372258633828941,0.0230144619676614
handshake_clip_12,60,1,-117.25325354275972,-0.00986911345663791,0.0230144619676614
handshake_clip_12,61,1,-112.35698819096426,-0.00601564057498641,0.0230144619676614
handshake_clip_12,62,1,26.84318057531503,-0.006111307832895793,0.021680687974342423
handshake_clip_12,63,1,-71.82894595174892,-0.007466533433053234,0.01832706707856253
handshake_clip_12,64,1,-104.47183821593454,-0.008821759033210676,0.01832706707856253
handshake_clip_12,65,1,-111.42547970576499,-0.010176984633368115,0.01832706707856253
handshake_clip_12,66,1,-114.32232997100924,-0.011532210233525556,0.01832706707856253
handshake_clip_12,67,1,-115.90255046747261,-0.012887435833682999,0.0031854675399793104
handshake_clip_12,68,1,-116.89612546183308,-0.01424266143384044,0.0031854675399793104
handshake_clip_12,69,1,-147.3272516620082,-0.014293275270787794,0.018022873614844642
handshake_clip_12,70,1,-162.05114617222463,-0.01530795430810267,0.18540656032701322
handshake_clip_12,71,1,131.58585351948727,-0.01632263334541755,0.18540656032701328
handshake_clip_12,72,1,158.5990438061616,-0.019502876856179747,0.18540656032701328
handshake_clip_12,73,1,160.32906059067264,-0.016714265914689625,0.18540656032701328
handshake_clip_12,74,1,150.69836884939454,-0.008111268532900319,0.18540656032701328
handshake_clip_12,75,1,144.8181719784529,-0.01639972004966236,0.18540656032701328
handshake_clip_12,76,1,141.0892783908857,-0.024688171566424402,0.018005362557643807
handshake_clip_12,77,1,129.58365596097187,-0.022933985910137594,0.029822138530123037
handshake_clip_12,78,1,18.066040599180504,-0.0097072278999945,0.28852702853782886
handshake_clip_12,79,1,17.06367827988771,-0.014734615526378983,0.28852702853782886
handshake_clip_12,80,1,58.54690556053294,-0.020537412343642727,0.28852702853782886
handshake_clip_12,81,1,163.50926853007059,-0.018727875682444044,0.29055519715672773
handshake_clip_12,82,1,-54.321591083851615,-0.0017370424573498683,0.307419488877914
handshake_clip_12,83,1,151.08441387044414,-0.008612595686688667,0.307419488877914
handshake_clip_12,84,1,165.5868687085331,-0.012571364266726403,0.307419488877914
handshake_clip_12,85,1,141.27590240847513,-0.012319164631080048,0.307419488877914
handshake_clip_12,86,1,38.461262443673824,-0.01345078539270615,0.307419488877914
handshake_clip_12,87,1,157.9506642324612,-0.019773833311468474,0.31714764114948185
handshake_clip_12,88,1,143.62671880068157,-0.013133108210343592,0.31714764114948185
handshake_clip_12,89,1,-6.96153135954201,-0.006492383109218712,0.31714764114948185
handshake_clip_15,0,1,165.34175587848424,-0.02433082189443775,0.0
handshake_clip_15,1,1,165.34175587848424,-0.02433082189443775,0.16436628746657383
handshake_clip_15,2,1,165.34175587848424,-0.02433082189443775,0.16436628746657383
handshake_clip_15,3,1,165.34175587848424,-0.02433082189443775,0.16436628746657383
handshake_clip_15,4,1,163.0797747547981,-0.024010609257354973,0.16436628746657383
handshake_clip_15,5,1,160.59745351840033,-0.023690396620272194,0.0038216793939967303
handshake_clip_15,6,1,157.87175195214013,-0.023370183983189418,0.0038216793939967303
handshake_clip_15,7,1,156.4560646230053,-0.025319473322307776,0.0038216793939967303
handshake_clip_15,8,1,154.8689568306855,-0.027268762661426135,0.0038216793939967303
handshake_clip_15,9,1,153.08022900800796,-0.029218052000544493,0.0038216793939967303
handshake_clip_15,10,1,157.27517520664173,-0.027442151305062133,0.0038216793939967303
handshake_clip_15,11,1,161.41798512803626,-0.025666250609579777,0.0014293860193742007
handshake_clip_15,12,1,165.46753640770666,-0.02389034991409742,0.0014293860193742007
handshake_clip_15,13,1,169.38819369887761,-0.02211444921861506,0.0014293860193742007
handshake_clip_15,14,1,173.1513019456314,-0.020338548523132702,0.0014293860193742556
handshake_clip_15,15,1,176.73582414221596,-0.018562647827650342,0.0014293860193742556
handshake_clip_15,16,1,-179.871796437635,-0.01678674713216799,0.0014293860193742556
handshake_clip_15,17,1,-176.6783557446729,-0.01501084643668563,0.0014293860193742556
handshake_clip_15,18,1,-173.6849564675367,-0.01323494574120327,0.0014293860193742556
handshake_clip_15,19,1,134.71295824620637,-0.02435416317042532,0.07717137714494515
handshake_clip_15,20,1,102.76145855599124,-0.03547338059964737,0.07717137714494515
handshake_clip_15,21,1,89.83821945796203,-0.04659259802886942,0.07717137714494515
handshake_clip_15,22,1,83.53746213713424,-0.057711815458091474,0.07717137714494515
handshake_clip_15,23,1,80.74425197457153,-0.05231443073347459,0.07717137714494515
handshake_clip_15,24,1,81.41604876096405,-0.05402301724366978,0.07717137714494515
handshake_clip_15,25,1,82.05612556544659,-0.05573160375386497,0.07717137714494515
handshake_clip_15,26,1,82.66652812468034,-0.05744019026406016,0.07717137714494515
handshake_clip_15,27,1,178.2145558485335,-0.0157218593106733,0.49311916408460976
handshake_clip_15,28,1,86.51622424047935,-0.05592339827202863,0.49311916408460976
handshake_clip_15,29,1,87.30022766081365,-0.05891993798883276,0.49311916408460976
handshake_clip_15,30,1,83.84603269233546,-0.061328234193652444,0.49311916408460976
handshake_clip_15,31,1,83.69276418968198,-0.05867680106422303,0.49311916408460976
handshake_clip_15,32,1,83.31585196229274,-0.05322414688251336,0.48129315621222196
handshake_clip_15,33,1,87.14130217061974,-0.056566591579681316,0.019428234049110482
handshake_clip_15,34,1,176.13849793528254,-0.012437603219822789,0.4878228290836707
handshake_clip_15,35,1,85.20879123416316,-0.06621901001491891,0.4878228290836707
handshake_clip_15,36,1,87.62549120233498,-0.05876320822298451,0.4878228290836707
handshake_clip_15,37,1,83.07798922874902,-0.05392542021033363,0.4878228290836707
handshake_clip_15,38,1,84.0812274766096,-0.05758089992205833,0.4878228290836707
handshake_clip_15,39,1,81.87124027809142,-0.05999398395185547,0.47715747952750576
handshake_clip_15,40,1,84.21392308217875,-0.06006762194202504,0.014328831404353131
handshake_clip_15,41,1,82.77892760210156,-0.061549693288156924,0.017435206136419256
handshake_clip_15,42,1,83.07127940649247,-0.059553774627154554,0.017435206136419256
handshake_clip_15,43,1,83.3353413514997,-0.05755785596615218,0.017435206136419256
handshake_clip_15,44,1,72.70450898147321,-0.04310531477213431,0.15221812838554133
handshake_clip_15,45,1,80.72348677752989,-0.05107895378579025,0.15221812838554133
handshake_clip_15,46,1,83.53325240058795,-0.05563888081778138,0.15221812838554133
handshake_clip_15,47,1,84.64061677808499,-0.058372402871393975,0.15221812838554133
handshake_clip_15,48,1,85.69282095459734,-0.061105924925006556,0.15221812838554133
handshake_clip_15,49,1,86.69322701689724,-0.06383944697861915,0.14041984947290187
handshake_clip_15,50,1,18.198268314052562,-0.006209502894478131,0.36011668461399804
handshake_clip_15,51,1,85.68380255998206,-0.05718455353081704,0.36011668461399804
handshake_clip_15,52,1,83.72723676190975,-0.04704289013628218,0.36011668461399804
handshake_clip_15,53,1,84.52693089518235,-0.053077240211891225,0.36011668461399804
handshake_clip_15,54,1,85.28607360696591,-0.05911159028750028,0.36011668461399804
handshake_clip_15,55,1,84.58307700978686,-0.05782604224247827,0.3524943346875187
handshake_clip_15,56,1,83.85307506757088,-0.056540494197456256,0.007601420469706964
handshake_clip_15,57,1,83.09473241414815,-0.055254946152434245,0.0074031448389469245
handshake_clip_15,58,1,82.30664776696852,-0.053969398107412234,0.0074031448389469245
handshake_clip_15,59,1,87.92698122396854,-0.03563946083336581,0.2193241592861483
handshake_clip_15,60,1,154.76537959212712,-0.01730952355931939,0.2193241592861483
handshake_clip_15,61,1,82.28783115300085,-0.05150140449272552,0.43494452143250917
handshake_clip_15,62,1,73.72684959840699,-0.06620330480488681,0.43494452143250917
handshake_clip_15,63,1,90.15746290064628,-0.038982402241757017,0.43494452143250917
handshake_clip_15,64,1,-161.15724579083314,-0.01176149967862721,0.43494452143250917
handshake_clip_15,65,1,82.94069864090139,-0.058811289311819254,0.43494452143250917
handshake_clip_15,66,1,87.67848930224288,-0.04832884452663669,0.3627165137730391
handshake_clip_15,67,1,91.44051078544375,-0.037846399741454116,0.3627165137730391
handshake_clip_15,68,1,86.60322083321375,-0.056054354671516614,0.3627165137730391
handshake_clip_15,69,1,-24.116443251483602,-0.007730576679222076,0.3627165137730391
handshake_clip_15,70,1,-24.116443251483602,-0.007730576679222076,0.35360734498842655
handshake_clip_15,71,1,-24.116443251483602,-0.007730576679222076,0.35360734498842655
handshake_clip_15,72,1,-24.116443251483602,-0.007730576679222076,0.35360734498842655
handshake_clip_15,73,1,-24.116443251483602,-0.007730576679222076,0.35360734498842655
handshake_clip_15,74,1,-24.116443251483602,-0.007730576679222076,0.0
handshake_clip_15,75,1,-24.116443251483602,-0.007730576679222076,0.0
handshake_clip_15,76,1,-24.116443251483602,-0.007730576679222076,0.0
handshake_clip_15,77,1,-24.116443251483602,-0.007730576679222076,0.0
handshake_clip_15,78,1,-24.116443251483602,-0.007730576679222076,0.0
handshake_clip_15,79,1,-24.116443251483602,-0.007730576679222076,0.0
handshake_clip_15,80,1,-24.116443251483602,-0.007730576679222076,0.0
handshake_clip_15,81,1,-24.116443251483602,-0.007730576679222076,0.0
handshake_clip_15,82,1,-24.116443251483602,-0.007730576679222076,0.0
handshake_clip_15,83,1,-24.116443251483602,-0.007730576679222076,0.0
handshake_clip_15,84,1,-24.116443251483602,-0.007730576679222076,0.0
handshake_clip_15,85,1,-24.116443251483602,-0.007730576679222076,0.0
handshake_clip_15,86,1,-24.116443251483602,-0.007730576679222076,0.0
handshake_clip_15,87,1,-24.116443251483602,-0.007730576679222076,0.0
handshake_clip_15,88,1,-24.116443251483602,-0.007730576679222076,0.0
handshake_clip_15,89,1,-24.116443251483602,-0.007730576679222076,0.0
handshake_clip_41,0,1,-165.75163024581903,-0.006547855204772118,0.0
handshake_clip_41,1,1,-165.75163024581903,-0.006547855204772118,0.19734245494943406
handshake_clip_41,2,1,-165.75163024581903,-0.006547855204772118,0.19734245494943406
handshake_clip_41,3,1,-177.9805313849024,-0.006092041661801679,0.19734245494943406
handshake_clip_41,4,1,-177.90193266914483,-0.005719694938138674,0.19734245494943406
handshake_clip_41,5,1,-177.83143026807866,-0.005347348214475671,0.005034897975680005
handshake_clip_41,6,1,-177.76783466005327,-0.004975001490812666,0.005034897975680005
handshake_clip_41,7,1,-172.69510541362177,-0.0048514089532691995,0.005034897975680005
handshake_clip_41,8,1,-167.77300757800327,-0.004727816415725733,0.00024070722543924992
handshake_clip_41,9,1,-163.06347367523364,-0.004604223878182266,0.00024070722543924992
handshake_clip_41,10,1,-177.86457885010327,-0.0072189926253684675,0.005846888009131021
handshake_clip_41,11,1,167.33230160272203,-0.015962135013502562,0.12540186496700992
handshake_clip_41,12,1,142.3354026218327,-0.0339186871404422,0.12540186496700992
handshake_clip_41,13,1,-162.5769928011301,-0.003242989381641629,0.13324072449221105
handshake_clip_41,14,1,166.6254126633105,-0.013841711910391206,0.13324072449221105
handshake_clip_41,15,1,168.78304201872916,-0.01286678673553246,0.13324072449221105
handshake_clip_41,16,1,170.86243550144874,-0.01189186156067371,0.13324072449221105
handshake_clip_41,17,1,172.86259377466084,-0.010916936385814964,0.13324072449221105
handshake_clip_41,18,1,174.78336341541532,-0.009942011210956215,0.12529335639719752
handshake_clip_41,19,1,176.62531597855445,-0.008967086036097468,0.0010967552670965862
handshake_clip_41,20,1,179.65441198634502,-0.007662466493975686,0.05221075369830683
handshake_clip_41,21,1,-176.80969559266515,-0.006357846951853904,0.05221075369830683
handshake_clip_41,22,1,-172.6631036230683,-0.005053227409732122,0.05221075369830683
handshake_clip_41,23,1,-175.92109507770869,-0.009458564004155777,0.05221075369830683
handshake_clip_41,24,1,-173.26697083942506,-0.007125323390578541,0.05221075369830683
handshake_clip_41,25,1,-172.1586394610975,-0.004792082777001304,0.05221075369830683
handshake_clip_41,26,1,-172.59299568059495,-0.005612216146005223,0.14154373472762602
handshake_clip_41,27,1,16.349417129109323,-0.006432349515009143,0.14154373472762602
handshake_clip_41,28,1,21.529559003863607,-0.008338569142871599,0.15123765018504967
handshake_clip_41,29,1,30.505361657856103,-0.003899454061590582,0.15123765018504967
handshake_clip_41,30,1,156.30297228483957,-0.009469282505833038,0.15123765018504967
handshake_clip_41,31,1,177.08766433221996,-0.005278003492257668,0.15123765018504967
handshake_clip_41,32,1,-164.40324320335483,-0.001086724478682298,0.15123765018504967
handshake_clip_41,33,1,-2.8965068851146096,-0.004699634769647044,0.14395743455200144
handshake_clip_41,34,1,170.51316876066713,-0.012710186413997293,0.14395743455200144
handshake_clip_41,35,1,63.14301879699113,-0.010465517461938132,0.22869408076296532
handshake_clip_41,36,1,153.3860512205299,-0.007814883054795253,0.3174326566141687
handshake_clip_41,37,1,-171.11815830525674,-0.00874316826354963,0.3174326566141687
handshake_clip_41,38,1,-6.4653565067334835,-0.0042389463837792275,0.3174326566141687
handshake_clip_41,39,1,-19.258535494297597,-0.005573583752493905,0.3174326566141687
handshake_clip_41,40,1,175.71067986073686,-0.006908221121208582,0.3174326566141687
handshake_clip_41,41,1,12.194370809108305,-0.011211317046033233,0.15580411969625144
handshake_clip_41,42,1,138.1673926728401,-0.00927481338599706,0.15580411969625144
handshake_clip_41,43,1,170.10192826369956,-0.007338309725960889,0.15580411969625144
handshake_clip_41,44,1,169.2423692706497,-0.008224375872498784,0.15580411969625144
handshake_clip_41,45,1,168.30800696812742,-0.009110442019036677,0.15580411969625144
handshake_clip_41,46,1,167.2892010656206,-0.00999650816557457,0.0752879776890264
handshake_clip_41,47,1,164.69056106596702,-0.009298109004853642,0.0752879776890264
handshake_clip_41,48,1,161.4118179787351,-0.00859970984413271,0.03308727467772463
handshake_clip_41,49,1,157.17864812099072,-0.007901310683411782,0.03308727467772463
handshake_clip_41,50,1,150.8257821803238,-0.00893737336643238,0.16857194356046762
handshake_clip_41,51,1,64.29388226126784,-0.009973436049452979,0.16857194356046762
handshake_clip_41,52,1,46.85417847253143,-0.01145076203220436,0.16857194356046762
handshake_clip_41,53,1,-172.76075843085061,-0.00930785704076811,0.16857194356046762
handshake_clip_41,54,1,-161.11797859112525,-0.00716495204933186,0.16857194356046762
handshake_clip_41,55,1,-158.52616875871522,-0.005022047057895609,0.16857194356046762
handshake_clip_41,56,1,-161.45624925791313,-0.006592568294033846,0.12083698592983035
handshake_clip_41,57,1,-165.31433904398386,-0.008163089530172082,0.12083698592983035
handshake_clip_41,58,1,-170.56522680551763,-0.00973361076631032,0.12083698592983035
handshake_clip_41,59,1,-177.96918556043497,-0.011304132002448555,0.12083698592983035
handshake_clip_41,60,1,171.28923935028203,-0.012874653238586792,0.0047941878885826425
handshake_clip_41,61,1,-85.68079992179749,-0.007238545279172048,0.3839717067156376
handshake_clip_41,62,1,-57.27829837893633,-0.007777621771861401,0.3839717067156376
handshake_clip_41,63,1,-40.88080595314666,-0.008316698264550754,0.3839717067156376
handshake_clip_41,64,1,-31.669899993424988,-0.008855774757240108,0.3839717067156376
handshake_clip_41,65,1,-26.045764907853055,-0.00939485124992946,0.3839717067156376
handshake_clip_41,66,1,-27.119003046453685,-0.010652012958513922,0.0005598008871125449
handshake_clip_41,67,1,-29.483495585615987,-0.011909174667098385,0.0005598008871125449
handshake_clip_41,68,1,-38.84317930947033,-0.013166336375682847,0.0005598008871125449
handshake_clip_41,69,1,-94.10145333593313,-0.012838255475009809,0.003416995524859312
handshake_clip_41,70,1,-153.7914693232006,-0.012510174574336775,0.0034169955248594206
handshake_clip_41,71,1,-169.2558937410984,-0.012182093673663737,0.0034169955248594206
handshake_clip_41,72,1,-175.09196885549105,-0.011854012772990702,0.0034169955248594206
handshake_clip_41,73,1,-178.09035540096758,-0.011525931872317666,0.0034169955248594206
handshake_clip_41,74,1,-179.90645524738733,-0.011197850971644628,0.0034169955248594206
handshake_clip_41,75,1,178.87787555248715,-0.010869770070971592,0.0034169955248594206
handshake_clip_41,76,1,178.00782954478308,-0.010541689170298555,0.0034169955248594206
handshake_clip_41,77,1,177.3546337947176,-0.010213608269625519,0.0034169955248594206
handshake_clip_41,78,1,176.84632209235482,-0.009885527368952483,0.0034169955248594206
handshake_clip_41,79,1,176.4395614318538,-0.009557446468279445,0.0034169955248594206
handshake_clip_41,80,1,176.10671483773706,-0.009229365567606411,0.0034169955248594206
handshake_clip_41,81,1,175.82933098921248,-0.008901284666933374,0.0034169955248594206
handshake_clip_41,82,1,158.9106396041443,-0.010912476834903286,0.013082206515917216
handshake_clip_41,83,1,149.03453808412746,-0.011543669766155003,0.013082206515917216
handshake_clip_41,84,1,136.90864829122964,-0.012174862697406719,0.013082206515917216
handshake_clip_41,85,1,139.70222215228782,-0.012288846844035061,0.013082206515917216
handshake_clip_41,86,1,142.55225532900792,-0.012402830990663404,0.013082206515917216
handshake_clip_41,87,1,145.44600834458558,-0.012516815137291745,0.0069298571138729425
handshake_clip_41,88,1,148.36946411452496,-0.012630799283920087,0.0069298571138729425
handshake_clip_41,89,1,151.30770385688052,-0.01274478343054843,0.0011721340602732075
handshake_clip_9,0,1,111.46168194195394,-0.22090260470690734,0.0
handshake_clip_9,1,1,101.53522029596903,-0.3772041545146862,0.329865188807522
handshake_clip_9,2,1,104.12819670447668,-0.34160657263618077,0.329865188807522
handshake_clip_9,3,1,105.82540397249113,-0.27679350816219994,0.329865188807522
handshake_clip_9,4,1,102.0876143632036,-0.3690184839988433,0.329865188807522
handshake_clip_9,5,1,-6.543421003051359,-0.21076247398593742,0.13673399380236556
handshake_clip_9,6,1,104.51913288179962,-0.3377871320401482,0.14051684529810995
handshake_clip_9,7,1,102.48553217845121,-0.3477778177323784,0.14051684529810995
handshake_clip_9,8,1,102.97580095560389,-0.3464320948044701,0.14051684529810995
handshake_clip_9,9,1,106.06056358433545,-0.22911984133830285,0.14051684529810995
handshake_clip_9,10,1,103.27153201083046,-0.2785425152717948,0.14051684529810995
handshake_clip_9,11,1,105.38101783508745,-0.28099414879170576,0.010287023812773827
handshake_clip_9,12,1,102.53436639210268,-0.33986232968959484,0.010287023812773827
handshake_clip_9,13,1,104.84969516546956,-0.31452313067507015,0.010287023812773827
handshake_clip_9,14,1,103.10163706605793,-0.3487246483571766,0.010287023812773827
handshake_clip_9,15,1,103.97226561057226,-0.33865455756199475,0.009966028591581702
handshake_clip_9,16,1,-39.49886518168971,-0.029002154939519152,0.3101419497251655
handshake_clip_9,17,1,-162.52110544008647,-0.031290438321633425,0.3101419497251655
handshake_clip_9,18,1,104.69694453056414,-0.33988804824593893,0.31404562381316703
handshake_clip_9,19,1,101.7474311004022,-0.3546612698793296,0.31404562381316703
handshake_clip_9,20,1,107.27768794490751,-0.18133629155126124,0.31404562381316703
handshake_clip_9,21,1,-169.36162169734482,-0.008011313223192892,0.31404562381316703
handshake_clip_9,22,1,-164.51288357752318,0.004323930425364588,0.31404562381316703
handshake_clip_9,23,1,178.91428320429003,-0.010864810341076574,0.3111650231092407
handshake_clip_9,24,1,170.2168482314681,-0.022330738558167664,0.3111650231092407
handshake_clip_9,25,1,-149.2602467247246,-0.01761467833731694,0.3111650231092407
handshake_clip_9,26,1,-27.483287068067888,-0.012898618116466212,0.19625546075721895
handshake_clip_9,27,1,174.46522660257637,-0.0332841216256412,0.40427829422445316
handshake_clip_9,28,1,156.0359776249952,-0.018226886063402472,0.40427829422445316
handshake_clip_9,29,1,151.64672856308826,-0.014119484046616948,0.40427829422445316
handshake_clip_9,30,1,11.04163340555396,-0.02134587658036935,0.5066195213865234
handshake_clip_9,31,1,92.13650758017174,-0.025274220671150222,0.5066195213865234
handshake_clip_9,32,1,-163.12794675186447,0.0008250100963919264,0.5066195213865234
handshake_clip_9,33,1,163.5311228623913,-0.024932482678067826,0.5066195213865234
handshake_clip_9,34,1,153.48705907178856,-0.03387394596177272,0.5066195213865234
handshake_clip_9,35,1,-24.896509141652437,-0.027541067165458268,0.4908322003621041
handshake_clip_9,36,1,165.5020536448115,-0.030996283499874266,0.4908322003621041
handshake_clip_9,37,1,20.171226942133014,-0.021341376033383527,0.4992526186808721
handshake_clip_9,38,1,166.2271944500095,-0.03264555136652447,0.4992526186808721
handshake_clip_9,39,1,-156.36203598462052,-0.003814846336048471,0.4992526186808721
handshake_clip_9,40,1,171.05397521104348,-0.02373217147344064,0.4992526186808721
handshake_clip_9,41,1,-166.71966975741657,-0.015048455934206057,0.4992526186808721
handshake_clip_9,42,1,-166.4851849592009,-0.020884303291310823,0.49851959916494226
handshake_clip_9,43,1,-164.05838092969591,-0.02672015064841559,0.2423191276834004
handshake_clip_9,44,1,112.1328090102939,-0.032965662245501876,0.2423191276834004
handshake_clip_9,45,1,83.10132940075604,-0.039211173842588154,0.2423191276834004
handshake_clip_9,46,1,75.07295694161043,-0.04545668543967444,0.2423191276834004
handshake_clip_9,47,1,110.8153471908266,-0.04288302766380519,0.2423191276834004
handshake_clip_9,48,1,130.8253043344905,-0.04030936988793594,0.1659718303712464
handshake_clip_9,49,1,141.10324233677343,-0.03773571211206669,0.1659718303712464
handshake_clip_9,50,1,-135.2425477869036,-0.037484160462085435,0.4035697300361137
handshake_clip_9,51,1,-60.3386734064738,-0.024850608229797868,0.4035697300361137
handshake_clip_9,52,1,73.94631556996623,-0.03553856401070727,0.4035697300361137
handshake_clip_9,53,1,-149.72738799563504,-0.03432963299920111,0.4035697300361137
handshake_clip_9,54,1,171.92325698755027,-0.017076607169513997,0.4116341580377103
handshake_clip_9,55,1,160.62673842511597,-0.021458636116041797,0.4116341580377103
handshake_clip_9,56,1,93.342412772762,-0.025840665062569598,0.4116341580377103
handshake_clip_9,57,1,27.4728044803566,-0.030222694009097398,0.4116341580377103
handshake_clip_9,58,1,-109.11062086655892,0.012562872636266221,0.4116341580377103
handshake_clip_9,59,1,163.8556850038235,-0.014202875435515174,0.38765785910657685
handshake_clip_9,60,1,152.6708944743347,-0.013884689354846026,0.38765785910657685
handshake_clip_9,61,1,56.05802894723917,-0.013566503274176878,0.38765785910657685
handshake_clip_9,62,1,-96.68322137155215,-0.025849154793718215,0.38765785910657685
handshake_clip_9,63,1,-47.316480909848934,-0.023985103722049834,0.38765785910657685
handshake_clip_9,64,1,-5.91047854160691,-0.02212105265038145,0.20133331752282016
handshake_clip_9,65,1,10.227134214831498,-0.020257001578713067,0.20133331752282013
handshake_clip_9,66,1,-62.33993902631703,-0.019690462849695133,0.06283716594768399
handshake_clip_9,67,1,-53.99058864023952,-0.013894118157025995,0.06283716594768399
handshake_clip_9,68,1,69.70324514818755,-0.04069543456679979,0.06283716594768399
handshake_clip_9,69,1,100.48154055175755,-0.20050335060894042,0.16018547999108557
handshake_clip_9,70,1,102.99225121204951,-0.36031126665108104,0.16018547999108557
handshake_clip_9,71,1,57.10209452726944,-0.0784039454186711,0.27888334487408456
handshake_clip_9,72,1,102.30334458878447,-0.3236809839594343,0.2795176277994581
handshake_clip_9,73,1,101.26866243952195,-0.3031115618544504,0.2795176277994581
handshake_clip_9,74,1,100.1722656414497,-0.09863394267193822,0.2795176277994581
handshake_clip_9,75,1,102.91123214791693,-0.31505198155588227,0.2795176277994581
handshake_clip_9,76,1,104.69316630373439,-0.24314148828557336,0.2795176277994581
handshake_clip_9,77,1,57.21643415010875,-0.050881666952136514,0.30433278927175045
handshake_clip_9,78,1,53.956597377677426,-0.05401941818337262,0.30433278927175045
handshake_clip_9,79,1,105.58380704825073,-0.2927997228620711,0.32071589685191915
handshake_clip_9,80,1,109.12994108691917,-0.22586604369121233,0.32071589685191915
handshake_clip_9,81,1,105.62022005896772,-0.25924420376495994,0.32071589685191915
handshake_clip_9,82,1,102.38893920412355,-0.2926223638387076,0.32071589685191915
handshake_clip_9,83,1,99.42244269459378,-0.3260005239124552,0.32071589685191915
handshake_clip_9,84,1,138.64065319874703,-0.13913498766021343,0.11812189799455813
handshake_clip_9,85,1,105.8312860265452,-0.22409570895530345,0.1574020413237781
handshake_clip_9,86,1,103.89646072563856,-0.33509047860025015,0.1574020413237781
handshake_clip_9,87,1,102.57655670716461,-0.34638459088228046,0.1574020413237781
handshake_clip_9,88,1,101.61044908758655,-0.302284716937379,0.1574020413237781
handshake_clip_9,89,1,101.61044908758655,-0.302284716937379,0.1574020413237781
handshake_clip_0,0,1,35.18419038939156,-0.030412650047267675,0.0
handshake_clip_0,1,1,-14.536863977073294,-0.02760587330681111,0.519615244380911
handshake_clip_0,2,1,-143.0584246925477,-0.019073960180122623,0.519615244380911
handshake_clip_0,3,1,-143.98302769009533,-0.031236603329205016,0.519615244380911
handshake_clip_0,4,1,1.158248299405596,-0.027307069466250902,0.519615244380911
handshake_clip_0,5,1,8.215235134522965,-0.02337753560329679,0.4988228773237242
handshake_clip_0,6,1,-157.75835287678078,-0.029299371026951317,0.5260467793070285
handshake_clip_0,7,1,0.7777707080559719,-0.04971364814457494,0.5260467793070285
handshake_clip_0,8,1,43.54794461846235,-0.04237047673521481,0.5260467793070285
handshake_clip_0,9,1,-159.49856038577906,-0.027136472882631227,0.5260467793070285
handshake_clip_0,10,1,-143.94544114637483,-0.020418501360353447,0.5260467793070285
handshake_clip_0,11,1,12.985451942144282,-0.03174325927059833,0.04863172377107212
handshake_clip_0,12,1,15.456352406145283,-0.04388167833170085,0.04863172377107212
handshake_clip_0,13,1,-71.88710143250378,-0.024264131773065762,0.05621689913433904
handshake_clip_0,14,1,-153.14503223880087,-0.02590616514663673,0.05621689913433904
handshake_clip_0,15,1,-160.84313968548327,-0.027548198520207696,0.05621689913433904
handshake_clip_0,16,1,7.0366542207074465,-0.015348337412504437,0.5390330321018207
handshake_clip_0,17,1,7.946162104391285,-0.021794576051940153,0.5390330321018207
handshake_clip_0,18,1,172.04166516485063,-0.03661936836405742,0.5461804362667027
handshake_clip_0,19,1,-47.991110503294664,-0.02384554471245783,0.5461804362667027
handshake_clip_0,20,1,85.00287982895365,-0.02515624160778883,0.5461804362667027
handshake_clip_0,21,1,9.894018506582231,-0.02869654509396465,0.5461804362667027
handshake_clip_0,22,1,5.534470491841349,-0.021924202113957767,0.5461804362667027
handshake_clip_0,23,1,4.841817027770977,-0.020174090336841033,0.474648915106597
handshake_clip_0,24,1,-63.54294685414485,-0.04779965935097145,0.48810373950382296
handshake_clip_0,25,1,-127.97975545406952,-0.02877395075520894,0.48810373950382296
handshake_clip_0,26,1,2.0303711653034084,-0.020469990543723723,0.48810373950382296
handshake_clip_0,27,1,-7.684295836382797,-0.017201746283377072,0.48810373950382296
handshake_clip_0,28,1,-82.56760636178961,-0.027257242826379938,0.5268036767231772
handshake_clip_0,29,1,40.21684191306924,-0.0372463370128741,0.5268036767231772
handshake_clip_0,30,1,-5.633777150368849,-0.01806110787069483,0.5268036767231772
handshake_clip_0,31,1,4.734358897929503,-0.022218097803071022,0.5268036767231772
handshake_clip_0,32,1,11.77966995037456,-0.018874892065564718,0.5268036767231772
handshake_clip_0,33,1,-23.118575570047035,-0.03487686413185994,0.6139156838224094
handshake_clip_0,34,1,2.3572549397663334,-0.019251040759698388,0.6139156838224094
handshake_clip_0,35,1,78.55071704040208,-0.21869051819010105,0.6139156838224094
handshake_clip_0,36,1,-48.64353203217118,0.01718034374563608,0.6139156838224094
handshake_clip_0,37,1,27.04014799109154,-0.027777241466101645,0.6139156838224094
handshake_clip_0,38,1,-7.475423347694398,-0.03288556954288424,0.6040203375967383
handshake_clip_0,39,1,66.14154144550191,-0.033002295121114765,0.6040203375967383
handshake_clip_0,40,1,28.493739774292155,-0.03012778806755004,0.6040203375967383
handshake_clip_0,41,1,66.67560465061571,-0.03886791467414232,0.6006066829895104
handshake_clip_0,42,1,-125.12502479877641,-0.027950478310486904,0.6006066829895104
handshake_clip_0,43,1,0.3992283596123277,-0.014800187457577602,0.6006066829895104
handshake_clip_0,44,1,6.592329584403207,-0.026173816590215837,0.5837386547105307
handshake_clip_0,45,1,8.225740255171088,-0.022696883033564222,0.5837386547105307
handshake_clip_0,46,1,78.66819533721532,-0.2601502164279736,0.5773568280865012
handshake_clip_0,47,1,168.03902312327736,-0.026044861062501843,0.5773568280865012
handshake_clip_0,48,1,46.62570554426439,-0.029758169010591442,0.5773568280865012
handshake_clip_0,49,1,-15.89689903740172,-0.012496038601010883,0.5773568280865012
handshake_clip_0,50,1,9.115073746103041,-0.025492643263888178,0.5773568280865012
handshake_clip_0,51,1,10.51287704391523,-0.01932102267124055,0.4670361496337923
handshake_clip_0,52,1,2.384755157685448,-0.02267452379832795,0.4670361496337923
handshake_clip_0,53,1,10.026786797326043,-0.02015267965474529,0.4670361496337923
handshake_clip_0,54,1,65.5903458472516,-0.029469530776338976,0.05184638685027787
handshake_clip_0,55,1,110.3191309581875,-0.029368150377877048,0.44992869339308283
handshake_clip_0,56,1,-149.24939749061105,-0.020453477233843366,0.44992869339308283
handshake_clip_0,57,1,2.5702475975028474,-0.022191976585352834,0.44992869339308283
handshake_clip_0,58,1,7.578852626085739,-0.023176493064121378,0.44992869339308283
handshake_clip_0,59,1,-10.642538449614078,-0.03318225151593872,0.45875829444766536
handshake_clip_0,60,1,-99.70349728169685,-0.02446410019956593,0.45875829444766536
handshake_clip_0,61,1,2.9847615741690285,-0.020387572741514988,0.45875829444766536
handshake_clip_0,62,1,6.632492354472373,-0.020019263294043892,0.45875829444766536
handshake_clip_0,63,1,51.592222507112716,-0.026979991119077278,0.45875829444766536
handshake_clip_0,64,1,-105.92028203606391,-0.024420051583405114,0.4397952492108433
handshake_clip_0,65,1,8.963574626449496,-0.022289563244327598,0.4397952492108433
handshake_clip_0,66,1,6.722084202600777,-0.02296414155041934,0.4069394813123137
handshake_clip_0,67,1,4.304459215447581,-0.015531512825011893,0.4069394813123137
handshake_clip_0,68,1,4.740271086624613,-0.020898524608703797,0.40262671886333534
handshake_clip_0,69,1,-18.164047693134062,-0.023267838791099334,0.4034084190753713
handshake_clip_0,70,1,-65.65792651180352,-0.03288153104423941,0.4034084190753713
handshake_clip_0,71,1,-5.487300933486988,-0.014754874429385672,0.5218706673753697
handshake_clip_0,72,1,81.11530759409153,-0.03609801728556932,0.5218706673753697
handshake_clip_0,73,1,39.02071372402248,-0.019330402128346604,0.5218706673753697
handshake_clip_0,74,1,1.2510131527440613,-0.016851477858478934,0.5218706673753697
handshake_clip_0,75,1,-128.6980793115087,-0.023667345408483635,0.5270796916219435
handshake_clip_0,76,1,52.48075694495892,-0.036543501370111635,0.5618787761345696
handshake_clip_0,77,1,2.0880204262432462,-0.0170142345618309,0.5618787761345696
handshake_clip_0,78,1,2.9116238068145748,-0.025425087083014795,0.5618787761345696
handshake_clip_0,79,1,87.88494459410936,-0.035450665352058736,0.5618787761345696
handshake_clip_0,80,1,4.265288684002167,-0.02990047202979438,0.5618787761345696
handshake_clip_0,81,1,-6.794001489766774,-0.018867977424264493,0.04494937933209409
handshake_clip_0,82,1,0.44232257733856073,-0.025859479348785148,0.036230931788789444
handshake_clip_0,83,1,26.853651852000695,-0.03237034038831859,0.036230931788789444
handshake_clip_0,84,1,-1.629138716488952,-0.025139690582022842,0.036230931788789444
handshake_clip_0,85,1,110.36313482020016,-0.04448333435939125,0.03782639800269633
handshake_clip_0,86,1,76.11021676851223,-0.1284747666977637,0.5341572564308597
handshake_clip_0,87,1,65.23641271870096,-0.17067448778522015,0.5341572564308597
handshake_clip_0,88,1,23.016292161027945,-0.0362448996610993,0.5351503872046823
handshake_clip_0,89,1,14.08070953582176,-0.01895975570131362,0.5351503872046823
handshake_clip_7,0,1,96.03785647787471,-0.06964567300461505,0.0
handshake_clip_7,1,1,96.03785647787471,-0.06964567300461505,0.5738222376248708
handshake_clip_7,2,1,96.03785647787471,-0.06964567300461505,0.5738222376248708
handshake_clip_7,3,1,96.03785647787471,-0.06964567300461505,0.5738222376248708
handshake_clip_7,4,1,96.03785647787471,-0.06964567300461505,0.5738222376248708
handshake_clip_7,5,1,96.03785647787471,-0.06964567300461505,0.0
handshake_clip_7,6,1,96.03785647787471,-0.06964567300461505,0.0
handshake_clip_7,7,1,96.03785647787471,-0.06964567300461505,0.0
handshake_clip_7,8,1,96.03785647787471,-0.06964567300461505,0.0
handshake_clip_7,9,1,96.03785647787471,-0.06964567300461505,0.0
handshake_clip_7,10,1,96.03785647787471,-0.06964567300461505,0.0
handshake_clip_7,11,1,96.03785647787471,-0.06964567300461505,0.0
handshake_clip_7,12,1,96.03785647787471,-0.06964567300461505,0.0
handshake_clip_7,13,1,96.03785647787471,-0.06964567300461505,0.0
handshake_clip_7,14,1,96.03785647787471,-0.06964567300461505,0.0
handshake_clip_7,15,1,96.03785647787471,-0.06964567300461505,0.0
handshake_clip_7,16,1,96.03785647787471,-0.06964567300461505,0.0
handshake_clip_7,17,1,90.03922893703378,-0.05997704809515625,0.005194054659515812
handshake_clip_7,18,1,92.29958632372451,-0.05441413852727095,0.12436636779733377
handshake_clip_7,19,1,96.14065135843607,-0.048851228959385644,0.12436636779733377
handshake_clip_7,20,1,103.98039547838793,-0.04328831939150034,0.12436636779733377
handshake_clip_7,21,1,126.26418313206119,-0.03772540982361504,0.12436636779733377
handshake_clip_7,22,1,114.09577417185268,-0.03758985187495983,0.12436636779733377
handshake_clip_7,23,1,97.90563547889525,-0.037454293926304616,0.12436636779733377
handshake_clip_7,24,1,79.01338346153685,-0.037318735977649405,0.12436636779733377
handshake_clip_7,25,1,89.32498366628265,-0.05866951503243453,0.21997158410660106
handshake_clip_7,26,1,90.50623792807764,-0.08002029408721967,0.21997158410660106
handshake_clip_7,27,1,88.85467624086124,-0.06512365791330053,0.21997158410660106
handshake_clip_7,28,1,81.6185902192592,-0.05022702173938141,0.21997158410660106
handshake_clip_7,29,1,104.73321550428494,-0.048082378446927955,0.21997158410660106
handshake_clip_7,30,1,93.2346216255504,-0.06372672069641891,0.21997158410660106
handshake_clip_7,31,1,90.89404069714172,-0.07937106294590986,0.21914446530069354
handshake_clip_7,32,1,88.68566520006252,-0.060206292048789536,0.21914446530069354
handshake_clip_7,33,1,76.214308435895,-0.04104152115166921,0.2176667243673269
handshake_clip_7,34,1,83.20279342768968,-0.03993778388920545,0.2176667243673269
handshake_clip_7,35,1,92.86941086627984,-0.03883404662674169,0.2176667243673269
handshake_clip_7,36,1,106.13476717076304,-0.03773030936427793,0.21505865864501794
handshake_clip_7,37,1,69.28804449082,-0.04477255661348596,0.21505865864501794
handshake_clip_7,38,1,84.53413362692376,-0.044663706077031386,0.034353268490759765
handshake_clip_7,39,1,41.99617819979018,-0.018864286801393893,0.034353268490759765
handshake_clip_7,40,1,54.82552814967913,-0.03285367265705735,0.034353268490759765
handshake_clip_7,41,1,66.40739369788567,-0.04684305851272081,0.034353268490759765
handshake_clip_7,42,1,78.80505851960076,-0.08236831285874752,0.20843293811124652
handshake_clip_7,43,1,80.66163812655233,-0.11789356720477422,0.20843293811124652
handshake_clip_7,44,1,82.34443490012626,-0.12450860250608287,0.20843293811124652
handshake_clip_7,45,1,85.80956194433698,-0.08822506295192052,0.20843293811124652
handshake_clip_7,46,1,89.81415800685456,-0.06703035943264976,0.2691874173930247
handshake_clip_7,47,1,122.01914588935794,-0.045835655913379,0.26918741739302476
handshake_clip_7,48,1,107.5052025339889,-0.04806409373870933,0.26918741739302476
handshake_clip_7,49,1,102.3168293710073,-0.05029253156403967,0.26918741739302476
handshake_clip_7,50,1,86.24521053299495,-0.08334713009530502,0.4609517035503332
handshake_clip_7,51,1,85.69827446149701,-0.09171149473394279,0.4609517035503332
handshake_clip_7,52,1,85.35397788922823,-0.08300930448041292,0.4609517035503332
handshake_clip_7,53,1,91.08544692859427,-0.0827344519827733,0.4609517035503332
handshake_clip_7,54,1,74.0841763829822,-0.03638532766821355,0.4609517035503332
handshake_clip_7,55,1,84.92750666720184,-0.053137897374786754,0.45194119988716547
handshake_clip_7,56,1,87.25685909380081,-0.06989046708135997,0.45194119988716547
handshake_clip_7,57,1,88.26796608120003,-0.08664303678793317,0.45194119988716547
handshake_clip_7,58,1,98.85708086823348,-0.07107266868942475,0.45194119988716547
handshake_clip_7,59,1,121.45972605197898,-0.02883474947113738,0.49118082488233694
handshake_clip_7,60,1,91.26118143325631,-0.0986253740986136,0.49118082488233694
handshake_clip_7,61,1,86.03335273320221,-0.1684159987260898,0.49118082488233694
handshake_clip_7,62,1,84.2176063613032,-0.08116415863543125,0.49118082488233694
handshake_clip_7,63,1,84.76713350063605,-0.082035060737932,0.49118082488233694
handshake_clip_7,64,1,85.35179031106779,-0.08290596284043276,0.24980356643309082
handshake_clip_7,65,1,85.97492230932625,-0.08377686494293352,0.2498035664330908
handshake_clip_7,66,1,96.18829905760848,-0.07903326458399815,0.010884361195954956
handshake_clip_7,67,1,85.24661715596692,-0.0881424882606722,0.008329518611410985
handshake_clip_7,68,1,85.50065281785464,-0.08220140884434098,0.008329518611410985
handshake_clip_7,69,1,94.43619533111269,-0.07387012718464087,0.2885320815211671
handshake_clip_7,70,1,135.6070847308459,-0.06553884552494074,0.2885320815211671
handshake_clip_7,71,1,87.97706909556126,-0.09733272258686654,0.589459373302501
handshake_clip_7,72,1,95.17065490449934,-0.0914949623432628,0.589459373302501
handshake_clip_7,73,1,107.61774475748017,-0.08565720209965907,0.589459373302501
handshake_clip_7,74,1,130.37921902292217,-0.07981944185605533,0.589459373302501
handshake_clip_7,75,1,164.3962645331461,-0.0739816816124516,0.589459373302501
handshake_clip_7,76,1,110.72024429366695,-0.026106620678341033,0.21235329386045818
handshake_clip_7,77,1,92.85578592133764,-0.05118066864261897,0.21235329386045818
handshake_clip_7,78,1,91.92902956924736,-0.07625471660689691,0.21235329386045818
handshake_clip_7,79,1,90.46399502088984,-0.07385142043469835,0.21235329386045818
handshake_clip_7,80,1,88.79340682771578,-0.07144812426249979,0.21235329386045818
handshake_clip_7,81,1,86.87428181693909,-0.06904482809030123,0.20994601463143311
handshake_clip_7,82,1,84.65214170414995,-0.06664153191810267,0.20994601463143311
handshake_clip_7,83,1,82.0576406813649,-0.06423823574590411,0.011140404262051748
handshake_clip_7,84,1,82.0576406813649,-0.06423823574590411,0.011140404262051748
handshake_clip_7,85,1,82.0576406813649,-0.06423823574590411,0.011140404262051748
handshake_clip_7,86,1,82.0576406813649,-0.06423823574590411,0.011140404262051748
handshake_clip_7,87,1,82.0576406813649,-0.06423823574590411,0.011140404262051689
handshake_clip_7,88,1,82.0576406813649,-0.06423823574590411,0.0
handshake_clip_7,89,1,82.0576406813649,-0.06423823574590411,0.0
handshake_clip_6,0,1,101.65553545167874,-0.14451786375474282,0.0
handshake_clip_6,1,1,104.66934486458501,-0.078666476865699,0.3494663535533121
handshake_clip_6,2,1,-164.79838689619518,-0.012815089976655163,0.3494663535533121
handshake_clip_6,3,1,107.47001448898123,-0.06004571004664656,0.3494663535533121
handshake_clip_6,4,1,103.01261583077572,-0.10727633011663795,0.3494663535533121
handshake_clip_6,5,1,101.53003398629636,-0.15450695018662935,0.1780011890874642
handshake_clip_6,6,1,101.73021272008287,-0.15360777229683067,0.1780011890874642
handshake_clip_6,7,1,101.93168798750726,-0.15270859440703202,0.11658224840980909
handshake_clip_6,8,1,102.13446739455367,-0.15180941651723334,0.11658224840980909
handshake_clip_6,9,1,102.33855851530451,-0.1509102386274347,0.11658224840980909
handshake_clip_6,10,1,102.54396888899564,-0.150011060737636,0.0019993187615073033
handshake_clip_6,11,1,102.75070601699164,-0.14911188284783736,0.0019993187615073033
handshake_clip_6,12,1,102.9587773596802,-0.14821270495803868,0.0019993187615073033
handshake_clip_6,13,1,103.1681903332836,-0.14731352706824002,0.0019993187615073033
handshake_clip_6,14,1,103.37895230658766,-0.14641434917844134,0.0019993187615073033
handshake_clip_6,15,1,103.59107059758634,-0.1455151712886427,0.0019993187615073033
handshake_clip_6,16,1,103.80455247004139,-0.144615993398844,0.0019993187615073033
handshake_clip_6,17,1,99.01868466287216,-0.14485600462248266,0.0024187044827519806
handshake_clip_6,18,1,99.0466508163777,-0.10281434299853245,0.10963413121304341
handshake_clip_6,19,1,99.1303525410404,-0.06077268137458225,0.10963413121304343
handshake_clip_6,20,1,138.76915052904113,-0.018731019750632055,0.10963413121304343
handshake_clip_6,21,1,43.32329739171137,-0.019131541408092347,0.10963413121304343
handshake_clip_6,22,1,37.422938055297585,-0.01953206306555264,0.10963413121304343
handshake_clip_6,23,1,35.50299419901747,-0.01993258472301293,0.10963413121304343
handshake_clip_6,24,1,34.55400093553718,-0.020333106380473226,0.10963413121304341
handshake_clip_6,25,1,33.988368957802756,-0.020733628037933518,0.005207518214193289
handshake_clip_6,26,1,33.612904184209384,-0.02113414969539381,0.005207518214193289
handshake_clip_6,27,1,33.345526800378764,-0.021534671352854102,0.005207518214193289
handshake_clip_6,28,1,33.145443926608934,-0.021935193010314394,0.005207518214193289
handshake_clip_6,29,1,32.99009337168714,-0.022335714667774686,0.005207518214193289
handshake_clip_6,30,1,32.86598397856447,-0.022736236325234978,0.005207518214193289
handshake_clip_6,31,1,32.76455369371159,-0.02313675798269527,0.005207518214193289
handshake_clip_6,32,1,32.68010704276267,-0.02353727964015556,0.005207518214193289
handshake_clip_6,33,1,32.608708204155754,-0.023937801297615857,0.005207518214193289
handshake_clip_6,34,1,32.54755020530215,-0.02433832295507615,0.005207518214193289
handshake_clip_6,35,1,32.494577309041894,-0.02473884461253644,0.005207518214193289
handshake_clip_6,36,1,32.44824946757912,-0.025139366269996733,0.005207518214193289
handshake_clip_6,37,1,15.97392546006176,-0.038116799195616766,0.05802937458766812
handshake_clip_6,38,1,23.330158237578022,-0.02790795978796715,0.08862992034088714
handshake_clip_6,39,1,28.501103624801956,-0.027318977389096902,0.08862992034088714
handshake_clip_6,40,1,29.293204505561985,-0.026729994990226654,0.08862992034088714
handshake_clip_6,41,1,5.380376792142396,-0.016403011021932177,0.08862992034088714
handshake_clip_6,42,1,-132.1775308267811,-0.006076027053637701,0.08862992034088714
handshake_clip_6,43,1,114.80995659933289,-0.0814865089170382,0.18655639785311856
handshake_clip_6,44,1,107.57630404010075,-0.15689699078043867,0.18655639785311864
handshake_clip_6,45,1,97.44697499782019,-0.1157914805490918,0.18655639785311864
handshake_clip_6,46,1,99.07282438362617,-0.06485916099164507,0.18655639785311864
handshake_clip_6,47,1,-109.0401281617041,-0.013926841434198325,0.18655639785311864
handshake_clip_6,48,1,-145.58813406813726,-0.013442082754096375,0.18655639785311864
handshake_clip_6,49,1,26.212440850144954,-0.024454613470016505,0.15846734120691458
handshake_clip_6,50,1,108.68023346585123,-0.15749805092966085,0.4675479867171586
handshake_clip_6,51,1,107.68879349867335,-0.15241542508322445,0.4675479867171586
handshake_clip_6,52,1,106.71744810554274,-0.14733279923678802,0.4675479867171586
handshake_clip_6,53,1,105.76613396223888,-0.14225017339035162,0.4675479867171586
handshake_clip_6,54,1,52.14156157339714,-0.03060405041961718,0.46838323171149043
handshake_clip_6,55,1,89.10479924131761,-0.0669644244305267,0.46838323171149043
handshake_clip_6,56,1,97.5031036752533,-0.10332479844143626,0.46838323171149043
handshake_clip_6,57,1,100.99874638742261,-0.1396851724523458,0.46838323171149043
handshake_clip_6,58,1,98.09178765257096,-0.08065364336824382,0.46838323171149043
handshake_clip_6,59,1,48.592843975245586,-0.021622114284141864,0.17154737109380183
handshake_clip_6,60,1,-130.294275412957,-0.01581043420145529,0.17154737109380183
handshake_clip_6,61,1,104.00149866889484,-0.07974521841300938,0.176303165684621
handshake_clip_6,62,1,103.38555790779978,-0.14368000262456346,0.17630316568462104
handshake_clip_6,63,1,107.52617297301488,-0.0763259718309683,0.17630316568462104
handshake_clip_6,64,1,-163.45328795731936,-0.008971941037373147,0.17630316568462104
handshake_clip_6,65,1,111.07417947475211,-0.10493800311877514,0.17630316568462104
handshake_clip_6,66,1,106.78808560077573,-0.20090406520017715,0.17630316568462104
handshake_clip_6,67,1,104.91028618179581,-0.13804835699701812,0.16327373783427038
handshake_clip_6,68,1,104.94280713649178,-0.1583822143429643,0.16327373783427032
handshake_clip_6,69,1,104.97380026502182,-0.17871607168891043,0.1544380931645821
handshake_clip_6,70,1,105.00337074478357,-0.19904992903485658,0.1544380931645821
handshake_clip_6,71,1,105.03161431713741,-0.21938378638080275,0.02124161718887356
handshake_clip_6,72,1,105.745763933013,-0.21681899677885963,0.007602852967827142
handshake_clip_6,73,1,106.48256272858744,-0.21425420717691657,0.007602852967827142
handshake_clip_6,74,1,107.24284990782208,-0.21168941757497345,0.007602852967827142
handshake_clip_6,75,1,106.81939968620584,-0.18588930643721818,0.007602852967827142
handshake_clip_6,76,1,106.401814538993,-0.16008919529946294,0.004861551269892256
handshake_clip_6,77,1,105.99001690272028,-0.13428908416170768,0.004861551269892256
handshake_clip_6,78,1,97.63768966185548,-0.10904966821246367,0.02395223377229226
handshake_clip_6,79,1,100.26902222056259,-0.1271907670137366,0.02395223377229226
handshake_clip_6,80,1,102.81649360039917,-0.1453318658150095,0.02395223377229226
handshake_clip_6,81,1,104.59077533962899,-0.20992468740359974,0.02395223377229226
handshake_clip_6,82,1,105.29586301792085,-0.20152477877867625,0.02395223377229226
handshake_clip_6,83,1,105.35865157471746,-0.16584479290025905,0.01825882418710629
handshake_clip_6,84,1,102.9230202939294,-0.15860050243904308,0.023118785583799515
handshake_clip_6,85,1,-65.12261030869274,-0.055109432979406826,0.04120430193181462
handshake_clip_6,86,1,-57.67452650191981,-0.10132517663302919,0.04120430193181462
handshake_clip_6,87,1,82.3713721800804,-0.14754092028665156,0.04120430193181462
handshake_clip_6,88,1,102.72077390536064,-0.1937566639402739,0.04120430193181462
handshake_clip_6,89,1,105.68390239359745,-0.23997240759389626,0.04120430193181462
handshake_clip_1,0,1,98.05822164171262,-0.09561526395643041,0.0
handshake_clip_1,1,1,42.74326312024494,-0.024403294519458954,0.5137547623367139
handshake_clip_1,2,1,173.6053463105183,-0.01842395125635221,0.5137547623367139
handshake_clip_1,3,1,-174.67838964279028,-0.018664463532502305,0.5137547623367139
handshake_clip_1,4,1,136.24926979070347,-0.021252178069843725,0.5137547623367139
handshake_clip_1,5,1,-177.2083870365564,-0.020972949350230793,0.5137547623367139
handshake_clip_1,6,1,-168.0519710593066,-0.020693720630617862,0.4064764021639206
handshake_clip_1,7,1,134.8280811389538,-0.039444921871954364,0.4064764021639206
handshake_clip_1,8,1,138.68688127685496,-0.031417150647014225,0.4064764021639206
handshake_clip_1,9,1,-175.84881290979845,-0.0183723817910106,0.39228288485399887
handshake_clip_1,10,1,-78.0981250450502,-0.019215219816572888,0.39228288485399887
handshake_clip_1,11,1,-5.458342730988334,-0.02527439562194891,0.39228288485399887
handshake_clip_1,12,1,-17.361851583090424,-0.025783998807554474,0.39228288485399887
handshake_clip_1,13,1,99.8589179471439,-0.02768245905303955,0.39228288485399887
handshake_clip_1,14,1,50.32084288216207,-0.04157573565753122,0.09136456697264561
handshake_clip_1,15,1,-160.81786416542056,-0.01533635672601005,0.09533132724470751
handshake_clip_1,16,1,160.16394368142895,-0.026089380994093837,0.1441200997142512
handshake_clip_1,17,1,173.16706371668968,-0.027524976028189433,0.1441200997142512
handshake_clip_1,18,1,177.9169194467768,-0.028351985567695637,0.1441200997142512
handshake_clip_1,19,1,29.847959906275644,-0.029912653399890105,0.1441200997142512
handshake_clip_1,20,1,-161.1629182583566,-0.018134731354209028,0.1441200997142512
handshake_clip_1,21,1,32.39302820528369,-0.03702954918000492,0.14174808832789196
handshake_clip_1,22,1,-176.4444661143804,-0.021138976795185643,0.14174808832789196
handshake_clip_1,23,1,-151.64060440106906,-0.021084300035653262,0.1091856494915612
handshake_clip_1,24,1,-48.62138444464928,-0.02102962327612088,0.1091856494915612
handshake_clip_1,25,1,-152.1025791665043,-0.011922827431135359,0.12895212488623672
handshake_clip_1,26,1,-169.1567798597123,-0.016639147338835814,0.14933052392022755
handshake_clip_1,27,1,92.37497394234012,-0.1943861246051064,0.4992247027459641
handshake_clip_1,28,1,15.561002768685576,-0.0285983173263559,0.515627591838225
handshake_clip_1,29,1,-72.5326797816229,0.0011183720574194774,0.515627591838225
handshake_clip_1,30,1,87.91802497643991,-0.11063374656077936,0.515627591838225
handshake_clip_1,31,1,86.8572902709291,-0.14005210049010933,0.515627591838225
handshake_clip_1,32,1,-169.35663239035307,-0.023672217654961913,0.515627591838225
handshake_clip_1,33,1,-15.209686647087155,0.0016453725807767646,0.5168839922997883
handshake_clip_1,34,1,-153.5726969130502,-0.011511751664698923,0.5168839922997883
handshake_clip_1,35,1,-135.32421871225057,-0.011841341546046755,0.5168839922997883
handshake_clip_1,36,1,0.7319942938854426,-0.012170931427394586,0.5168839922997883
handshake_clip_1,37,1,-171.76526116878415,-0.01981621796328161,0.5201662098512503
handshake_clip_1,38,1,17.423025949908546,-0.0232708130142356,0.5201662098512503
handshake_clip_1,39,1,49.878181479543116,-0.021943101203674986,0.5201662098512503
handshake_clip_1,40,1,15.585735995527171,-0.020970783315618708,0.5201662098512503
handshake_clip_1,41,1,-136.16375549706595,-0.030843959208340238,0.5201662098512503
handshake_clip_1,42,1,159.26947323679576,-0.03638612734636119,0.08353176871322628
handshake_clip_1,43,1,176.65251383096097,-0.02208174296737295,0.08353176871322628
handshake_clip_1,44,1,-161.6343558120031,-0.014548931295834617,0.08353176871322628
handshake_clip_1,45,1,97.2526773674176,-0.14003462685255377,0.5359105957017127
handshake_clip_1,46,1,88.32659623358755,-0.1387457526907667,0.5359105957017127
handshake_clip_1,47,1,158.93933713944406,-0.03815459458175493,0.5359105957017127
handshake_clip_1,48,1,112.98018575225286,-0.035656927868558334,0.5359105957017127
handshake_clip_1,49,1,39.15698720399504,-0.024201726064404683,0.5359105957017127
handshake_clip_1,50,1,-162.1078051047712,-0.01754581934534366,0.5176276044924086
handshake_clip_1,51,1,177.07751802495522,-0.020191611850066224,0.5176276044924086
handshake_clip_1,52,1,89.75972962805155,-0.14675705357622343,0.5176276044924086
handshake_clip_1,53,1,-178.52639322696484,-0.02278908129565589,0.5176276044924086
handshake_clip_1,54,1,131.21519746378908,-0.031829408931780934,0.5176276044924086
handshake_clip_1,55,1,178.39410275992952,-0.03130954844314711,0.5105513035913343
handshake_clip_1,56,1,-178.34544451143702,-0.02061857923726504,0.5105513035913343
handshake_clip_1,57,1,96.11272877056936,-0.2015227834879311,0.5105513035913343
handshake_clip_1,58,1,80.92697469017315,-0.14849804779929338,0.5105513035913343
handshake_clip_1,59,1,78.00243872087913,-0.03831925169120601,0.4666377243368385
handshake_clip_1,60,1,25.674958476923482,-0.03146043620711222,0.4666377243368385
handshake_clip_1,61,1,82.90984216132256,-0.17302547830793458,0.4666377243368385
handshake_clip_1,62,1,95.37319265559904,-0.18047778283191818,0.4666377243368385
handshake_clip_1,63,1,-160.17326406437877,-0.017737432719854906,0.4666377243368385
handshake_clip_1,64,1,-107.10022591985465,-0.023459579218325585,0.4456897836186928
handshake_clip_1,65,1,90.21769801219715,-0.13473373684374215,0.4456897836186928
handshake_clip_1,66,1,84.15311709068554,-0.1426003183616728,0.43240609266067376
handshake_clip_1,67,1,96.29685914012167,-0.14745210427656014,0.43240609266067376
handshake_clip_1,68,1,93.4562481344677,-0.23841928605560977,0.43240609266067376
handshake_clip_1,69,1,-163.86220239846392,-0.018918419861989794,0.43240609266067376
handshake_clip_1,70,1,90.1959420546192,-0.026584892604887483,0.4045138210337553
handshake_clip_1,71,1,-177.53195226524457,-0.02263501718788058,0.4045138210337553
handshake_clip_1,72,1,169.59118624954306,-0.025264143005770696,0.4045138210337553
handshake_clip_1,73,1,172.13645810885342,-0.01628803269724693,0.4045138210337553
handshake_clip_1,74,1,173.88584535390106,-0.02022843147075542,0.08069787561094904
handshake_clip_1,75,1,-177.8936027977238,-0.024168830244263903,0.08069787561094904
handshake_clip_1,76,1,-164.93623250157222,-0.017530197348776214,0.10667661100128874
handshake_clip_1,77,1,101.29077551953972,-0.0738525874456428,0.2746005280168795
handshake_clip_1,78,1,94.49775793936868,-0.13017497754250937,0.27460052801687956
handshake_clip_1,79,1,95.67527572707982,-0.10818133624781365,0.27460052801687956
handshake_clip_1,80,1,97.14821784123735,-0.08618769495311794,0.27460052801687956
handshake_clip_1,81,1,97.68459688819264,-0.08652205857923195,0.27460052801687956
handshake_clip_1,82,1,98.2226892330466,-0.08685642220534597,0.27460052801687956
handshake_clip_1,83,1,98.76240773878362,-0.08719078583145998,0.022149828770314833
handshake_clip_1,84,1,98.76965739196179,-0.07916579432959733,0.1376615341437358
handshake_clip_1,85,1,98.78840285704621,-0.07114080282773472,0.1376615341437358
handshake_clip_1,86,1,98.95064350846062,-0.06311581132587207,0.1376615341437358
handshake_clip_1,87,1,106.76915290495097,-0.0846805519548752,0.18008093619913887
handshake_clip_1,88,1,107.4573245732868,-0.10624529258387833,0.18008093619913887
handshake_clip_1,89,1,175.10281506611528,-0.019913600339250964,0.4629399560869894
handshake_clip_8,0,1,9.732985727635295,-0.010468070837262599,0.0
handshake_clip_8,1,1,-110.87024249803073,0.005693673371592145,0.3659071485853042
handshake_clip_8,2,1,177.91914241501425,-0.02658135581236813,0.3659071485853042
handshake_clip_8,3,1,-156.4016628397809,-0.029365669349658653,0.3659071485853042
handshake_clip_8,4,1,18.194204282530205,-0.01728386517223865,0.3659071485853042
handshake_clip_8,5,1,-23.657438832994714,-0.010802216336671189,0.3659071485853042
handshake_clip_8,6,1,-170.49965771130562,-0.011805441888313286,0.3490565105104401
handshake_clip_8,7,1,-170.46916336743166,-0.014376149031580295,0.3463507970012996
handshake_clip_8,8,1,9.420426018043452,-0.016946856174847303,0.3463507970012996
handshake_clip_8,9,1,-168.05489336569633,-0.008372568190779358,0.3463507970012996
handshake_clip_8,10,1,-164.97290019732253,-0.006664898046228223,0.3177424086035664
handshake_clip_8,11,1,-140.65192809917454,-0.004957227901677088,0.3177424086035664
handshake_clip_8,12,1,-143.1333295581355,-0.012718489398931537,0.3177424086035664
handshake_clip_8,13,1,-153.79110104529155,-0.020479750896185988,0.3177424086035664
handshake_clip_8,14,1,-11.139216877493416,-0.034457660233442704,0.48263159987336746
handshake_clip_8,15,1,-11.264846055194651,-0.022968484787764178,0.48263159987336746
handshake_clip_8,16,1,-12.58057744444636,-0.011479309342085655,0.48263159987336746
handshake_clip_8,17,1,156.86131654247882,-0.009893025527688297,0.48263159987336746
handshake_clip_8,18,1,-171.8736029927646,-0.01694607112193574,0.48263159987336746
handshake_clip_8,19,1,-179.49929062362065,-0.02030240569908409,0.22789329033688294
handshake_clip_8,20,1,154.01668472255662,-0.023658740276232434,0.22789329033688288
handshake_clip_8,21,1,70.60256573684714,-0.027015074853380783,0.09911076039904643
handshake_clip_8,22,1,22.89796007978274,-0.010030091534431972,0.3013146466786527
handshake_clip_8,23,1,18.493013438418807,-0.011531045942788833,0.3013146466786527
handshake_clip_8,24,1,38.96202708547645,-0.027531851017045007,0.3084145155307206
handshake_clip_8,25,1,34.72090439605375,-0.017687321293799095,0.3084145155307206
handshake_clip_8,26,1,-41.53451550386706,-0.007842791570553186,0.3084145155307206
handshake_clip_8,27,1,11.61656680269939,-0.012641327044192921,0.3084145155307206
handshake_clip_8,28,1,9.728847943233431,-0.012957104801419171,0.3084145155307206
handshake_clip_8,29,1,9.069270803075646,-0.013272882558645421,0.1600040988620441
handshake_clip_8,30,1,-6.117629358890473,-0.010072806206437648,0.32043390481665895
handshake_clip_8,31,1,1.992333999133338,-0.010929692599852046,0.32043390481665895
handshake_clip_8,32,1,15.370528513749717,-0.00986829564680383,0.32043390481665895
handshake_clip_8,33,1,60.87778805910492,-0.009861875172990777,0.32043390481665895
handshake_clip_8,34,1,165.10735619668668,-0.009855454699177726,0.32043390481665895
handshake_clip_8,35,1,71.07350427351165,-0.012481595183288592,0.00909242869478254
handshake_clip_8,36,1,30.370112432887343,-0.009690277962007998,0.00909242869478254
handshake_clip_8,37,1,16.096576803187492,-0.006898960740727403,0.002855740488887626
handshake_clip_8,38,1,-10.170170962072618,-0.009476418929978015,0.002855740488887626
handshake_clip_8,39,1,-28.101998169319824,-0.012053877119228626,0.002855740488887626
handshake_clip_8,40,1,177.62519989753784,0.0009369457526755389,0.29893284634478556
handshake_clip_8,41,1,165.5946581133708,-0.013028798829215482,0.29893284634478556
handshake_clip_8,42,1,130.63883464843883,-0.026994543411106506,0.29893284634478556
handshake_clip_8,43,1,45.78580781054371,-0.013344054979938834,0.31041883864075365
handshake_clip_8,44,1,54.48598003434644,-0.01355591348509928,0.31041883864075365
handshake_clip_8,45,1,84.48345376168227,-0.013306503903791525,0.31041883864075365
handshake_clip_8,46,1,68.80389727617131,-0.009567823491991515,0.31041883864075365
handshake_clip_8,47,1,114.67907120445668,-0.0367706219301737,0.31041883864075365
handshake_clip_8,48,1,179.08164565141425,-0.01917748916612537,0.30084161252100666
handshake_clip_8,49,1,-165.2961992567607,-0.002858796479809839,0.30084161252100666
handshake_clip_8,50,1,-22.50840551668503,-0.00850250444811701,0.30377522420112313
handshake_clip_8,51,1,31.797347171694618,-0.013161790212080842,0.30377522420112313
handshake_clip_8,52,1,6.838747546013806,-0.012198853610271858,0.30377522420112313
handshake_clip_8,53,1,24.271135935811234,-0.01028474559079483,0.30377522420112313
handshake_clip_8,54,1,128.0341538316099,-0.01596181911345693,0.30377522420112313
handshake_clip_8,55,1,141.71877283784414,-0.02163889263611903,0.1809437183778377
handshake_clip_8,56,1,133.41071796994711,-0.01648829234008525,0.18280643693147558
handshake_clip_8,57,1,20.870810376947876,-0.011337692044051469,0.18280643693147558
handshake_clip_8,58,1,-38.486816327307565,-0.008383390682958205,0.18280643693147558
handshake_clip_8,59,1,85.51553707779203,-0.0381783619167208,0.30591879722663984
handshake_clip_8,60,1,106.62682895396803,-0.04020204355610698,0.30591879722663984
handshake_clip_8,61,1,40.04459444568856,-0.012040800809422965,0.30786117762318205
handshake_clip_8,62,1,65.5895376859395,-0.008329672556122533,0.30786117762318205
handshake_clip_8,63,1,-157.07147103060473,-0.0205078831984195,0.4316004168785268
handshake_clip_8,64,1,103.19955594941203,-0.026807755729521352,0.4316004168785268
handshake_clip_8,65,1,90.4134230897118,-0.08255196753486513,0.4316004168785268
handshake_clip_8,66,1,-13.49563975819528,-0.009954905727738599,0.4316004168785268
handshake_clip_8,67,1,57.62987257408609,-0.012022096163818136,0.4316004168785268
handshake_clip_8,68,1,-3.888924556918858,-0.009329737666305949,0.3947178607744552
handshake_clip_8,69,1,-64.82929640812566,-0.02261323475797636,0.40394944604020133
handshake_clip_8,70,1,-64.62401481522225,-0.016466634366761164,0.40394944604020133
handshake_clip_8,71,1,114.80582065712457,-0.010320033975545963,0.40394944604020133
handshake_clip_8,72,1,127.06669019557462,-0.010321298150330394,0.40394944604020133
handshake_clip_8,73,1,137.65007907883088,-0.010322562325114823,0.40394944604020133
handshake_clip_8,74,1,146.31614501986493,-0.010323826499899253,0.2058306785092087
handshake_clip_8,75,1,126.89162273031833,-0.01216485739662449,0.2058306785092087
handshake_clip_8,76,1,103.87847658184498,-0.014005888293349728,0.0006197543246513902
handshake_clip_8,77,1,83.47396838038088,-0.015846919190074964,0.0006197543246513902
handshake_clip_8,78,1,64.49808780076853,-0.013066267810081826,0.005168943528377238
handshake_clip_8,79,1,21.859636618859202,-0.011544336959492002,0.008730650415116612
handshake_clip_8,80,1,8.80567571319882,-0.010022406108902178,0.008730650415116612
handshake_clip_8,81,1,12.729577771850542,-0.011166618688903883,0.008730650415116612
handshake_clip_8,82,1,59.34131484269836,-0.010092390221402051,0.008730650415116612
handshake_clip_8,83,1,-14.75306284455748,-0.012105058701109736,0.008730650415116612
handshake_clip_8,84,1,-10.454864020013364,-0.010878939652300785,0.008730650415116612
handshake_clip_8,85,1,-1.392928198430312,-0.012895981463007175,0.008092139878900945
handshake_clip_8,86,1,9.196089442038282,-0.014913023273713567,0.008092139878900945
handshake_clip_8,87,1,20.85668401166362,-0.016930065084419955,0.008092139878900945
handshake_clip_8,88,1,32.722766545483566,-0.018947106895126346,0.008092139878900945
handshake_clip_8,89,1,3.6436417912056385,-0.007566927695108835,0.0176989319244251
handshake_clip_37,0,1,86.17300501646963,-0.18864466221413068,0.0
handshake_clip_37,1,1,85.34066610166207,-0.189191352588008,0.40519266766175566
handshake_clip_37,2,1,84.52411078861006,-0.18973804296188534,0.40519266766175566
handshake_clip_37,3,1,83.72321667786757,-0.19028473333576268,0.40519266766175566
handshake_clip_37,4,1,82.93784153895592,-0.19083142370964,0.40519266766175566
handshake_clip_37,5,1,82.16782527119469,-0.19137811408351735,0.004133753710951906
handshake_clip_37,6,1,81.41299177970842,-0.19192480445739468,0.004133753710951906
handshake_clip_37,7,1,80.67315076094974,-0.19247149483127202,0.004133753710951906
handshake_clip_37,8,1,79.94809939380632,-0.19301818520514935,0.004133753710951906
handshake_clip_37,9,1,79.2376239338908,-0.19356487557902666,0.004133753710951906
handshake_clip_37,10,1,78.54150120995273,-0.194111565952904,0.004133753710951906
handshake_clip_37,11,1,77.85950002250588,-0.19465825632678133,0.004133753710951906
handshake_clip_37,12,1,77.19138244574731,-0.19520494670065866,0.004133753710951906
handshake_clip_37,13,1,76.53690503466333,-0.195751637074536,0.004133753710951906
handshake_clip_37,14,1,75.89581993989063,-0.19629832744841333,0.004133753710951906
handshake_clip_37,15,1,75.26787593343728,-0.19684501782229066,0.004133753710951906
handshake_clip_37,16,1,74.65281934878657,-0.197391708196168,0.004133753710951906
handshake_clip_37,17,1,83.79731520331245,-0.2139756927310969,0.037677693593624564
handshake_clip_37,18,1,82.60047667985397,-0.19969606560614983,0.037677693593624564
handshake_clip_37,19,1,81.38733151376383,-0.18541643848120273,0.037677693593624564
handshake_clip_37,20,1,80.15865347198904,-0.17113681135625566,0.037677693593624564
handshake_clip_37,21,1,78.9152933248908,-0.1568571842313086,0.037677693593624564
handshake_clip_37,22,1,77.65817752531387,-0.1425775571063615,0.006155645075083459
handshake_clip_37,23,1,76.38830602869648,-0.12829792998141443,0.006155645075083459
handshake_clip_37,24,1,78.2551769878299,-0.1851464343943121,0.01759150379947186
handshake_clip_37,25,1,79.99872467334288,-0.24199493880720982,0.01759150379947186
handshake_clip_37,26,1,81.62785072369702,-0.2988434432201075,0.01759150379947186
handshake_clip_37,27,1,86.01928489490416,-0.09106707719536185,0.01759150379947186
handshake_clip_37,28,1,84.50329062858248,-0.1209781239022523,0.044516818378774275
handshake_clip_37,29,1,82.95399163525313,-0.15088917060914275,0.044516818378774275
handshake_clip_37,30,1,81.37261697269547,-0.18080021731603318,0.044516818378774275
handshake_clip_37,31,1,78.89908532360681,-0.3006838274224605,0.12760254126821607
handshake_clip_37,32,1,79.81150994294644,-0.2942920064929618,0.12760254126821607
handshake_clip_37,33,1,80.70804340294957,-0.28790018556346314,0.12760254126821607
handshake_clip_37,34,1,81.58866969513778,-0.2815083646339644,0.12760254126821607
handshake_clip_37,35,1,79.35442903333364,-0.2776106222215162,0.12760254126821607
handshake_clip_37,36,1,79.37683428676874,-0.2799726094542976,0.00909168158989004
handshake_clip_37,37,1,79.39919403163839,-0.28233459668707894,0.00909168158989004
handshake_clip_37,38,1,79.4215083996645,-0.2846965839198603,0.009091681589889886
handshake_clip_37,39,1,79.44377752208997,-0.28705857115264166,0.002798831750817085
handshake_clip_37,40,1,79.46600152968071,-0.289420558385423,0.002798831750817085
handshake_clip_37,41,1,79.4881805527276,-0.2917825456182044,0.002798831750817085
handshake_clip_37,42,1,79.51031472104856,-0.29414453285098574,0.002798831750817085
handshake_clip_37,43,1,79.53240416399048,-0.2965065200837671,0.002798831750817085
handshake_clip_37,44,1,81.23374105212349,-0.17453989789737534,0.04312669487992445
handshake_clip_37,45,1,75.40655539960386,-0.1727654586015603,0.04312669487992445
handshake_clip_37,46,1,79.1732750915452,-0.2814212610247182,0.04685809211297937
handshake_clip_37,47,1,77.57731461417706,-0.2634785203208345,0.04685809211297937
handshake_clip_37,48,1,75.91417886854545,-0.2455357796169508,0.04685809211297937
handshake_clip_37,49,1,74.18251881971106,-0.2275930389130671,0.04685809211297937
handshake_clip_37,50,1,72.38137275464166,-0.2096502982091834,0.04685809211297937
handshake_clip_37,51,1,78.10794701809566,-0.2713542744865549,0.06620055551278367
handshake_clip_37,52,1,77.97842567143421,-0.2791600195210435,0.06620055551278367
handshake_clip_37,53,1,72.69035262594309,-0.20151678127994896,0.06876583746312297
handshake_clip_37,54,1,73.61682893195884,-0.216822323999704,0.06876583746312297
handshake_clip_37,55,1,74.53611940148288,-0.232127866719459,0.06876583746312297
handshake_clip_37,56,1,75.4478397013738,-0.24743340943921405,0.06876583746312297
handshake_clip_37,57,1,76.35162712369029,-0.2627389521589691,0.06876583746312297
handshake_clip_37,58,1,78.48996806760061,-0.28269726482074015,0.10605356807632613
handshake_clip_37,59,1,77.73584438791698,-0.28569118399872195,0.10605356807632613
handshake_clip_37,60,1,76.96294684838205,-0.28868510317670365,0.10605356807632613
handshake_clip_37,61,1,76.17085754525519,-0.29167902235468546,0.10605356807632613
handshake_clip_37,62,1,77.81419763861633,-0.2768615992466152,0.10605356807632613
handshake_clip_37,63,1,77.26430384684116,-0.2731720868624355,0.0890783674303025
handshake_clip_37,64,1,76.71751664888224,-0.26948257447825574,0.0890783674303025
handshake_clip_37,65,1,76.17390853227703,-0.26579306209407605,0.0890783674303025
handshake_clip_37,66,1,80.31944163647923,-0.2665937363717603,0.0890783674303025
handshake_clip_37,67,1,83.30534511227815,-0.28869963975625973,0.04612684360283024
handshake_clip_37,68,1,76.93453635992755,-0.2990556908586086,0.05843577869393104
handshake_clip_37,69,1,77.8349754635517,-0.25076266361430655,0.05843577869393104
handshake_clip_37,70,1,79.02988162659265,-0.20246963637000448,0.05843577869393104
handshake_clip_37,71,1,80.69012911424338,-0.1541766091257024,0.05843577869393104
handshake_clip_37,72,1,83.1478092638393,-0.10588358188140033,0.05843577869393104
handshake_clip_37,73,1,83.58530649672909,-0.10625363324260559,0.028230038428126585
handshake_clip_37,74,1,84.01633073626674,-0.10662368460381083,0.028230038428126585
handshake_clip_37,75,1,84.4409768685064,-0.10699373596501609,0.028230038428126585
handshake_clip_37,76,1,84.85933979552837,-0.10736378732622134,0.028230038428126585
handshake_clip_37,77,1,85.90935840179866,-0.10589171002681033,0.008204730556776943
handshake_clip_37,78,1,86.90476707936138,-0.10441963272739932,0.008204730556777005
handshake_clip_37,79,1,87.84916170506733,-0.10294755542798831,0.008204730556777005
handshake_clip_37,80,1,86.7421600838232,-0.16535939872505878,0.11727097884074868
handshake_clip_37,81,1,79.2252667436429,-0.17937930929414844,0.11727097884074868
handshake_clip_37,82,1,72.42079294308387,-0.1933992198632381,0.11727097884074868
handshake_clip_37,83,1,85.86398334683263,-0.15683124435005877,0.126528830618302
handshake_clip_37,84,1,75.76999277481322,-0.1896695704531339,0.126528830618302
handshake_clip_37,85,1,86.757201835312,-0.13013437149172083,0.18521693510250456
handshake_clip_37,86,1,86.61447137077897,-0.13157119678962198,0.18521693510250456
handshake_clip_37,87,1,86.48322239691416,-0.1330080220875231,0.18521693510250456
handshake_clip_37,88,1,86.36212431951485,-0.13444484738542425,0.18521693510250456
handshake_clip_37,89,1,72.96521936727873,-0.17142960149504916,0.18521693510250456
handshake_clip_30,0,1,67.55984055818631,-0.07051015238104691,0.0
handshake_clip_30,1,1,68.51310443346921,-0.0743068688416909,0.9778386956188367
handshake_clip_30,2,1,69.41632790559439,-0.07810358530233485,0.9778386956188367
handshake_clip_30,3,1,70.27293495800365,-0.08190030176297884,0.9778386956188367
handshake_clip_30,4,1,71.0860888376634,-0.08569701822362281,0.9778386956188367
handshake_clip_30,5,1,71.85871018974498,-0.08949373468426679,0.013362618462819584
handshake_clip_30,6,1,72.59349483811671,-0.09329045114491076,0.013362618462819584
handshake_clip_30,7,1,73.29293090804536,-0.09708716760555473,0.013362618462819597
handshake_clip_30,8,1,73.95931509851071,-0.1008838840661987,0.013362618462819597
handshake_clip_30,9,1,74.59476799284506,-0.1046806005268427,0.013362618462819597
handshake_clip_30,10,1,75.20124835503395,-0.10847731698748665,0.013362618462819597
handshake_clip_30,11,1,75.780566400484,-0.11227403344813064,0.013362618462819597
handshake_clip_30,12,1,76.33439605867576,-0.11607074990877461,0.013362618462819597
handshake_clip_30,13,1,76.8642862641934,-0.11986746636941858,0.013362618462819597
handshake_clip_30,14,1,77.37167132468367,-0.12366418283006256,0.013362618462819597
handshake_clip_30,15,1,77.85788042127403,-0.12746089929070653,0.013362618462819597
handshake_clip_30,16,1,78.3241463003117,-0.1312576157513505,0.013362618462819624
handshake_clip_30,17,1,78.77161321606147,-0.1350543322119945,0.013362618462819624
handshake_clip_30,18,1,79.20134418301619,-0.13885104867263848,0.013362618462819624
handshake_clip_30,19,1,79.6143275943281,-0.14264776513328245,0.013362618462819624
handshake_clip_30,20,1,80.0114832599893,-0.1464444815939264,0.013362618462819642
handshake_clip_30,21,1,80.39366791508746,-0.1502411980545704,0.013362618462819642
handshake_clip_30,22,1,80.76168024496357,-0.15403791451521437,0.013362618462819642
handshake_clip_30,23,1,83.20241284454966,-0.14295014517273325,0.03610418718926847
handshake_clip_30,24,1,82.95457602154792,-0.13187783042211082,0.03610418718926847
handshake_clip_30,25,1,82.71163156647137,-0.1208055156714884,0.03610418718926847
handshake_clip_30,26,1,82.4734445128806,-0.10973320092086597,0.03610418718926847
handshake_clip_30,27,1,82.23988447071282,-0.09866088617024354,0.03610418718926847
handshake_clip_30,28,1,83.03979298125387,-0.09770138938822483,0.022875153620019822
handshake_clip_30,29,1,83.83966961431948,-0.09674189260620612,0.022875153620019822
handshake_clip_30,30,1,84.63920272795998,-0.0957823958241874,0.022875153620019822
handshake_clip_30,31,1,82.54122272247051,-0.1242497253751082,0.04208589566245955
handshake_clip_30,32,1,80.35702476312669,-0.152717054926029,0.04208589566245955
handshake_clip_30,33,1,80.56105194366765,-0.15291655682169955,0.04208589566245955
handshake_clip_30,34,1,80.76555564269786,-0.15311605871737013,0.04208589566245955
handshake_clip_30,35,1,80.97053230280126,-0.15331556061304066,0.04208589566245955
handshake_clip_30,36,1,81.17597830166393,-0.15351506250871125,0.04208589566245955
handshake_clip_30,37,1,81.38188995209119,-0.1537145644043818,0.002734620348166327
handshake_clip_30,38,1,81.37305813406968,-0.15309288597763526,0.019973450446271652
handshake_clip_30,39,1,81.3639865381743,-0.1524712075508887,0.019973450446271707
handshake_clip_30,40,1,73.91861609885773,-0.0870140363493305,0.0730797226016482
handshake_clip_30,41,1,73.62860265406925,-0.09053710332736616,0.0730797226016482
handshake_clip_30,42,1,73.33918473763313,-0.0940601703054018,0.0730797226016482
handshake_clip_30,43,1,73.05037524030129,-0.09758323728343747,0.0730797226016482
handshake_clip_30,44,1,72.76218687502389,-0.10110630426147313,0.0730797226016482
handshake_clip_30,45,1,72.47463217442527,-0.10462937123950877,0.013048266245443066
handshake_clip_30,46,1,72.18772348840214,-0.10815243821754443,0.013048266245443066
handshake_clip_30,47,1,71.9014729818441,-0.1116755051955801,0.013048266245443066
handshake_clip_30,48,1,71.61589263247672,-0.11519857217361575,0.013048266245443066
handshake_clip_30,49,1,71.33099422882741,-0.1187216391516514,0.013048266245443066
handshake_clip_30,50,1,70.57291770238629,-0.12395102148327618,0.013048266245443066
handshake_clip_30,51,1,69.79816196767224,-0.12918040381490095,0.013048266245443066
handshake_clip_30,52,1,69.00646324394191,-0.13440978614652574,0.013048266245443066
handshake_clip_30,53,1,68.1975719731476,-0.13963916847815053,0.013048266245443021
handshake_clip_30,54,1,67.37125506012222,-0.1448685508097753,0.006123000233804011
handshake_clip_30,55,1,67.86892283188003,-0.14343040742059043,0.006433876063668865
handshake_clip_30,56,1,68.39892111059227,-0.14199226403140555,0.0064338760636688695
handshake_clip_30,57,1,68.96440591986703,-0.14055412064222073,0.0064338760636688695
handshake_clip_30,58,1,69.56894264308845,-0.13911597725303587,0.0064338760636688695
handshake_clip_30,59,1,70.21657160120648,-0.137677833863851,0.0064338760636688695
handshake_clip_30,60,1,70.91188590223723,-0.13623969047466614,0.0064338760636688695
handshake_clip_30,61,1,71.66012409676661,-0.1348015470854813,0.0064338760636688695
handshake_clip_30,62,1,72.46728070283727,-0.13336340369629646,0.0064338760636688695
handshake_clip_30,63,1,73.34023827923544,-0.13192526030711157,0.0064338760636688695
handshake_clip_30,64,1,74.28692541888957,-0.13048711691792672,0.0064338760636688695
handshake_clip_30,65,1,75.31650576928146,-0.1290489735287419,0.0064338760636688695
handshake_clip_30,66,1,76.43960388219962,-0.127610830139557,0.0064338760636688695
handshake_clip_30,67,1,77.6685741811718,-0.12617268675037216,0.0064338760636688695
handshake_clip_30,68,1,79.01781928578974,-0.1247345433611873,0.006433876063668865
handshake_clip_30,69,1,80.50416274959971,-0.12329639997200245,0.0064338760636688695
handshake_clip_30,70,1,82.14727788811297,-0.1218582565828176,0.0064338760636688695
handshake_clip_30,71,1,83.97016695571075,-0.12042011319363274,0.0064338760636688695
handshake_clip_30,72,1,85.99967038809186,-0.11898196980444789,0.0064338760636688695
handshake_clip_30,73,1,88.26695918047102,-0.11754382641526302,0.0064338760636688695
handshake_clip_30,74,1,90.80791713957876,-0.11610568302607818,0.0064338760636688695
handshake_clip_30,75,1,93.66324328074917,-0.11466753963689331,0.0064338760636688695
handshake_clip_30,76,1,96.87798636410922,-0.11322939624770847,0.0064338760636688695
handshake_clip_30,77,1,100.50005756296248,-0.11179125285852361,0.0064338760636688695
handshake_clip_30,78,1,108.85319276979348,-0.07391672799920455,0.05557763254190397
handshake_clip_30,79,1,88.29667553414575,-0.058198678736157874,0.1328961095647599
handshake_clip_30,80,1,73.65558455630189,-0.042480629473111195,0.1328961095647599
handshake_clip_30,81,1,58.853388215603175,-0.14610843725714057,0.2455881382329211
handshake_clip_30,82,1,93.57710693803453,-0.06742339927994571,0.2455881382329211
handshake_clip_30,83,1,77.33841407391607,-0.077336012422402,0.2455881382329211
handshake_clip_30,84,1,64.44210089762407,-0.08724862556485828,0.2455881382329211
handshake_clip_30,85,1,64.44210089762407,-0.08724862556485828,0.2455881382329211
handshake_clip_30,86,1,64.44210089762407,-0.08724862556485828,0.12281771146886455
handshake_clip_30,87,1,64.44210089762407,-0.08724862556485828,0.011854119245075683
handshake_clip_30,88,1,64.44210089762407,-0.08724862556485828,0.011854119245075683
handshake_clip_30,89,1,64.44210089762407,-0.08724862556485828,0.0
handshake_clip_39,0,1,-159.2378674198391,-0.00445185999208769,0.0
handshake_clip_39,1,1,-159.2378674198391,-0.00445185999208769,0.33410740934252403
handshake_clip_39,2,1,-159.2378674198391,-0.00445185999208769,0.33410740934252403
handshake_clip_39,3,1,166.04228125163638,-0.00287455565287685,0.33410740934252403
handshake_clip_39,4,1,-177.48302105603767,-0.0037029765243161597,0.33410740934252403
handshake_clip_39,5,1,-142.7112681986587,-0.00453139739575547,0.004176642408383116
handshake_clip_39,6,1,-100.70149309276401,-0.00535981826719478,0.004176642408383116
handshake_clip_39,7,1,-134.19959392086733,-0.005007083190989175,0.004176642408383116
handshake_clip_39,8,1,-157.42794468556826,-0.004654348114783571,0.0010836224467495814
handshake_clip_39,9,1,-170.3311590756132,-0.004301613038577966,0.0010836224467495814
handshake_clip_39,10,1,-107.97302339614562,-0.0016709563996356726,0.0030773221436501174
handshake_clip_39,11,1,145.27876399041168,-0.015349298980138915,0.155930387497682
handshake_clip_39,12,1,145.55938910550054,-0.008517871719432931,0.155930387497682
handshake_clip_39,13,1,166.44686384434843,-0.0016864444587269478,0.155930387497682
handshake_clip_39,14,1,-99.05399665046703,-0.004110735909769306,0.155930387497682
handshake_clip_39,15,1,174.06923426111462,-0.0031034080383988633,0.155930387497682
handshake_clip_39,16,1,106.36325966074607,-0.07571432239670628,0.12426020224226766
handshake_clip_39,17,1,108.20669549276786,-0.03856006862654481,0.12426020224226766
handshake_clip_39,18,1,-168.0451069867339,-0.0014058148563833505,0.12426020224226766
handshake_clip_39,19,1,-161.28755948921395,-0.005669997927706827,0.12426020224226766
handshake_clip_39,20,1,161.07151097421828,-0.006189115089707479,0.12426020224226766
handshake_clip_39,21,1,-167.99044804879858,-0.005052932698973137,0.06000452984119064
handshake_clip_39,22,1,179.08862385482215,-0.004933577101862521,0.060004529841190625
handshake_clip_39,23,1,-63.86347565974864,-0.004791110506346236,0.03635141563449466
handshake_clip_39,24,1,175.8963945189673,-0.0019467818969260181,0.03635141563449466
handshake_clip_39,25,1,108.26293949053338,-0.0068397240808194745,0.014022570969716413
handshake_clip_39,26,1,29.032847953332112,-0.0063061185921408375,0.014022570969716413
handshake_clip_39,27,1,-10.022244140310937,-0.0057725131034622,0.014022570969716413
handshake_clip_39,28,1,-83.21920198993327,-0.004805778813578173,0.014022570969716413
handshake_clip_39,29,1,-174.69122651357966,-0.0038390445236941456,0.014022570969716413
handshake_clip_39,30,1,122.56847684111416,-0.0030144827418325517,0.014687319623847917
handshake_clip_39,31,1,145.87598594123324,-0.005133376405883121,0.014687319623847917
handshake_clip_39,32,1,-102.53463111995455,-0.00725227006993369,0.014687319623847917
handshake_clip_39,33,1,-155.1070254002338,-0.0022340355510479123,0.014687319623847917
handshake_clip_39,34,1,153.97434058069413,-0.0027558514984135835,0.014687319623847917
handshake_clip_39,35,1,134.73168137300416,-0.003277667445779255,0.007169637516436441
handshake_clip_39,36,1,140.5349560198541,-0.007444996399369598,0.010127405376477003
handshake_clip_39,37,1,-149.196392724275,-0.008070115133062144,0.010127405376477003
handshake_clip_39,38,1,-108.62048564684216,-0.004168612995819372,0.010127405376477003
handshake_clip_39,39,1,-74.2123155290861,0.00046259510692432307,0.01058270017735592
handshake_clip_39,40,1,-171.24923648103942,-0.0008153286185148184,0.01058270017735592
handshake_clip_39,41,1,-52.491653163473934,-0.0007474456477182668,0.016517855566702433
handshake_clip_39,42,1,65.68438515868809,-0.006889808616122579,0.016517855566702433
handshake_clip_39,43,1,134.89725506781204,-0.027744927684306434,0.05101184864268679
handshake_clip_39,44,1,135.36807120254713,-0.04860004675249029,0.05101184864268679
handshake_clip_39,45,1,138.81387399198672,-0.02262131942100255,0.05101184864268679
handshake_clip_39,46,1,-125.02573343469336,0.0033574079104851944,0.05101184864268679
handshake_clip_39,47,1,139.99434577699367,-0.008609166987743866,0.05101184864268679
handshake_clip_39,48,1,149.49589754633323,-0.0021633845443975184,0.05101184864268679
handshake_clip_39,49,1,-148.5995554579064,-0.0013124656392520028,0.050540042419239005
handshake_clip_39,50,1,144.77267935522477,-0.053441155637308654,0.050540042419239005
handshake_clip_39,51,1,145.8189577098493,-0.03188815522439901,0.01772290936337493
handshake_clip_39,52,1,169.9077919216875,-0.010335154811489364,0.01772290936337493
handshake_clip_39,53,1,119.22604185723988,-0.07157219811140432,0.089458267218605
handshake_clip_39,54,1,145.49547129594725,-0.0048925444081574804,0.089458267218605
handshake_clip_39,55,1,98.6364340096204,-0.008916230415824254,0.089458267218605
handshake_clip_39,56,1,-15.850192379366938,-0.004066088569082633,0.089458267218605
handshake_clip_39,57,1,-126.18672748085991,-0.003435028371159845,0.089458267218605
handshake_clip_39,58,1,-143.2732946508638,-0.0028039681732370566,0.06588423020102877
handshake_clip_39,59,1,-147.73331154789807,-0.002172907975314268,0.013444367438697435
handshake_clip_39,60,1,146.96194699440358,-0.00648440502818018,0.004702827495644603
handshake_clip_39,61,1,-177.50168428705337,-0.013483831917270045,0.04767933425059362
handshake_clip_39,62,1,174.7505970809757,-0.009345928278475982,0.04767933425059362
handshake_clip_39,63,1,160.28670457385928,-0.005208024639681921,0.04767933425059362
handshake_clip_39,64,1,165.5525072840665,-0.0032449685929946764,0.04767933425059362
handshake_clip_39,65,1,170.60263026696856,-9.117602125741087e-05,0.04767933425059362
handshake_clip_39,66,1,176.57561376741734,-0.001011611361609719,0.03874451206155077
handshake_clip_39,67,1,-169.42773289741194,-0.0019320467019620273,0.03874451206155077
handshake_clip_39,68,1,-125.19869854050211,-0.0028524820423143356,0.03874451206155077
handshake_clip_39,69,1,157.12530250878754,-0.004600495304639855,0.03902317816426775
handshake_clip_39,70,1,-108.48332062455779,-0.006544356630349927,0.03902317816426775
handshake_clip_39,71,1,102.95579561284183,-0.07674172336817263,0.146201516135494
handshake_clip_39,72,1,89.6840736129175,-0.03626453925687655,0.1560970769326322
handshake_clip_39,73,1,82.00132542773365,-0.03128059886653649,0.1560970769326322
handshake_clip_39,74,1,96.76963922800252,-0.07697809071828486,0.1560970769326322
handshake_clip_39,75,1,-166.96725176399045,-0.0028441825389648057,0.1560970769326322
handshake_clip_39,76,1,87.68986605771913,-0.05639202010522119,0.30272358590933146
handshake_clip_39,77,1,88.27685661329598,-0.05078666468516715,0.30272358590933146
handshake_clip_39,78,1,88.86559043927454,-0.04518130926511311,0.30272358590933146
handshake_clip_39,79,1,89.4559504635667,-0.03957595384505907,0.30272358590933146
handshake_clip_39,80,1,89.2172683958702,-0.04399314896871331,0.30272358590933146
handshake_clip_39,81,1,88.93314953218191,-0.048410344092367545,0.00376252257269131
handshake_clip_39,82,1,88.58927364331586,-0.052827539216021784,0.00376252257269131
handshake_clip_39,83,1,88.16460754827509,-0.057244734339676015,0.00376252257269131
handshake_clip_39,84,1,87.6269589001211,-0.06166192946333025,0.00376252257269131
handshake_clip_39,85,1,86.9244682156133,-0.06607912458698449,0.00376252257269131
handshake_clip_39,86,1,78.76690437764375,-0.046075610791930864,0.10259626905677781
handshake_clip_39,87,1,77.81957064833368,-0.06052461322145667,0.10259626905677781
handshake_clip_39,88,1,77.81957064833368,-0.06052461322145667,0.10259626905677781
handshake_clip_39,89,1,77.81957064833368,-0.06052461322145667,0.10259626905677781
handshake_clip_38,0,1,92.8514902455116,-0.1302473450998888,0.0
handshake_clip_38,1,1,92.8514902455116,-0.1302473450998888,0.3411513500745977
handshake_clip_38,2,1,87.78528403605307,-0.13973689624249147,0.3411513500745977
handshake_clip_38,3,1,82.56869340585155,-0.1492264473850942,0.3411513500745977
handshake_clip_38,4,1,77.28387966118194,-0.15871599852769686,0.3411513500745977
handshake_clip_38,5,1,75.96670551608251,-0.15661158530178904,0.010566620747209921
handshake_clip_38,6,1,74.68256291402186,-0.15450717207588124,0.010566620747209921
handshake_clip_38,7,1,73.43146646506945,-0.15240275884997342,0.010566620747209921
handshake_clip_38,8,1,84.08841048256,-0.17356182312829552,0.02285083432734239
handshake_clip_38,9,1,76.44481603284476,-0.11855446672230124,0.1127791511712905
handshake_clip_38,10,1,59.411189799662715,-0.06354711031630698,0.1127791511712905
handshake_clip_38,11,1,76.29462079810975,-0.09689136061858497,0.1798353244960237
handshake_clip_38,12,1,87.03898421723812,-0.13101374306347677,0.1798353244960237
handshake_clip_38,13,1,25.507631337512475,-0.05537656119508938,0.1798353244960237
handshake_clip_38,14,1,76.5616521391033,-0.06973613381209627,0.1798353244960237
handshake_clip_38,15,1,72.15356907180241,-0.05413382593309274,0.204112027476895
handshake_clip_38,16,1,39.29329120100594,-0.09182815079952887,0.3077273215657068
handshake_clip_38,17,1,45.789222316573884,-0.06690276292165541,0.3077273215657068
handshake_clip_38,18,1,58.023994429390285,-0.041977375043781955,0.3077273215657068
handshake_clip_38,19,1,64.74331804303641,-0.07918225404652894,0.3077273215657068
handshake_clip_38,20,1,64.93176189567154,-0.07328896547559868,0.3077273215657068
handshake_clip_38,21,1,65.15616808831516,-0.0673956769046684,0.2547572905882261
handshake_clip_38,22,1,65.4279076566597,-0.06150238833373813,0.2547572905882261
handshake_clip_38,23,1,65.76370482778378,-0.05560909976280787,0.2547572905882261
handshake_clip_38,24,1,66.18920266862763,-0.0497158111918776,0.023906321806723432
handshake_clip_38,25,1,66.74581090777376,-0.04382252262094734,0.023906321806723432
handshake_clip_38,26,1,67.5049890419236,-0.037929234050017066,0.023906321806723387
handshake_clip_38,27,1,68.60142126599658,-0.0320359454790868,0.023906321806723387
handshake_clip_38,28,1,70.32224589477647,-0.02614265690815653,0.023906321806723432
handshake_clip_38,29,1,73.40426527709702,-0.02024936833722626,0.023906321806723432
handshake_clip_38,30,1,80.43291155873244,-0.014356079766295993,0.023906321806723432
handshake_clip_38,31,1,80.12882952629317,-0.015768938634107377,0.023906321806723432
handshake_clip_38,32,1,79.8459688137649,-0.017181797501918766,0.023906321806723432
handshake_clip_38,33,1,79.58219528530577,-0.018594656369730154,0.02390632180672333
handshake_clip_38,34,1,79.3356501521779,-0.020007515237541542,0.02390632180672333
handshake_clip_38,35,1,79.10470718269042,-0.021420374105352927,0.0028815223864448332
handshake_clip_38,36,1,78.88793761129618,-0.02283323297316432,0.0028815223864448332
handshake_clip_38,37,1,78.68408118567534,-0.024246091840975703,0.0028815223864448332
handshake_clip_38,38,1,78.4920221404411,-0.02565895070878709,0.0028815223864448332
handshake_clip_38,39,1,78.31076915061288,-0.027071809576598476,0.002881522386444807
handshake_clip_38,40,1,78.13943851954797,-0.028484668444409864,0.0028815223864448332
handshake_clip_38,41,1,77.9772400107422,-0.029897527312221252,0.0028815223864448332
handshake_clip_38,42,1,77.82346485254271,-0.031310386180032644,0.0028815223864448332
handshake_clip_38,43,1,77.67747553801789,-0.032723245047844025,0.0028815223864448332
handshake_clip_38,44,1,93.4209025347095,-0.17993321334668613,0.1297022019093854
handshake_clip_38,45,1,105.88232365642745,-0.08568966366703985,0.1297022019093854
handshake_clip_38,46,1,101.38129234232507,-0.10048249377832684,0.1297022019093854
handshake_clip_38,47,1,98.29598630918215,-0.11527532388961384,0.1297022019093854
handshake_clip_38,48,1,96.06114459542303,-0.13006815400090085,0.1297022019093854
handshake_clip_38,49,1,94.37244268873413,-0.1448609841121878,0.07364211286231562
handshake_clip_38,50,1,93.05359811594884,-0.15965381422347483,0.043832300843744225
handshake_clip_38,51,1,41.741600141199065,-0.03631976227912044,0.2562866725992351
handshake_clip_38,52,1,90.49694603244069,-0.038260787841966945,0.2562866725992351
handshake_clip_38,53,1,90.42763750628971,-0.2573478191662275,0.34312037568571513
handshake_clip_38,54,1,89.11389506429877,-0.2517970755422515,0.34312037568571513
handshake_clip_38,55,1,87.73246918387322,-0.24624633191827544,0.34312037568571513
handshake_clip_38,56,1,86.27972688087088,-0.24069558829429943,0.34312037568571513
handshake_clip_38,57,1,84.75201811385939,-0.2351448446703234,0.34312037568571513
handshake_clip_38,58,1,83.14573381755882,-0.22959410104634737,0.008106556382578286
handshake_clip_38,59,1,81.45737925975193,-0.22404335742237136,0.008106556382578286
handshake_clip_38,60,1,79.68366465292115,-0.21849261379839532,0.008106556382578286
handshake_clip_38,61,1,77.82161457154348,-0.21294187017441932,0.008106556382578286
handshake_clip_38,62,1,75.86869701182903,-0.20739112655044328,0.008106556382578286
handshake_clip_38,63,1,73.82297178942991,-0.20184038292646725,0.00810655638257824
handshake_clip_38,64,1,71.68325632261772,-0.19628963930249121,0.00810655638257824
handshake_clip_38,65,1,69.44930465440393,-0.1907388956785152,0.00810655638257824
handshake_clip_38,66,1,67.12199286461755,-0.18518815205453917,0.00810655638257824
handshake_clip_38,67,1,64.70350096859134,-0.17963740843056314,0.00810655638257824
handshake_clip_38,68,1,62.197478306371956,-0.1740866648065871,0.00810655638257824
handshake_clip_38,69,1,59.609176783214124,-0.1685359211826111,0.00810655638257824
handshake_clip_38,70,1,56.94553476588455,-0.1629851775586351,0.00810655638257824
handshake_clip_38,71,1,54.215194669271355,-0.15743443393465906,0.00810655638257824
handshake_clip_38,72,1,51.42843988796306,-0.15188369031068302,0.00810655638257824
handshake_clip_38,73,1,46.84022671664159,-0.11707250756794467,0.07518200059683741
handshake_clip_38,74,1,39.29823802573807,-0.08226132482520629,0.07518200059683744
handshake_clip_38,75,1,25.423506845479395,-0.047450142082467915,0.07518200059683744
handshake_clip_38,76,1,30.412841089289756,-0.060085539372977254,0.07518200059683744
handshake_clip_38,77,1,34.77868590539294,-0.0727209366634866,0.07518200059683744
handshake_clip_38,78,1,38.58901386538267,-0.08535633395399594,0.07518200059683744
handshake_clip_38,79,1,41.91558879663842,-0.09799173124450528,0.07518200059683736
handshake_clip_38,80,1,44.826415371154106,-0.11062712853501462,0.018940706975204516
handshake_clip_38,81,1,47.38232278626333,-0.12326252582552395,0.018940706975204516
handshake_clip_38,82,1,49.63597083422346,-0.1358979231160333,0.018940706975204516
handshake_clip_38,83,1,51.63210705837215,-0.14853332040654263,0.018940706975204516
handshake_clip_38,84,1,53.40837486418655,-0.16116871769705196,0.018940706975204516
handshake_clip_38,85,1,54.99629282271399,-0.17380411498756132,0.018940706975204516
handshake_clip_38,86,1,56.422217839197465,-0.18643951227807065,0.018940706975204516
handshake_clip_38,87,1,56.422217839197465,-0.18643951227807065,0.018940706975204516
handshake_clip_38,88,1,56.422217839197465,-0.18643951227807065,0.018940706975204464
handshake_clip_38,89,1,56.422217839197465,-0.18643951227807065,0.018940706975204464
handshake_clip_31,0,1,102.70899259850586,-0.3132140129638401,0.0
handshake_clip_31,1,1,103.09157475170463,-0.31060436876434777,0.25838698257428616
handshake_clip_31,2,1,103.46684206320613,-0.30799472456485544,0.25838698257428616
handshake_clip_31,3,1,103.83497104178606,-0.3053850803653631,0.25838698257428616
handshake_clip_31,4,1,104.19613390338789,-0.30277543616587077,0.25838698257428616
handshake_clip_31,5,1,104.55049862313123,-0.30016579196637844,0.005936180877815483
handshake_clip_31,6,1,104.87661179212094,-0.2586798918905183,0.06892907754259635
handshake_clip_31,7,1,105.30907310082287,-0.21719399181465815,0.06892907754259635
handshake_clip_31,8,1,105.90995314982067,-0.17570809173879803,0.06892907754259635
handshake_clip_31,9,1,106.8011659419886,-0.1342221916629379,0.06892907754259635
handshake_clip_31,10,1,108.2591390206102,-0.09273629158707775,0.06892907754259635
handshake_clip_31,11,1,111.07026611172503,-0.05125039151121761,0.06892907754259635
handshake_clip_31,12,1,111.6700255619028,-0.051405244987103936,0.06892907754259635
handshake_clip_31,13,1,112.29646974107736,-0.05156009846299027,0.06892907754259635
handshake_clip_31,14,1,112.95125980417727,-0.0517149519388766,0.06892907754259633
handshake_clip_31,15,1,105.5291824798299,-0.05629540493724658,0.06892907754259633
handshake_clip_31,16,1,98.56479400881183,-0.060875857935616555,0.039303057536069226
handshake_clip_31,17,1,92.20002445783841,-0.06545631093398653,0.03930305753606925
handshake_clip_31,18,1,86.49627092772197,-0.07003676393235651,0.03930305753606925
handshake_clip_31,19,1,81.45134307456068,-0.07461721693072648,0.03930305753606928
handshake_clip_31,20,1,77.02276690679413,-0.07919766992909645,0.03930305753606928
handshake_clip_31,21,1,73.14810635415225,-0.08377812292746643,0.03930305753606928
handshake_clip_31,22,1,69.75899076448567,-0.08835857592583642,0.03930305753606928
handshake_clip_31,23,1,66.78926379922846,-0.0929390289242064,0.03930305753606928
handshake_clip_31,24,1,87.30780695207011,-0.2548145168241262,0.07120394014422135
handshake_clip_31,25,1,96.2332090721108,-0.416690004724046,0.07120394014422135
handshake_clip_31,26,1,100.99051919124565,-0.5785654926239658,0.07120394014422135
handshake_clip_31,27,1,100.98851169448008,-0.5620067168847982,0.07120394014422135
handshake_clip_31,28,1,100.9864903486092,-0.5454479411456304,0.07120394014422135
handshake_clip_31,29,1,100.98445500983094,-0.5288891654064628,0.07120394014422135
handshake_clip_31,30,1,100.9824055323455,-0.512330389667295,0.07120394014422135
handshake_clip_31,31,1,100.98034176832051,-0.4957716139281274,0.005119007682865201
handshake_clip_31,32,1,97.81850346856245,-0.40208860109672173,0.017292658021982876
handshake_clip_31,33,1,94.19729663283728,-0.308405588265316,0.017292658021982876
handshake_clip_31,34,1,90.04487637048095,-0.2147225754339103,0.017292658021982876
handshake_clip_31,35,1,85.28951219562869,-0.12103956260250462,0.017292658021982876
handshake_clip_31,36,1,86.31457939741459,-0.1275305324258297,0.017292658021982876
handshake_clip_31,37,1,87.3040795047682,-0.13402150224915482,0.017292658021982876
handshake_clip_31,38,1,88.25927166288922,-0.1405124720724799,0.017292658021982876
handshake_clip_31,39,1,89.18140559745659,-0.147003441895805,0.017292658021982876
handshake_clip_31,40,1,90.07171462245043,-0.15349441171913009,0.007060482485893442
handshake_clip_31,41,1,90.93140994978276,-0.15998538154245517,0.007060482485893442
handshake_clip_31,42,1,91.76167614076115,-0.1664763513657803,0.007060482485893442
handshake_clip_31,43,1,92.56366755050713,-0.17296732118910538,0.007060482485893442
handshake_clip_31,44,1,112.0524079073365,-0.013895057185152342,0.35384658788144874
handshake_clip_31,45,1,100.8464590265389,-0.08086569757941216,0.35384658788144874
handshake_clip_31,46,1,93.4739609433391,-0.147836337973672,0.35384658788144874
handshake_clip_31,47,1,94.58186063488496,-0.1886265036793247,0.35384658788144874
handshake_clip_31,48,1,95.67130015872436,-0.22941666938497746,0.35384658788144874
handshake_clip_31,49,1,96.74196918309597,-0.2702068350906302,0.19849112764074253
handshake_clip_31,50,1,97.79362037583917,-0.3109970007962829,0.19849112764074248
handshake_clip_31,51,1,98.82606633711423,-0.35178716650193564,0.007355929508144072
handshake_clip_31,52,1,98.21920360446208,-0.4620987244659318,0.016164909785743538
handshake_clip_31,53,1,107.99406586286536,-0.25917622010825875,0.08880348410363435
handshake_clip_31,54,1,106.12766409716019,-0.3076834178433955,0.08880348410363435
handshake_clip_31,55,1,104.35010605798959,-0.35619061557853227,0.08880348410363435
handshake_clip_31,56,1,102.65838028204512,-0.404697813313669,0.08880348410363435
handshake_clip_31,57,1,101.04915957211422,-0.45320501104880573,0.08880348410363435
handshake_clip_31,58,1,99.51891169699151,-0.5017122087839425,0.015679093509208184
handshake_clip_31,59,1,99.54293399417828,-0.5318746950485245,0.015679093509208184
handshake_clip_31,60,1,99.5668144545748,-0.5620371813131062,0.015679093509208184
handshake_clip_31,61,1,99.59055432244723,-0.5921996675776882,0.015679093509208184
handshake_clip_31,62,1,99.24494525873546,-0.5611891008876171,0.015679093509208146
handshake_clip_31,63,1,98.89500493918106,-0.530178534197546,0.002822101905644003
handshake_clip_31,64,1,98.54067803346852,-0.49916796750747494,0.002822101905644003
handshake_clip_31,65,1,98.18190915772597,-0.46815740081740387,0.002822101905644003
handshake_clip_31,66,1,98.51666958696345,-0.4902337680144531,0.0011830023400147445
handshake_clip_31,67,1,98.84426275534683,-0.5123101352115024,0.0011830023400147445
handshake_clip_31,68,1,99.16489565655587,-0.5343865024085517,0.0011830023400147445
handshake_clip_31,69,1,99.38901949566616,-0.48162550095130197,0.029933399673093424
handshake_clip_31,70,1,99.65077892173346,-0.42886449949405225,0.029933399673093424
handshake_clip_31,71,1,99.9605083610125,-0.3761034980368025,0.029933399673093424
handshake_clip_31,72,1,100.33270012229644,-0.3233424965795528,0.029933399673093424
handshake_clip_31,73,1,100.7883244558274,-0.27058149512230306,0.029933399673093424
handshake_clip_31,74,1,101.3588935722204,-0.21782049366505332,0.029933399673093424
handshake_clip_31,75,1,102.09401188758976,-0.16505949220780358,0.029933399673093424
handshake_clip_31,76,1,103.07646377645376,-0.1122984907505539,0.029933399673093424
handshake_clip_31,77,1,105.75532204644628,-0.1081262223764364,0.029933399673093424
handshake_clip_31,78,1,108.33715505841907,-0.10395395400231894,0.029933399673093424
handshake_clip_31,79,1,110.81724024626719,-0.09978168562820144,0.029933399673093424
handshake_clip_31,80,1,106.30216207195784,-0.18509982920841137,0.10330516452865504
handshake_clip_31,81,1,105.13600233887944,-0.3385774646577602,0.10330516452865504
handshake_clip_31,82,1,104.22179723719609,-0.49205510010710896,0.10330516452865504
handshake_clip_31,83,1,107.23254202237743,-0.19383054336768168,0.19581826683784745
handshake_clip_31,84,1,104.93826825921049,-0.35557222760087365,0.19581826683784745
handshake_clip_31,85,1,108.12164657608814,-0.1266205868350667,0.19581826683784745
handshake_clip_31,86,1,107.26928087527929,-0.13841602232362502,0.19581826683784745
handshake_clip_31,87,1,106.46839579112574,-0.15021145781218334,0.19581826683784745
handshake_clip_31,88,1,105.71475051532421,-0.16200689330074167,0.1330900445754404
handshake_clip_31,89,1,104.32174031122452,-0.5430748242401933,0.15734335693816037
handshake_clip_36,0,1,87.20687863191297,-0.10055374714712428,0.0
handshake_clip_36,1,1,88.9005985808074,-0.10475428151567882,0.3273191255040236
handshake_clip_36,2,1,90.53645990541268,-0.10895481588423335,0.3273191255040236
handshake_clip_36,3,1,92.11484589020017,-0.1131553502527879,0.3273191255040236
handshake_clip_36,4,1,93.63646219343508,-0.11735588462134243,0.3273191255040236
handshake_clip_36,5,1,95.10228494375,-0.12155641898989697,0.016227381285075605
handshake_clip_36,6,1,96.11833706600451,-0.1364915077208557,0.016227381285075605
handshake_clip_36,7,1,97.09713559928788,-0.1514265964518144,0.016227381285075605
handshake_clip_36,8,1,98.04015163294234,-0.16636168518277308,0.01622738128507557
handshake_clip_36,9,1,98.94882832685761,-0.18129677391373178,0.01622738128507557
handshake_clip_36,10,1,99.82457485410262,-0.1962318626446905,0.014920355414135066
handshake_clip_36,11,1,100.66876174312661,-0.2111669513756492,0.014920355414135066
handshake_clip_36,12,1,101.48271741554461,-0.22610204010660792,0.014920355414135066
handshake_clip_36,13,1,102.26772573612931,-0.24103712883756662,0.014920355414135066
handshake_clip_36,14,1,103.02502441207716,-0.2559722175685253,0.014920355414135066
handshake_clip_36,15,1,103.75580409824019,-0.27090730629948406,0.014920355414135066
handshake_clip_36,16,1,104.46120808339546,-0.28584239503044273,0.014920355414135066
handshake_clip_36,17,1,105.87779811001802,-0.29389874594301085,0.014920355414135066
handshake_clip_36,18,1,105.24249808679015,-0.2899971177570377,0.014920355414135066
handshake_clip_36,19,1,104.6023317596529,-0.28609548957106445,0.014920355414135066
handshake_clip_36,20,1,103.95740464497496,-0.2821938613850913,0.014920355414135063
handshake_clip_36,21,1,103.30782865808722,-0.27829223319911806,0.004187793981685216
handshake_clip_36,22,1,102.6537221119946,-0.27439060501314494,0.0032845226492196028
handshake_clip_36,23,1,101.99520969774953,-0.2704889768271717,0.0032845226492196028
handshake_clip_36,24,1,101.33242244578003,-0.26658734864119854,0.0032845226492196028
handshake_clip_36,25,1,100.6654976675422,-0.2626857204552253,0.0032845226492196028
handshake_clip_36,26,1,99.99457887696181,-0.25878409226925214,0.0032845226492196028
handshake_clip_36,27,1,91.37966080214736,-0.2087231580157365,0.07194373942491587
handshake_clip_36,28,1,80.95499037669904,-0.1586622237622208,0.07194373942491587
handshake_clip_36,29,1,68.98147537892474,-0.10860128950870514,0.07194373942491587
handshake_clip_36,30,1,56.2900291639665,-0.058540355255189455,0.07194373942491587
handshake_clip_36,31,1,100.90962386664117,-0.2547257120266977,0.2836937372188336
handshake_clip_36,32,1,90.6443646064631,-0.19311246059790696,0.2836937372188336
handshake_clip_36,33,1,80.80776643083149,-0.1314992091691162,0.2836937372188336
handshake_clip_36,34,1,71.88985456890619,-0.06988595774032547,0.2836937372188336
handshake_clip_36,35,1,74.21989701024866,-0.08444458525249839,0.2836937372188336
handshake_clip_36,36,1,77.57261442997259,-0.0972185122305111,0.05145073761721341
handshake_clip_36,37,1,81.23359138205004,-0.10999243920852382,0.05145073761721341
handshake_clip_36,38,1,85.21320344715181,-0.12276636618653654,0.05145073761721333
handshake_clip_36,39,1,89.51144300602124,-0.13554029316454924,0.03635490734418695
handshake_clip_36,40,1,94.11406356402019,-0.14831422014256196,0.017774231047233864
handshake_clip_36,41,1,98.98922511717797,-0.16108814712057468,0.017774231047233864
handshake_clip_36,42,1,104.08572605040483,-0.1738620740985874,0.017774231047233864
handshake_clip_36,43,1,109.33395172376616,-0.1866360010766001,0.017774231047233864
handshake_clip_36,44,1,102.08943681058523,-0.27001187694543205,0.023339730708914416
handshake_clip_36,45,1,100.98391152838371,-0.2699249078575008,0.023339730708914416
handshake_clip_36,46,1,66.5004217529321,-0.13699597999561064,0.1568557213787567
handshake_clip_36,47,1,73.34715260075646,-0.1718713238099756,0.1568557213787567
handshake_clip_36,48,1,81.6598301178457,-0.20674666762434057,0.1568557213787567
handshake_clip_36,49,1,91.49433161645737,-0.24162201143870554,0.1568557213787567
handshake_clip_36,50,1,102.58374346814517,-0.2764973552530705,0.1568557213787567
handshake_clip_36,51,1,101.96411166788111,-0.23176144688272862,0.038221797959275675
handshake_clip_36,52,1,101.30559698502874,-0.23051821334107098,0.038221797959275675
handshake_clip_36,53,1,104.22321992779936,-0.294129803445287,0.04637277360872529
handshake_clip_36,54,1,104.31490051142976,-0.2825168291461679,0.04637277360872529
handshake_clip_36,55,1,104.4082087573768,-0.27090385484704876,0.04637277360872529
handshake_clip_36,56,1,104.50318789081885,-0.25929088054792965,0.04637277360872529
handshake_clip_36,57,1,104.59988266224444,-0.24767790624881056,0.04637277360872529
handshake_clip_36,58,1,101.63480920104537,-0.2509815003872973,0.014494891425444361
handshake_clip_36,59,1,100.83015372091369,-0.24935269015975334,0.014494891425444361
handshake_clip_36,60,1,100.04972724615511,-0.24772387993220943,0.014494891425444361
handshake_clip_36,61,1,99.2927285253767,-0.2460950697046655,0.014494891425444361
handshake_clip_36,62,1,102.26961515325227,-0.25082907186714465,0.019511799658887632
handshake_clip_36,63,1,102.36474100678367,-0.2474244163582758,0.019511799658887632
handshake_clip_36,64,1,102.45770456648124,-0.24401976084940694,0.019511799658887632
handshake_clip_36,65,1,102.54857825686484,-0.2406151053405381,0.019511799658887632
handshake_clip_36,66,1,101.90633676795792,-0.2398946736871607,0.023085682048365995
handshake_clip_36,67,1,101.67458160927876,-0.2563711199151157,0.023085682048365995
handshake_clip_36,68,1,100.16531903687232,-0.259801403845131,0.028166201718697714
handshake_clip_36,69,1,100.93784715617134,-0.23543720579582814,0.028166201718697714
handshake_clip_36,70,1,101.67728093933732,-0.21107300774652527,0.028166201718697714
handshake_clip_36,71,1,102.3854712093459,-0.1867088096972224,0.028166201718697714
handshake_clip_36,72,1,102.47676344948567,-0.19244393926477218,0.028166201718697714
handshake_clip_36,73,1,102.56918833271395,-0.19817906883232195,0.01895571510971004
handshake_clip_36,74,1,102.66276657920625,-0.20391419839987174,0.01895571510971004
handshake_clip_36,75,1,103.9317801273791,-0.12374919526386201,0.25883702016654114
handshake_clip_36,76,1,114.42457327335163,-0.04358419212785228,0.25883702016654114
handshake_clip_36,77,1,107.6163752025767,-0.2664293464839034,0.4989919034573206
handshake_clip_36,78,1,105.21774618853877,-0.31842548253280256,0.4989919034573206
handshake_clip_36,79,1,110.1610620909728,-0.059711874208375024,0.4989919034573206
handshake_clip_36,80,1,95.60638625039135,-0.10099158252234011,0.4989919034573206
handshake_clip_36,81,1,102.01124982225075,-0.16029232348743955,0.4989919034573206
handshake_clip_36,82,1,101.89931814972469,-0.16423912607282884,0.4552687555600364
handshake_clip_36,83,1,96.02064246223053,-0.08931423633232782,0.4552687555600364
handshake_clip_36,84,1,94.97213189128577,-0.144424370396365,0.3216590381018919
handshake_clip_36,85,1,107.98905573243543,-0.07370296537573032,0.3249776019978125
handshake_clip_36,86,1,108.34110294132083,-0.07959893160169895,0.3249776019978125
handshake_clip_36,87,1,108.63773514683804,-0.08549489782766757,0.3249776019978125
handshake_clip_36,88,1,108.89106908544349,-0.09139086405363621,0.3249776019978125
handshake_clip_36,89,1,95.19060094133187,-0.15732101985517485,0.33916427226002654
none_clip_28,0,0,112.81933418745699,-0.005541760059259083,0.0
none_clip_28,1,0,112.29540664515446,-0.010808090569071248,0.3588683421274335
none_clip_28,2,0,111.7840542391232,-0.016074421078883416,0.3588683421274335
none_clip_28,3,0,111.28490819757103,-0.021340751588695576,0.3588683421274335
none_clip_28,4,0,110.79760972820364,-0.026607082098507744,0.3588683421274335
none_clip_28,5,0,110.32181000857702,-0.03187341260831991,0.003197467688303975
none_clip_28,6,0,110.57801782307916,-0.03765727301017319,0.007993247504041406
none_clip_28,7,0,110.83072641171724,-0.043441133412026454,0.007993247504041448
none_clip_28,8,0,111.07999734222372,-0.04922499381387972,0.007993247504041448
none_clip_28,9,0,111.32589103931988,-0.055008854215733,0.007993247504041456
none_clip_28,10,0,111.56846679921607,-0.06079271461758627,0.007993247504041456
none_clip_28,11,0,111.80778280457812,-0.06657657501943953,0.007993247504041456
none_clip_28,12,0,112.0438961398957,-0.0723604354212928,0.007993247504041456
none_clip_28,13,0,112.27686280719271,-0.07814429582314608,0.007993247504041456
none_clip_28,14,0,112.50673774202497,-0.08392815622499936,0.007993247504041456
none_clip_28,15,0,112.73357482971352,-0.08971201662685263,0.007993247504041456
none_clip_28,16,0,112.95742692176754,-0.09549587702870589,0.007993247504041456
none_clip_28,17,0,113.17834585245305,-0.10127973743055917,0.007993247504041456
none_clip_28,18,0,118.93250022835815,-0.07993963398336724,0.007993247504041456
none_clip_28,19,0,125.62262357110502,-0.05859953053617534,0.007993247504041437
none_clip_28,20,0,133.26805357443928,-0.037259427088983436,0.007993247504041437
none_clip_28,21,0,110.28869990786126,-0.02508275806493991,0.04363953008149885
none_clip_28,22,0,110.64970466884769,-0.0047833694341931675,0.04363953008149885
none_clip_28,23,0,112.6669260117281,-0.00033979035723054275,0.04363953008149885
none_clip_28,24,0,111.86809496977185,0.00011628320785913122,0.04363953008149885
none_clip_28,25,0,139.91998839772904,-0.04779720383423578,0.05643463925314848
none_clip_28,26,0,112.35233517218293,0.004945521807712709,0.06251291694443124
none_clip_28,27,0,109.93820823949918,-0.014503029061955821,0.06251291694443124
none_clip_28,28,0,110.81856592324343,-0.007794059608471554,0.06251291694443124
none_clip_28,29,0,110.59853262925027,-0.0031808176325398008,0.06251291694443124
none_clip_28,30,0,111.6508005228734,0.014348310803285304,0.06251291694443124
none_clip_28,31,0,110.17228190600362,-0.015541528657763546,0.024104928350823878
none_clip_28,32,0,111.95851802236531,0.016813928591318382,0.024104928350823878
none_clip_28,33,0,115.18609336978321,-0.008029832984362877,0.04625581848107879
none_clip_28,34,0,110.28917853127615,-0.026112050590626178,0.04625581848107879
none_clip_28,35,0,112.33204865473573,-0.02810120610263304,0.04625581848107879
none_clip_28,36,0,112.62729143648083,0.017676746130007324,0.04625581848107879
none_clip_28,37,0,112.1023452359827,-0.02016603306526568,0.04625581848107879
none_clip_28,38,0,113.30216732603267,0.007918626127974358,0.04777006992313698
none_clip_28,39,0,111.05966857519073,0.0022493556636788135,0.04777006992313698
none_clip_28,40,0,112.27882985721203,0.0028334875853487755,0.04777006992313698
none_clip_28,41,0,112.76619068907269,0.002910104602506134,0.04777006992313698
none_clip_28,42,0,110.54279437835056,0.0028974817881248557,0.04777006992313698
none_clip_28,43,0,107.17131074709296,-0.04147596102066586,0.029508107015155764
none_clip_28,44,0,107.72074891340537,-0.04085583587603499,0.029508107015155764
none_clip_28,45,0,108.26749534976143,-0.04023571073140412,0.029508107015155764
none_clip_28,46,0,108.81147096047462,-0.03961558558677325,0.029508107015155764
none_clip_28,47,0,110.99436124259911,0.005488785770609173,0.01764046420819758
none_clip_28,48,0,110.78356079237342,0.01088298033772616,0.011908528804471241
none_clip_28,49,0,110.56535858420762,0.016277174904843147,0.011908528804471252
none_clip_28,50,0,111.7870571408551,-0.001727381150345717,0.011908528804471252
none_clip_28,51,0,113.68842760587412,-0.03402238217259422,0.01582588375006783
none_clip_28,52,0,109.77148217956749,-0.03549192609159482,0.01582588375006783
none_clip_28,53,0,107.17371674166552,-0.050786819787163,0.03922144831547747
none_clip_28,54,0,106.2285910614437,-0.023031440507338557,0.04226250859161379
none_clip_28,55,0,110.79381972559548,0.013847778965441584,0.04226250859161379
none_clip_28,56,0,127.38336641349505,-0.01195270999195936,0.04226250859161379
none_clip_28,57,0,122.20497191286931,-0.007583848092679075,0.04226250859161379
none_clip_28,58,0,117.11563784277627,-0.003214986193398789,0.04226250859161379
none_clip_28,59,0,112.19017262504556,0.0011538757058814975,0.025813750992168396
none_clip_28,60,0,113.19702675572742,0.014707853763127233,0.02923617526627063
none_clip_28,61,0,112.6264368610931,0.010448538181478229,0.02923617526627063
none_clip_28,62,0,111.97748526475779,0.006189222599829223,0.02923617526627063
none_clip_28,63,0,111.52373226847914,-0.04618389846223175,0.02923617526627063
none_clip_28,64,0,113.09845968866817,0.04987797611478578,0.02923617526627063
none_clip_28,65,0,110.97882470349809,-0.0016268813763530886,0.025946261992512244
none_clip_28,66,0,114.38341214380054,-0.014111161213662602,0.025946261992512244
none_clip_28,67,0,111.36145884963366,-0.02811832065350467,0.025946261992512244
none_clip_28,68,0,110.27180619482144,-0.010931544564243638,0.024565543053514598
none_clip_28,69,0,113.07813175236261,-0.019468718902544372,0.029603747270239466
none_clip_28,70,0,112.6141501788564,0.03671248509553496,0.029603747270239466
none_clip_28,71,0,112.18425604765424,0.09289368909361428,0.029603747270239466
none_clip_28,72,0,-71.96887072910936,-0.04965793678343287,0.03164775321672897
none_clip_28,73,0,124.34783117182535,-0.013822684831154675,0.03164775321672897
none_clip_28,74,0,115.08115933846061,0.02201256712112352,0.03164775321672897
none_clip_28,75,0,112.672028284509,-0.023764024411619258,0.03164775321672897
none_clip_28,76,0,109.38690837700793,-0.06954061594436203,0.03164775321672897
none_clip_28,77,0,112.40844835443977,0.07463842230246343,0.05551916600351723
none_clip_28,78,0,112.25052450958069,0.02270294849330458,0.05551916600351723
none_clip_28,79,0,112.05225379376095,-0.029232525315854272,0.05551916600351723
none_clip_28,80,0,112.23516356605926,0.02435682099721245,0.05551916600351723
none_clip_28,81,0,113.33805098340565,-0.001756451189748889,0.05551916600351723
none_clip_28,82,0,113.10596603853216,0.0006932781449506505,0.05234583622090163
none_clip_28,83,0,113.21916238599954,-0.03173905328790734,0.05728264472950092
none_clip_28,84,0,112.10428943965174,-0.02667515597278225,0.06422048418083999
none_clip_28,85,0,113.12693740935055,-0.025585311034490094,0.07008746664672966
none_clip_28,86,0,112.8497682452436,-0.027152974772206965,0.07008746664672966
none_clip_28,87,0,112.58481016851171,-0.028720638509923836,0.07008746664672966
none_clip_28,88,0,112.33128422657028,-0.030288302247640706,0.07008746664672966
none_clip_28,89,0,112.33128422657028,-0.030288302247640706,0.07008746664672966
none_clip_21,0,0,111.54805270665241,-0.04902829970261278,0.0
none_clip_21,1,0,110.07442522147987,-0.048333674177311506,0.7019343642772722
none_clip_21,2,0,108.65364392400117,-0.04763904865201023,0.7019343642772722
none_clip_21,3,0,107.28457135477767,-0.04694442312670895,0.7019343642772722
none_clip_21,4,0,105.96591501301522,-0.04624979760140767,0.7019343642772722
none_clip_21,5,0,104.69626202901352,-0.0455551720761064,0.00245302264201605
none_clip_21,6,0,106.57535684291504,-0.04975815063397565,0.01866648940777512
none_clip_21,7,0,108.2137078672498,-0.05396112919184492,0.01866648940777512
none_clip_21,8,0,109.65256376765085,-0.05816410774971418,0.01866648940777512
none_clip_21,9,0,110.92474628859789,-0.06236708630758343,0.01866648940777512
none_clip_21,10,0,112.05656790925687,-0.0665700648654527,0.01866648940777512
none_clip_21,11,0,113.06928943336966,-0.07077304342332195,0.01866648940777512
none_clip_21,12,0,113.98022638609099,-0.07497602198119122,0.01866648940777512
none_clip_21,13,0,114.80359101180916,-0.07917900053906048,0.01866648940777512
none_clip_21,14,0,115.55113618368658,-0.08338197909692974,0.01866648940777512
none_clip_21,15,0,116.23265087002642,-0.087584957654799,0.01866648940777512
none_clip_21,16,0,116.85634400010218,-0.09178793621266826,0.01866648940777512
none_clip_21,17,0,117.23021068944111,-0.08974089221108267,0.02929292087962897
none_clip_21,18,0,120.25582919203612,-0.07467607109559532,0.10538190437368432
none_clip_21,19,0,123.81158800959673,-0.05961124998010796,0.10538190437368443
none_clip_21,20,0,128.0142374574598,-0.0445464288646206,0.10538190437368443
none_clip_21,21,0,132.99812992617962,-0.02948160774913325,0.10538190437368443
none_clip_21,22,0,112.86511567190755,-0.03371775600857058,0.2526133463229667
none_clip_21,23,0,112.25307798014097,-0.042211557611466284,0.2526133463229667
none_clip_21,24,0,131.01501343401554,-0.023660705508461815,0.27284618807930977
none_clip_21,25,0,124.03491954723968,-0.05947934566121653,0.27284618807930977
none_clip_21,26,0,119.24437357044272,-0.09529798581397124,0.27284618807930977
none_clip_21,27,0,110.36317977355303,-0.06883173605663728,0.33853437219191246
none_clip_21,28,0,116.28855024571664,-0.045603869059434025,0.33853437219191246
none_clip_21,29,0,115.04104613222907,-0.03990320524871996,0.33853437219191246
none_clip_21,30,0,112.61391993315168,-0.04150411617769121,0.33853437219191246
none_clip_21,31,0,117.55563033664124,-0.09396634908753751,0.33853437219191246
none_clip_21,32,0,114.37040245317037,-0.02880190189000578,0.3333587465171304
none_clip_21,33,0,111.23247665581815,-0.0351390555748878,0.2995389967754313
none_clip_21,34,0,113.2620501317683,-0.0643249823164353,0.32928832258251123
none_clip_21,35,0,108.61618405384534,-0.04541053694720167,0.32928832258251123
none_clip_21,36,0,113.3193008915678,-0.031102654784632457,0.32928832258251123
none_clip_21,37,0,115.10154364291118,-0.03232153850876784,0.32928832258251123
none_clip_21,38,0,113.67317224770306,-0.02936964994617593,0.32928832258251123
none_clip_21,39,0,113.77585204872632,-0.03916516938016906,0.3213182092595938
none_clip_21,40,0,113.28978197495668,-0.03550216766831224,0.021177932666134092
none_clip_21,41,0,115.99869196398649,-0.034490454379181266,0.021177932666134092
none_clip_21,42,0,116.43128950837718,-0.05130229401818548,0.15960307346563996
none_clip_21,43,0,116.82767555035626,-0.06811413365718968,0.15960307346563996
none_clip_21,44,0,114.67984001316843,-0.05929377435764604,0.15960307346563996
none_clip_21,45,0,112.39551476672587,-0.0504734150581024,0.15960307346563996
none_clip_21,46,0,109.96924370826636,-0.04165305575855875,0.15960307346563996
none_clip_21,47,0,111.1562153111318,-0.03951253694364702,0.15960307346563996
none_clip_21,48,0,112.37762865903326,-0.0373720181287353,0.10524788710811579
none_clip_21,49,0,113.63384585416915,-0.03523149931382357,0.10524788710811579
none_clip_21,50,0,115.54394474429415,-0.049282411504734044,0.14949917817551628
none_clip_21,51,0,117.2154161284533,-0.06333332369564453,0.14949917817551628
none_clip_21,52,0,119.0237343354614,-0.06285761673402127,0.14949917817551628
none_clip_21,53,0,115.90232334404887,-0.048422745265923994,0.14949917817551628
none_clip_21,54,0,112.31673499776045,-0.033987873797826716,0.14949917817551628
none_clip_21,55,0,114.19949948271072,-0.045664402930682926,0.14949917817551628
none_clip_21,56,0,115.88663870720687,-0.05734093206353913,0.14174225960415113
none_clip_21,57,0,117.40461911809167,-0.06901746119639535,0.14174225960415113
none_clip_21,58,0,118.77582400621685,-0.08069399032925155,0.1417422596041511
none_clip_21,59,0,108.65958713722591,-0.0455450499225946,0.23273239479184263
none_clip_21,60,0,137.1378672010122,-0.027479532752408872,0.3051477497612999
none_clip_21,61,0,118.06078570337556,-0.07657193105939078,0.3051477497612999
none_clip_21,62,0,117.89449112442627,-0.07370319282676967,0.3051477497612999
none_clip_21,63,0,117.72520851538027,-0.07083445459414855,0.3051477497612999
none_clip_21,64,0,117.55285964816541,-0.06796571636152746,0.3051477497612999
none_clip_21,65,0,117.37736365699105,-0.06509697812890634,0.1366078397971736
none_clip_21,66,0,113.47114093260556,-0.09112114657006024,0.35764516862018864
none_clip_21,67,0,115.5551721789325,-0.0823686379604424,0.35764516862018864
none_clip_21,68,0,118.40482882314828,-0.07361612935082457,0.35764516862018864
none_clip_21,69,0,117.59732002642065,-0.06631044050847848,0.35764516862018864
none_clip_21,70,0,116.23743323968476,-0.05900475166613239,0.35764516862018864
none_clip_21,71,0,113.46949895444544,-0.051699062823786314,0.1603258036634901
none_clip_21,72,0,107.58714093981968,-0.04968111471655824,0.1603258036634901
none_clip_21,73,0,103.21345125797018,-0.047663166609330176,0.09744834516561668
none_clip_21,74,0,99.86994444812478,-0.045645218502102104,0.09744834516561668
none_clip_21,75,0,104.91768332631975,-0.04766103541158388,0.0974483451656166
none_clip_21,76,0,110.40250553209782,-0.04967685232106566,0.025081281041557903
none_clip_21,77,0,116.27100498734126,-0.05169266923054744,0.025081281041557903
none_clip_21,78,0,103.96161843629523,-0.09792863546762466,0.05333728882388724
none_clip_21,79,0,101.22176463571842,-0.04898515616309846,0.07489039673601301
none_clip_21,80,0,63.66004614233023,-4.1676858572259334e-05,0.07489039673601301
none_clip_21,81,0,97.60640335072411,-0.04723048266122724,0.07489039673601301
none_clip_21,82,0,100.21013430668503,-0.04535026165890337,0.07489039673601301
none_clip_21,83,0,102.9467454931706,-0.0432003019256583,0.07489039673601301
none_clip_21,84,0,105.97781446140823,-0.041050342192413235,0.07489039673601301
none_clip_21,85,0,115.41486309833007,-0.03138497519578693,0.06993257064269424
none_clip_21,86,0,126.90228428677621,-0.021719608199160623,0.06993257064269424
none_clip_21,87,0,139.9926980688916,-0.012054241202534318,0.06993257064269424
none_clip_21,88,0,116.13172214214555,-0.028961616018356964,0.10813109184796123
none_clip_21,89,0,98.75608105485252,-0.045868990834179606,0.10813109184796123
none_clip_26,0,0,55.3466259187149,-0.07093184098124536,0.0
none_clip_26,1,0,55.53840539596216,-0.06816065165049846,0.5891171442958418
none_clip_26,2,0,55.73019769466717,-0.06538946231975157,0.5891171442958418
none_clip_26,3,0,55.921998517664065,-0.06261827298900467,0.5891171442958418
none_clip_26,4,0,56.11380356664095,-0.05984708365825778,0.5891171442958418
none_clip_26,5,0,56.305608542717536,-0.05707589432751088,0.0062831621652203835
none_clip_26,6,0,55.60117958962981,-0.061475952466211764,0.02126368190110694
none_clip_26,7,0,54.864453548712405,-0.06587601060491265,0.021263681901106984
none_clip_26,8,0,54.09341834946268,-0.07027606874361353,0.021263681901106984
none_clip_26,9,0,53.28591995460537,-0.07467612688231443,0.021263681901106984
none_clip_26,10,0,52.439653835512026,-0.0790761850210153,0.021263681901106984
none_clip_26,11,0,51.55215668206462,-0.08347624315971619,0.021263681901106984
none_clip_26,12,0,50.62079863492919,-0.08787630129841706,0.02126368190110697
none_clip_26,13,0,49.642776420362345,-0.09227635943711796,0.02126368190110703
none_clip_26,14,0,48.61510788204582,-0.09667641757581884,0.02126368190110703
none_clip_26,15,0,47.534628544736094,-0.10107647571451972,0.02126368190110703
none_clip_26,16,0,46.39799101425818,-0.1054765338532206,0.02126368190110703
none_clip_26,17,0,51.180280826718615,-0.09703227871932531,0.02126368190110703
none_clip_26,18,0,50.681807931278904,-0.09835935148438078,0.02126368190110694
none_clip_26,19,0,50.18283713290004,-0.09968642424943625,0.02126368190110694
none_clip_26,20,0,49.68344347228531,-0.10101349701449173,0.02126368190110694
none_clip_26,21,0,49.18370237430161,-0.1023405697795472,0.006804092869311122
none_clip_26,22,0,48.683689580188926,-0.10366764254460267,0.0003640804182328742
none_clip_26,23,0,48.18348107905177,-0.10499471530965813,0.0003640804182328742
none_clip_26,24,0,47.68315303878574,-0.10632178807471362,0.0003640804182328742
none_clip_26,25,0,47.18278173659665,-0.10764886083976909,0.0003640804182328742
none_clip_26,26,0,46.6824434892696,-0.10897593360482456,0.0003640804182328742
none_clip_26,27,0,47.22302432984271,-0.10766501886365627,0.0018149665815220873
none_clip_26,28,0,47.76125613981792,-0.10635410412248798,0.0018149665815220873
none_clip_26,29,0,48.297059836517,-0.10504318938131968,0.0018149665815220873
none_clip_26,30,0,48.83035874739819,-0.10373227464015139,0.0018149665815220873
none_clip_26,31,0,49.361078650617735,-0.1024213598989831,0.0018149665815220873
none_clip_26,32,0,63.11473312114306,-0.0913577107008715,0.0666996622196545
none_clip_26,33,0,77.91050210191942,-0.0802940615027599,0.0666996622196545
none_clip_26,34,0,91.92659475144775,-0.0692304123046483,0.0666996622196545
none_clip_26,35,0,87.75283590788838,-0.0722641983073572,0.0666996622196545
none_clip_26,36,0,83.34342517181058,-0.0752979843100661,0.0666996622196545
none_clip_26,37,0,78.73408017831245,-0.07833177031277498,0.06669966221965448
none_clip_26,38,0,73.97397724868108,-0.08136555631548388,0.06669966221965448
none_clip_26,39,0,69.12368846888468,-0.08439934231819278,0.019938731397144388
none_clip_26,40,0,64.25113537926556,-0.08743312832090168,0.019938731397144388
none_clip_26,41,0,59.42611655587854,-0.09046691432361058,0.019938731397144388
none_clip_26,42,0,54.7144533288621,-0.09350070032631946,0.019938731397144388
none_clip_26,43,0,50.17293621630163,-0.09653448632902836,0.019938731397144388
none_clip_26,44,0,45.84596830022811,-0.09956827233173726,0.019938731397144388
none_clip_26,45,0,44.18045520825896,-0.11014551204380038,0.019938731397144388
none_clip_26,46,0,45.17347196188035,-0.10732344030843703,0.019938731397144388
none_clip_26,47,0,46.143318984453686,-0.10450136857307367,0.019938731397144388
none_clip_26,48,0,47.09026130476151,-0.1016792968377103,0.01993873139714433
none_clip_26,49,0,48.014601638925505,-0.09885722510234694,0.012467136080807729
none_clip_26,50,0,48.916675494537024,-0.0960351533669836,0.0021208250476281976
none_clip_26,51,0,48.2291139169392,-0.10145006115804255,0.003229828383148182
none_clip_26,52,0,47.54073852393966,-0.10686496894910152,0.003229828383148182
none_clip_26,53,0,46.85174689436955,-0.11227987674016048,0.003229828383148182
none_clip_26,54,0,45.936860273494055,-0.11208651804842872,0.003229828383148182
none_clip_26,55,0,45.00766947322616,-0.11189315935669696,0.003229828383148182
none_clip_26,56,0,44.064336554735746,-0.1116998006649652,0.003229828383148182
none_clip_26,57,0,43.10705920138121,-0.11150644197323344,0.003229828383148182
none_clip_26,58,0,48.08625064982931,-0.10405527963433765,0.03085610281311657
none_clip_26,59,0,50.12911974346713,-0.10743484164411632,0.03085610281311657
none_clip_26,60,0,52.03834957461988,-0.110814403653895,0.03085610281311657
none_clip_26,61,0,53.822792222008694,-0.11419396566367367,0.03085610281311657
none_clip_26,62,0,47.02913070477347,-0.10391011907904606,0.06784961842171974
none_clip_26,63,0,56.913616938930026,-0.06132755792184713,0.0680992115951659
none_clip_26,64,0,65.10315376503468,-0.018744996764648202,0.0680992115951659
none_clip_26,65,0,71.74432300174848,0.023837564392550737,0.0680992115951659
none_clip_26,66,0,45.4553242257847,-0.1143472010843424,0.1904672445244039
none_clip_26,67,0,43.06220529982873,-0.11481305093502668,0.1904672445244039
none_clip_26,68,0,60.300047462959995,-0.055395749648624745,0.1904672445244039
none_clip_26,69,0,57.55280547234679,-0.06671762222932401,0.1904672445244039
none_clip_26,70,0,54.37778515341517,-0.07803949481002327,0.1904672445244039
none_clip_26,71,0,50.691453659724615,-0.08936136739072253,0.0995741142997095
none_clip_26,72,0,49.69439103383644,-0.08990130761738628,0.0995741142997095
none_clip_26,73,0,48.72732050614485,-0.09044124784405004,0.030884441427142147
none_clip_26,74,0,47.78943557330045,-0.09098118807071379,0.030884441427142147
none_clip_26,75,0,48.81477489184695,-0.08973304936029075,0.030884441427142147
none_clip_26,76,0,49.85807972110578,-0.08848491064986772,0.015721356710708703
none_clip_26,77,0,50.919116467302025,-0.08723677193944468,0.015721356710708703
none_clip_26,78,0,49.211882958078185,-0.10343357602857847,0.015721356710708703
none_clip_26,79,0,54.42050941161841,-0.06896754294777449,0.11843979965422854
none_clip_26,80,0,59.10728498146256,-0.0345015098669705,0.11843979965422856
none_clip_26,81,0,45.51496233551446,-0.09375793148109324,0.16859858843595582
none_clip_26,82,0,53.477048379702,-0.08888069609844251,0.16859858843595582
none_clip_26,83,0,175.06082542806894,-0.06609625101799561,0.301368265923158
none_clip_26,84,0,164.70441953841765,-0.08565613420756786,0.301368265923158
none_clip_26,85,0,-176.01178716914637,-0.046521724430306194,0.301368265923158
none_clip_26,86,0,-178.52478707023815,-0.04908044926681514,0.301368265923158
none_clip_26,87,0,179.20960706147235,-0.051639174103324095,0.301368265923158
none_clip_26,88,0,177.16270969367787,-0.05419789893983304,0.09780316642366431
none_clip_26,89,0,56.34378330843867,-0.06791826406021065,0.30573261962971743
none_clip_27,0,0,76.62043661052839,-0.09721468988516332,0.0
none_clip_27,1,0,77.19447115235978,-0.10071064273647604,0.12223623407956874
none_clip_27,2,0,77.78202315138518,-0.10420659558778876,0.12223623407956874
none_clip_27,3,0,78.38344773068195,-0.10770254843910149,0.12223623407956874
none_clip_27,4,0,78.99910474514529,-0.11119850129041421,0.12223623407956874
none_clip_27,5,0,79.62935812867366,-0.11469445414172692,0.0010101581849885838
none_clip_27,6,0,75.89924200773946,-0.0835602949334912,0.07514677595755213
none_clip_27,7,0,59.148990934591524,-0.05242613572525547,0.07514677595755215
none_clip_27,8,0,47.511669925449475,-0.04442065164249973,0.0792113313453082
none_clip_27,9,0,27.412199503825533,-0.03641516755974399,0.07921133134530821
none_clip_27,10,0,-2.604856505163896,-0.028409683476988253,0.0792113313453083
none_clip_27,11,0,-30.997580136939078,-0.020404199394232516,0.0792113313453083
none_clip_27,12,0,-48.92938765254639,-0.012398715311476781,0.0792113313453083
none_clip_27,13,0,52.30054914423939,-0.03511567857536229,0.0792113313453083
none_clip_27,14,0,73.21842418614929,-0.05783264183924779,0.0792113313453083
none_clip_27,15,0,78.73038380700642,-0.0805496051031333,0.07921133134530821
none_clip_27,16,0,81.21553933431747,-0.10326656836701881,0.0792113313453082
none_clip_27,17,0,82.06666819976746,-0.10139386681476022,0.06347243701489037
none_clip_27,18,0,85.81194841973918,-0.08397437853813297,0.06356433963764843
none_clip_27,19,0,90.36096357688308,-0.06655489026150571,0.06356433963764843
none_clip_27,20,0,95.92342265988611,-0.04913540198487846,0.06356433963764845
none_clip_27,21,0,102.7330172535184,-0.031715913708251206,0.06356433963764845
none_clip_27,22,0,110.99406978271519,-0.014296425431623965,0.06356433963764845
none_clip_27,23,0,105.56400644955471,-0.024250999661258932,0.06356433963764845
none_clip_27,24,0,95.38557566769936,-0.05349993231762317,0.11090973193889617
none_clip_27,25,0,87.75227690510525,-0.08274886497398741,0.11090973193889617
none_clip_27,26,0,82.00452873356188,-0.11199779763035164,0.11090973193889617
none_clip_27,27,0,81.92257322555407,-0.11048266662182867,0.11090973193889617
none_clip_27,28,0,81.83959788941785,-0.10896753561330567,0.11090973193889617
none_clip_27,29,0,81.75558392498479,-0.1074524046047827,0.11090973193889617
none_clip_27,30,0,81.6705120763383,-0.1059372735962597,0.11090973193889614
none_clip_27,31,0,81.58436261822133,-0.10442214258773673,0.0012719648230980736
none_clip_27,32,0,87.19544918860055,-0.07899199315542656,0.11725129339253121
none_clip_27,33,0,94.47093607363347,-0.0535618437231164,0.11725129339253125
none_clip_27,34,0,103.91057490816594,-0.028131694290806232,0.11725129339253126
none_clip_27,35,0,103.77773578910244,-0.02523547239426448,0.11725129339253126
none_clip_27,36,0,100.32396212376696,-0.033703486996273554,0.11725129339253126
none_clip_27,37,0,97.11617869452878,-0.04217150159828262,0.11725129339253126
none_clip_27,38,0,94.14703358636154,-0.0506395162002917,0.11725129339253126
none_clip_27,39,0,91.40509445455459,-0.059107530802300766,0.037677194478986424
none_clip_27,40,0,88.87643426938877,-0.06757554540430985,0.037677194478986424
none_clip_27,41,0,86.5458679052648,-0.07604356000631891,0.037677194478986424
none_clip_27,42,0,84.39785776894125,-0.08451157460832799,0.03767719447898642
none_clip_27,43,0,82.41713816581101,-0.09297958921033705,0.03767719447898642
none_clip_27,44,0,80.58911755110134,-0.10144760381234612,0.03767719447898644
none_clip_27,45,0,78.38720994853666,-0.10260092028789805,0.03767719447898644
none_clip_27,46,0,107.49217097248456,-0.031307390780046435,0.33678729395818435
none_clip_27,47,0,97.44568585246687,-0.048836092803276644,0.33678729395818435
none_clip_27,48,0,89.43402489293432,-0.06636479482650685,0.33678729395818435
none_clip_27,49,0,83.12600400919847,-0.08389349684973707,0.33678729395818435
none_clip_27,50,0,78.14276576314276,-0.10142219887296727,0.33678729395818435
none_clip_27,51,0,91.58585442585073,-0.07267042555474741,0.1683544105263727
none_clip_27,52,0,112.20629644112151,-0.04391865223652754,0.1683544105263727
none_clip_27,53,0,78.77399408558527,-0.10104732689143246,0.3360684981196742
none_clip_27,54,0,79.3336868830786,-0.10045812287556541,0.3360684981196742
none_clip_27,55,0,79.90894411860305,-0.09986891885969834,0.3360684981196742
none_clip_27,56,0,80.50030324162768,-0.09927971484383129,0.3360684981196742
none_clip_27,57,0,81.10831847578685,-0.09869051082796423,0.3360684981196742
none_clip_27,58,0,80.59419676089527,-0.1023543774205677,0.014048433733277563
none_clip_27,59,0,81.21020808477299,-0.10236150821600627,0.014048433733277563
none_clip_27,60,0,81.85926460261574,-0.10236863901144484,0.014048433733277563
none_clip_27,61,0,82.54391778995891,-0.10237576980688341,0.014048433733277563
none_clip_27,62,0,80.76933894309784,-0.10533261471778128,0.017232766953596622
none_clip_27,63,0,90.94131744343838,-0.08818434996588088,0.11424614309747036
none_clip_27,64,0,104.18591008094994,-0.07103608521398046,0.11424614309747036
none_clip_27,65,0,120.08898895777357,-0.05388782046208005,0.11424614309747036
none_clip_27,66,0,80.3179207310062,-0.10228233522718709,0.3496458505131742
none_clip_27,67,0,80.62839578213172,-0.10513960782617458,0.3496458505131742
none_clip_27,68,0,72.87771364951075,-0.09080989186767852,0.3496458505131742
none_clip_27,69,0,75.28810256372319,-0.09681090283127484,0.3496458505131742
none_clip_27,70,0,77.43860531940945,-0.10281191379487116,0.3496458505131742
none_clip_27,71,0,79.36392329821238,-0.10881292475846749,0.05752549580799895
none_clip_27,72,0,85.37673604449017,-0.11411199925561272,0.09540315261087637
none_clip_27,73,0,35.758447220535786,-0.08446150396170529,0.09540315261087637
none_clip_27,74,0,81.97942483842905,-0.09790230296499654,0.1324745950754759
none_clip_27,75,0,81.02705514487666,-0.10749070719268154,0.1324745950754759
none_clip_27,76,0,80.05520602842884,-0.11707911142036655,0.1324745950754759
none_clip_27,77,0,81.37794572798917,-0.10918039173969868,0.1324745950754759
none_clip_27,78,0,78.29977506794792,-0.104247084521603,0.1324745950754759
none_clip_27,79,0,74.4798300193158,-0.1159893301559691,0.06038025041746586
none_clip_27,80,0,79.12618100749239,-0.1051360993703269,0.06038025041746586
none_clip_27,81,0,84.80140729817188,-0.1028944130146101,0.06038025041746586
none_clip_27,82,0,81.75099885606187,-0.10150028653339402,0.050882747808081545
none_clip_27,83,0,74.97471911869376,-0.12216902145371478,0.050882747808081545
none_clip_27,84,0,77.83978328488043,-0.10172051843494494,0.042958353525769565
none_clip_27,85,0,78.6205056182277,-0.11614640056018288,0.048989745709612266
none_clip_27,86,0,76.85983961244402,-0.07608656924767843,0.14801954321823863
none_clip_27,87,0,77.60067483387627,-0.09438755603140689,0.14801954321823863
none_clip_27,88,0,78.15240925798223,-0.11268854281513534,0.14801954321823863
none_clip_27,89,0,81.02573839000448,-0.10862457952123342,0.14801954321823863
none_clip_29,0,0,-102.41730789514646,-0.09002704710124475,0.0
none_clip_29,1,0,-128.5129128228626,-0.06877891028200792,0.29516205416669844
none_clip_29,2,0,-122.2653330679495,-0.06039034230678072,0.29516205416669844
none_clip_29,3,0,-116.73159366439643,-0.05200177433155352,0.29516205416669844
none_clip_29,4,0,-111.88223537307263,-0.043613206356326324,0.29516205416669844
none_clip_29,5,0,-102.3993006067672,-0.09539417603227202,0.29516205416669844
none_clip_29,6,0,-103.09171743740994,-0.06973178714135024,0.2500945396287651
none_clip_29,7,0,-104.4093664756363,-0.04406939825042847,0.2500945396287651
none_clip_29,8,0,-103.26432091119038,-0.04084440936314587,0.2500945396287651
none_clip_29,9,0,-102.85128147747423,-0.047568416468246555,0.2500945396287651
none_clip_29,10,0,-102.53742567366525,-0.05429242357334724,0.08036005024128651
none_clip_29,11,0,-102.29087115263646,-0.06101643067844792,0.08036005024128651
none_clip_29,12,0,-102.09207346490976,-0.0677404377835486,0.056849154098886995
none_clip_29,13,0,-101.92838592477509,-0.07446444488864928,0.02979071122360692
none_clip_29,14,0,-101.79126401001673,-0.08118845199374997,0.02979071122360692
none_clip_29,15,0,-101.67472718790748,-0.08791245909885065,0.02979071122360692
none_clip_29,16,0,-101.57446445734325,-0.09463646620395133,0.02979071122360692
none_clip_29,17,0,-101.13910479754112,-0.0953140878713156,0.029790711223606894
none_clip_29,18,0,-101.0246116045843,-0.09731972904401111,0.029790711223606894
none_clip_29,19,0,-100.91000151983053,-0.09932537021670661,0.029790711223606894
none_clip_29,20,0,-100.79527528275358,-0.1013310113894021,0.029790711223606894
none_clip_29,21,0,-100.68043363805218,-0.1033366525620976,0.009399827975811544
none_clip_29,22,0,-100.56547733563339,-0.10534229373479312,0.007956499066567906
none_clip_29,23,0,-100.42431508801712,-0.10069519808763511,0.007956499066567906
none_clip_29,24,0,-100.38813761942912,-0.0997330821186513,0.007956499066567906
none_clip_29,25,0,-100.35234483747267,-0.0987709661496675,0.007956499066567887
none_clip_29,26,0,-100.31693066634865,-0.09780885018068369,0.007956499066567858
none_clip_29,27,0,-101.0529038290391,-0.09844698356249627,0.01341265119475137
none_clip_29,28,0,-100.88526209831862,-0.10011270220563034,0.01341265119475137
none_clip_29,29,0,-100.7170201530457,-0.10177842084876441,0.01341265119475137
none_clip_29,30,0,-100.54817768084261,-0.10344413949189848,0.01341265119475137
none_clip_29,31,0,-100.59804739052457,-0.09504887602298585,0.01341265119475137
none_clip_29,32,0,-100.41227883092068,-0.09831711552322982,0.023278130004628823
none_clip_29,33,0,-110.19660573207726,-0.011848325015392885,0.08928888436676552
none_clip_29,34,0,-101.15532251279984,-0.10628006302709991,0.10065510890980683
none_clip_29,35,0,-100.0862318306653,-0.10330154747038017,0.10065510890980683
none_clip_29,36,0,-104.80207836544078,-0.020854901771258417,0.10065510890980683
none_clip_29,37,0,-100.27444644907253,-0.10279130416500944,0.10065510890980683
none_clip_29,38,0,100.03323413858183,-0.028675633460892355,0.12308413965905064
none_clip_29,39,0,-100.0965492130393,-0.10149407452939838,0.12308413965905064
none_clip_29,40,0,-100.00913695205246,-0.10491624794991594,0.12308413965905064
none_clip_29,41,0,-87.59937436448685,-0.033308688192718656,0.14625616039985737
none_clip_29,42,0,-98.88176018925289,-0.06964507702311801,0.14625616039985737
none_clip_29,43,0,-100.51799093699483,-0.10598146585351734,0.14625616039985737
none_clip_29,44,0,-100.79168161436851,-0.08646835308923068,0.14625616039985737
none_clip_29,45,0,-101.11234919702822,-0.08825306394339802,0.14625616039985737
none_clip_29,46,0,-100.32276502988798,-0.1005016034812342,0.07996651946324078
none_clip_29,47,0,-100.26833577902863,-0.07694184146559255,0.07996651946324075
none_clip_29,48,0,-100.20163182379814,-0.05338207944995088,0.025883359944606357
none_clip_29,49,0,-100.11797349896487,-0.029822317434309215,0.025883359944606357
none_clip_29,50,0,-100.84744734017866,-0.08857277226076121,0.04138396006676543
none_clip_29,51,0,-100.58417546332257,-0.10069020312005247,0.04138396006676543
none_clip_29,52,0,-100.04912942525972,-0.09975115532682818,0.04138396006676543
none_clip_29,53,0,-100.66921198850496,-0.08622576759250927,0.04138396006676543
none_clip_29,54,0,-98.44634492768694,-0.05270968111344123,0.04138396006676543
none_clip_29,55,0,-99.47935269767972,-0.0669109628992335,0.0341775124319021
none_clip_29,56,0,-100.37410784854197,-0.08111224468502574,0.0341775124319021
none_clip_29,57,0,-101.15626312413906,-0.09531352647081802,0.0341775124319021
none_clip_29,58,0,-100.2284968322434,-0.09450523364932902,0.0341775124319021
none_clip_29,59,0,-100.19025826497526,-0.09700508205065711,0.014435882450510897
none_clip_29,60,0,-100.15229790868005,-0.09950493045198522,0.014435882450510897
none_clip_29,61,0,-100.11461277107347,-0.10200477885331331,0.014435882450510897
none_clip_29,62,0,-100.17855033378444,-0.0930301098635482,0.014435882450510897
none_clip_29,63,0,-100.1973042596229,-0.09399517232342681,0.014095914993763356
none_clip_29,64,0,-100.21575138426034,-0.09496023478330544,0.014095914993763356
none_clip_29,65,0,-100.23389917146466,-0.09592529724318405,0.014095914993763356
none_clip_29,66,0,-100.51937789974507,-0.09485950282800099,0.014095914993763356
none_clip_29,67,0,-100.334885755943,-0.09398778147425439,0.012235070866259166
none_clip_29,68,0,-99.98229901403106,-0.10205144749585315,0.014908816061426624
none_clip_29,69,0,-100.4552961340614,-0.10037167727129293,0.02319265195241809
none_clip_29,70,0,-100.94770138515902,-0.09869190704673272,0.02319265195241809
none_clip_29,71,0,-101.46065690364483,-0.0970121368221725,0.02319265195241809
none_clip_29,72,0,-103.77451689689157,-0.07308533428255252,0.10431720494095106
none_clip_29,73,0,-103.24386328811812,-0.07037155405146223,0.10431720494095106
none_clip_29,74,0,-102.24231764215915,-0.09560425366464637,0.12365106941340463
none_clip_29,75,0,-102.80348880868237,-0.08698031186115424,0.12365106941340463
none_clip_29,76,0,-103.46562056168754,-0.07835637005766209,0.12365106941340463
none_clip_29,77,0,-101.15437135976731,-0.10130732817526678,0.12365106941340463
none_clip_29,78,0,-101.2149630379837,-0.09472963028321138,0.12365106941340463
none_clip_29,79,0,-103.73559270052144,-0.0805654499404227,0.09754467674624093
none_clip_29,80,0,-102.74096607214986,-0.09840777244866672,0.09754467674624093
none_clip_29,81,0,-102.34165682380161,-0.09454231923444922,0.09754467674624093
none_clip_29,82,0,-101.41875791540657,-0.09306615398958223,0.09055486636564042
none_clip_29,83,0,-103.36518972809195,-0.09406228033915903,0.09055486636564042
none_clip_29,84,0,-101.85879854113382,-0.09822257227273204,0.09055486636564042
none_clip_29,85,0,-105.24237256608927,-0.09199396826812738,0.06974370475838315
none_clip_29,86,0,-102.74696498565132,-0.052264218776826916,0.08713398820765429
none_clip_29,87,0,-103.03217815801054,-0.06377268593277563,0.08713398820765429
none_clip_29,88,0,-104.81728820450482,-0.10668358127708188,0.11722505031584513
none_clip_29,89,0,-102.82580315686593,-0.09554669736809264,0.11722505031584513
none_clip_33,0,0,59.71615242468329,-0.0452403680636166,0.0
none_clip_33,1,0,60.53482996104216,-0.035697590064965805,0.3951143767720032
none_clip_33,2,0,61.19221070433958,-0.026154812066315012,0.3951143767720032
none_clip_33,3,0,61.731556134407654,-0.01661203406766422,0.3951143767720032
none_clip_33,4,0,62.18196330429544,-0.007069256069013425,0.3951143767720032
none_clip_33,5,0,62.56371124068269,0.002473521929637372,0.054869732729583516
none_clip_33,6,0,62.163891750157404,0.007343603240985547,0.054869732729583516
none_clip_33,7,0,61.76671360693789,0.012213684552333723,0.054869732729583516
none_clip_33,8,0,61.37218851536698,0.017083765863681898,0.054869732729583516
none_clip_33,9,0,60.98032701770567,0.021953847175030076,0.054869732729583516
none_clip_33,10,0,60.59113851769835,0.026823928486378247,0.014983128994448548
none_clip_33,11,0,60.20463130466297,0.03169400979772642,0.014983128994448548
none_clip_33,12,0,59.82081257804653,0.036564091109074603,0.014983128994448475
none_clip_33,13,0,59.43968847238266,0.04143417242042278,0.014983128994448475
none_clip_33,14,0,59.06126408259518,0.046304253731770946,0.014983128994448475
none_clip_33,15,0,58.68554348958834,0.05117433504311912,0.014983128994448548
none_clip_33,16,0,58.31252978607175,0.0560444163544673,0.014983128994448548
none_clip_33,17,0,62.21876281870091,0.040863025113148765,0.014983128994448548
none_clip_33,18,0,60.64845949383252,0.03392985994481633,0.016180404459427356
none_clip_33,19,0,59.01073122856711,0.026996694776483893,0.016180404459427356
none_clip_33,20,0,57.303992735855616,0.020063529608151453,0.016180404459427356
none_clip_33,21,0,60.178992780947496,0.04823247974731965,0.024354927348360922
none_clip_33,22,0,56.09569820367891,0.06667487523979429,0.025646230934160155
none_clip_33,23,0,48.789352404513195,0.08511727073226893,0.025646230934160155
none_clip_33,24,0,56.94173173832475,0.03656409029238891,0.06955126373062993
none_clip_33,25,0,59.26911327100403,0.053917641838296504,0.06955126373062993
none_clip_33,26,0,56.07894866560973,0.12082192167869717,0.06955126373062993
none_clip_33,27,0,56.04689845283173,0.07108818484440424,0.06955126373062993
none_clip_33,28,0,56.01480980082505,0.021354448010111313,0.06955126373062993
none_clip_33,29,0,56.611253188826225,0.055493446607922395,0.046695958704599985
none_clip_33,30,0,50.03035317199412,0.08879148288662007,0.0734025817312227
none_clip_33,31,0,54.62392997038959,-0.008329568098531498,0.16311412635467956
none_clip_33,32,0,54.99083922618394,0.03891164326267213,0.16311412635467956
none_clip_33,33,0,51.707383335050075,0.016398729651854127,0.16311412635467956
none_clip_33,34,0,69.60339538889713,-0.034039910213522255,0.48427858349672426
none_clip_33,35,0,71.63226237170866,-0.04216207502679472,0.48427858349672426
none_clip_33,36,0,51.76093823293985,0.0435304401531553,0.48427858349672426
none_clip_33,37,0,51.97569848181763,0.03246487537723294,0.48427858349672426
none_clip_33,38,0,52.17671814883672,0.021399310601310572,0.48427858349672426
none_clip_33,39,0,67.71278395935016,-0.03453125131130716,0.4635070022182243
none_clip_33,40,0,61.444644171461206,-0.0020471019724546125,0.4635070022182243
none_clip_33,41,0,58.12367374827818,0.03043704736639793,0.4635070022182243
none_clip_33,42,0,57.36769665096153,0.02286963112113579,0.4635070022182243
none_clip_33,43,0,56.53220079156598,0.015302214875873651,0.4635070022182243
none_clip_33,44,0,58.862398061057625,0.17947528715342287,0.22608702694262317
none_clip_33,45,0,60.82968314222868,0.04957506253442999,0.22608702694262317
none_clip_33,46,0,48.508300867329474,0.18496330416839152,0.059049189396940184
none_clip_33,47,0,59.72141041859219,0.03140277893695395,0.07693508259237788
none_clip_33,48,0,57.963856939557836,0.06562093025127062,0.07693508259237788
none_clip_33,49,0,64.34246485401408,-0.03928074192779712,0.4054047457262448
none_clip_33,50,0,56.720097413339296,0.04426271700437205,0.4419339860913984
none_clip_33,51,0,61.779982609058976,0.10703172796254982,0.4419339860913984
none_clip_33,52,0,70.49258156010518,0.04586407819138567,0.4419339860913984
none_clip_33,53,0,56.014356054122295,0.11258377838029784,0.4419339860913984
none_clip_33,54,0,67.7815264669076,-0.037839487166053225,0.4514819622435364
none_clip_33,55,0,55.47477039959602,0.029534655255616778,0.4514819622435364
none_clip_33,56,0,56.47924970830126,0.04050277551819185,0.4514819622435364
none_clip_33,57,0,62.36259971416062,0.137837128836594,0.4514819622435364
none_clip_33,58,0,52.00658051837832,-0.005442673342628205,0.4514819622435364
none_clip_33,59,0,59.28313637762562,0.04994066114418144,0.4032076733999477
none_clip_33,60,0,57.609867039433254,0.03777568359551777,0.1396791766764728
none_clip_33,61,0,52.715806560488446,0.004202092039463355,0.1396791766764728
none_clip_33,62,0,58.93659017653536,0.20754182950679478,0.1521193308797047
none_clip_33,63,0,56.279805936031245,0.041059092817526725,0.1521193308797047
none_clip_33,64,0,54.161715358095954,0.05981543882495542,0.1521193308797047
none_clip_33,65,0,54.73951707533814,-0.006008293854520717,0.1521193308797047
none_clip_33,66,0,98.20947526897751,0.02569227797795284,0.1797397562855585
none_clip_33,67,0,62.958201171857176,0.07126755395478306,0.1797397562855585
none_clip_33,68,0,50.43655062136083,0.005637319138159491,0.1797397562855585
none_clip_33,69,0,55.568872696594994,0.03539365999536414,0.1797397562855585
none_clip_33,70,0,56.44100739295761,0.03213912873353165,0.1797397562855585
none_clip_33,71,0,57.31112685258119,0.028884597471699153,0.13550036667500634
none_clip_33,72,0,58.17883827535308,0.02563006620986666,0.13550036667500634
none_clip_33,73,0,59.04375544663664,0.022375534948034168,0.09912968163579537
none_clip_33,74,0,59.90549972468301,0.019121003686201673,0.007776674457165192
none_clip_33,75,0,58.92146407809365,0.016530928168073382,0.008227527575778146
none_clip_33,76,0,58.010193734469176,0.013940852649945087,0.008227527575778208
none_clip_33,77,0,57.164319297473654,0.011350777131816795,0.008227527575778208
none_clip_33,78,0,54.36809249003848,0.0386942479429706,0.008227527575778208
none_clip_33,79,0,51.47592955684957,-0.001899161731209624,0.11962897307637041
none_clip_33,80,0,45.17132124749559,-0.04249257140538984,0.11962897307637041
none_clip_33,81,0,57.75532024101694,-0.011835390200758382,0.2419898073976966
none_clip_33,82,0,60.1429263567742,-0.031006745455346818,0.2419898073976966
none_clip_33,83,0,47.554656956943006,-0.04859375892732487,0.2419898073976966
none_clip_33,84,0,60.142923968283235,0.009387425696523614,0.2419898073976966
none_clip_33,85,0,56.238593237675786,-0.004168734529939048,0.2419898073976966
none_clip_33,86,0,50.09791140865141,-0.01772489475640171,0.17918443636813441
none_clip_33,87,0,39.41878743170192,-0.031281054982864376,0.17918443636813441
none_clip_33,88,0,18.933487044711427,-0.044837215209327035,0.17918443636813441
none_clip_33,89,0,59.9171598617617,-0.004747476779442629,0.19904547464593147
none_clip_34,0,0,91.70801910133324,-0.07371075467903407,0.0
none_clip_34,1,0,92.19497581813566,-0.07222316389060639,0.6323182710988854
none_clip_34,2,0,92.7067384797447,-0.07073557310217872,0.6323182710988854
none_clip_34,3,0,93.24516380886888,-0.06924798231375104,0.6323182710988854
none_clip_34,4,0,93.81228823173302,-0.06776039152532337,0.6323182710988854
none_clip_34,5,0,94.41034858593189,-0.06627280073689569,0.010814505762322523
none_clip_34,6,0,95.0418054585173,-0.06478520994846801,0.010814505762322523
none_clip_34,7,0,95.70936948075799,-0.06329761916004034,0.010814505762322523
none_clip_34,8,0,96.41603093141109,-0.06181002837161266,0.010814505762322523
none_clip_34,9,0,97.16509301891236,-0.060322437583184986,0.010814505762322523
none_clip_34,10,0,97.960209218827,-0.05883484679475731,0.010814505762322523
none_clip_34,11,0,98.80542502746474,-0.05734725600632964,0.010814505762322523
none_clip_34,12,0,99.70522444280131,-0.055859665217901956,0.010814505762322523
none_clip_34,13,0,100.66458138078248,-0.05437207442947428,0.010814505762322523
none_clip_34,14,0,101.6890160512798,-0.05288448364104661,0.010814505762322523
none_clip_34,15,0,102.78465601419803,-0.05139689285261893,0.010814505762322523
none_clip_34,16,0,103.95830115722032,-0.04990930206419125,0.010814505762322523
none_clip_34,17,0,105.21749110572837,-0.04842171127576358,0.010814505762322523
none_clip_34,18,0,106.57057248835882,-0.046934120487335904,0.010814505762322523
none_clip_34,19,0,108.02676190075567,-0.04544652969890823,0.010814505762322523
none_clip_34,20,0,109.59619816052746,-0.043958938910480555,0.010814505762322523
none_clip_34,21,0,111.28997431958244,-0.042471348122052874,0.010814505762322523
none_clip_34,22,0,113.12013567242288,-0.0409837573336252,0.010814505762322483
none_clip_34,23,0,115.09962448220224,-0.039496166545197525,0.010814505762322483
none_clip_34,24,0,117.24214529184522,-0.03800857575676985,0.010814505762322483
none_clip_34,25,0,122.95118030255347,-0.04837946845761107,0.010814505762322483
none_clip_34,26,0,128.6750773941286,-0.058750361158452294,0.010814505762322483
none_clip_34,27,0,134.30143854115983,-0.0691212538592935,0.010814505762322471
none_clip_34,28,0,139.72890744935785,-0.07949214656013473,0.010814505762322431
none_clip_34,29,0,127.51323418005369,-0.06398572053650924,0.006467652557286329
none_clip_34,30,0,108.24433288595611,-0.11922779772286504,0.09986441966849302
none_clip_34,31,0,87.06383230596087,-0.17446987490922083,0.09986441966849302
none_clip_34,32,0,109.60374004660267,-0.16554379375112654,0.09986441966849302
none_clip_34,33,0,123.24211153337104,-0.15661771259303228,0.09986441966849302
none_clip_34,34,0,122.19362474616544,-0.14767866484565753,0.09986441966849302
none_clip_34,35,0,121.06968831706158,-0.1387396170982828,0.09986441966849302
none_clip_34,36,0,119.86282005664665,-0.12980056935090806,0.05268732922003245
none_clip_34,37,0,118.56468857783993,-0.12086152160353329,0.0526873292200324
none_clip_34,38,0,117.16603154382467,-0.11192247385615856,0.018881420082390552
none_clip_34,39,0,115.6565785510973,-0.10298342610878379,0.018881420082390552
none_clip_34,40,0,114.02498667539264,-0.09404437836140905,0.018881420082390563
none_clip_34,41,0,112.25880084573443,-0.08510533061403432,0.018881420082390563
none_clip_34,42,0,110.34445688158193,-0.07616628286665957,0.018881420082390563
none_clip_34,43,0,108.26735250787395,-0.06722723511928483,0.018881420082390563
none_clip_34,44,0,106.012021019573,-0.05828818737191007,0.018881420082390563
none_clip_34,45,0,103.56245304932517,-0.049349139624535326,0.018881420082390563
none_clip_34,46,0,100.90262261195173,-0.04041009187716058,0.018881420082390563
none_clip_34,47,0,98.01728097944647,-0.031471044129785825,0.018881420082390563
none_clip_34,48,0,122.46292164712628,-0.0001484809275495875,0.07717098001979893
none_clip_34,49,0,124.47360512029223,-0.00424176077229983,0.07717098001979893
none_clip_34,50,0,127.49466175085799,-0.008335040617050071,0.07717098001979893
none_clip_34,51,0,132.50193710461573,-0.012428320461800313,0.07717098001979893
none_clip_34,52,0,142.1531872728121,-0.016521600306550557,0.07717098001979893
none_clip_34,53,0,165.21412345958262,-0.020614880151300797,0.016659916095963883
none_clip_34,54,0,-144.10281727297726,-0.024708159996051037,0.016659916095963883
none_clip_34,55,0,-106.33319669215264,-0.02880143984080128,0.016659916095963883
none_clip_34,56,0,-91.45395855077237,-0.03289471968555152,0.016659916095963883
none_clip_34,57,0,-84.53314731275759,-0.03698799953030176,0.016659916095963883
none_clip_34,58,0,-80.64534744141775,-0.04108127937505201,0.016659916095963883
none_clip_34,59,0,-78.17643026785262,-0.04517455921980225,0.016659916095963873
none_clip_34,60,0,-80.85719883152255,-0.049385169007166406,0.03947801410802862
none_clip_34,61,0,-79.98018470807669,-0.05083342349308344,0.03947801410802862
none_clip_34,62,0,-78.64316037411753,-0.052281677979000477,0.03947801410802862
none_clip_34,63,0,-76.35932140993401,-0.05372993246491751,0.03947801410802862
none_clip_34,64,0,-71.60030630886968,-0.05517818695083455,0.03947801410802862
none_clip_34,65,0,-56.31070339284926,-0.05662644143675158,0.008806755989557482
none_clip_34,66,0,32.94362768668969,-0.05807469592266862,0.008806755989557482
none_clip_34,67,0,75.82609801673514,-0.05952295040858565,0.008806755989557482
none_clip_34,68,0,84.13259590450689,-0.06097120489450268,0.008806755989557482
none_clip_34,69,0,87.43498354082384,-0.06241945938041972,0.008806755989557482
none_clip_34,70,0,89.19625818273195,-0.06386771386633676,0.008806755989557482
none_clip_34,71,0,90.28915207945667,-0.06531596835225378,0.008806755989557482
none_clip_34,72,0,91.03295131095524,-0.06676422283817082,0.008806755989557482
none_clip_34,73,0,91.57171725355498,-0.06821247732408786,0.008806755989557482
none_clip_34,74,0,91.97989233533048,-0.0696607318100049,0.008806755989557482
none_clip_34,75,0,92.29979487201237,-0.07110898629592192,0.008806755989557482
none_clip_34,76,0,92.55725073514311,-0.07255724078183896,0.008806755989557482
none_clip_34,77,0,92.76891089722626,-0.074005495267756,0.008806755989557482
none_clip_34,78,0,92.94599191388363,-0.07545374975367303,0.008806755989557482
none_clip_34,79,0,93.09632501976408,-0.07690200423959007,0.008806755989557482
none_clip_34,80,0,93.22554334216534,-0.0783502587255071,0.008806755989557482
none_clip_34,81,0,136.99717286937897,-0.0867823583434077,0.1308963753752717
none_clip_34,82,0,-120.95789633786926,-0.09521445796130827,0.1308963753752717
none_clip_34,83,0,102.86062366706935,-0.09978002849027233,0.3300555409201703
none_clip_34,84,0,102.86062366706935,-0.09978002849027233,0.3300555409201703
none_clip_34,85,0,102.86062366706935,-0.09978002849027233,0.3300555409201703
none_clip_34,86,0,102.86062366706935,-0.09978002849027233,0.3300555409201703
none_clip_34,87,0,102.86062366706935,-0.09978002849027233,0.3300555409201703
none_clip_34,88,0,102.86062366706935,-0.09978002849027233,0.0
none_clip_34,89,0,102.86062366706935,-0.09978002849027233,0.0
none_clip_35,0,0,-15.377731588799824,-0.24563837906936206,0.0
none_clip_35,1,0,-15.377731588799824,-0.24563837906936206,0.3109698250233916
none_clip_35,2,0,-15.377731588799824,-0.24563837906936206,0.3109698250233916
none_clip_35,3,0,-15.377731588799824,-0.24563837906936206,0.3109698250233916
none_clip_35,4,0,-15.377731588799824,-0.24563837906936206,0.3109698250233916
none_clip_35,5,0,-15.377731588799824,-0.24563837906936206,0.0
none_clip_35,6,0,-15.377731588799824,-0.24563837906936206,0.0
none_clip_35,7,0,-15.377731588799824,-0.24563837906936206,0.0
none_clip_35,8,0,-15.377731588799824,-0.24563837906936206,0.0
none_clip_35,9,0,-15.377731588799824,-0.24563837906936206,0.0
none_clip_35,10,0,-15.377731588799824,-0.24563837906936206,0.0
none_clip_35,11,0,-15.377731588799824,-0.24563837906936206,0.0
none_clip_35,12,0,-15.377731588799824,-0.24563837906936206,0.0
none_clip_35,13,0,-15.377731588799824,-0.24563837906936206,0.0
none_clip_35,14,0,-15.377731588799824,-0.24563837906936206,0.0
none_clip_35,15,0,-15.377731588799824,-0.24563837906936206,0.0
none_clip_35,16,0,-15.377731588799824,-0.24563837906936206,0.0
none_clip_35,17,0,-15.377731588799824,-0.24563837906936206,0.0
none_clip_35,18,0,-15.377731588799824,-0.24563837906936206,0.0
none_clip_35,19,0,-15.377731588799824,-0.24563837906936206,0.0
none_clip_35,20,0,-15.377731588799824,-0.24563837906936206,0.0
none_clip_35,21,0,-15.377731588799824,-0.24563837906936206,0.0
none_clip_35,22,0,-15.377731588799824,-0.24563837906936206,0.0
none_clip_35,23,0,-15.327764473460977,-0.24602811423298152,0.003376759378851261
none_clip_35,24,0,-15.27825850018904,-0.246417849396601,0.003376759378851371
none_clip_35,25,0,-15.229207387454142,-0.24680758456022045,0.003376759378851371
none_clip_35,26,0,-15.18060496596067,-0.24719731972383993,0.003376759378851371
none_clip_35,27,0,-15.132445176182019,-0.24758705488745936,0.003376759378851371
none_clip_35,28,0,-15.084722065959365,-0.24797679005107884,0.003376759378851371
none_clip_35,29,0,-15.037429788162953,-0.2483665252146983,0.003376759378851371
none_clip_35,30,0,-14.990562598412936,-0.24875626037831777,0.003376759378851371
none_clip_35,31,0,-14.944114852858375,-0.24914599554193723,0.003376759378851371
none_clip_35,32,0,-15.00452265351304,-0.24701068726872671,0.003376759378851371
none_clip_35,33,0,-15.06739206499882,-0.2448753789955162,0.003376759378851371
none_clip_35,34,0,-15.132876521236762,-0.2427400707223057,0.003376759378851371
none_clip_35,35,0,-15.201142463943738,-0.24060476244909518,0.003376759378851261
none_clip_35,36,0,-13.514073757702672,-0.23935828292698597,0.043231562284016395
none_clip_35,37,0,-11.913302284008626,-0.23811180340487675,0.04323156228401642
none_clip_35,38,0,-12.730024790900535,-0.23770764816866097,0.04323156228401642
none_clip_35,39,0,-13.556864481449844,-0.23730349293244515,0.04323156228401642
none_clip_35,40,0,-14.393659784617254,-0.23689933769622934,0.04323156228401642
none_clip_35,41,0,-15.240228235474994,-0.23649518246001353,0.04323156228401642
none_clip_35,42,0,-16.09636602268282,-0.23609102722379774,0.009851266610993973
none_clip_35,43,0,-16.961847618476604,-0.23568687198758193,0.009851266610993973
none_clip_35,44,0,-17.836425499890918,-0.2352827167513661,0.009851266610993973
none_clip_35,45,0,-18.719829969644827,-0.2348785615151503,0.009851266610993973
none_clip_35,46,0,-19.611769084677658,-0.2344744062789345,0.009851266610993973
none_clip_35,47,0,-18.671365643879486,-0.22875932557212691,0.01449346007003405
none_clip_35,48,0,-17.672233338443988,-0.22304424486531932,0.01449346007003405
none_clip_35,49,0,-16.609361857812978,-0.21732916415851172,0.01449346007003405
none_clip_35,50,0,-15.477257339917639,-0.21161408345170413,0.01449346007003405
none_clip_35,51,0,-14.269903989679928,-0.20589900274489653,0.01449346007003405
none_clip_35,52,0,-12.980728182623988,-0.20018392203808894,0.01449346007003405
none_clip_35,53,0,-11.60256805433757,-0.19446884133128134,0.01449346007003405
none_clip_35,54,0,-10.1276528595683,-0.18875376062447374,0.01449346007003405
none_clip_35,55,0,-8.547598069261701,-0.18303867991766617,0.01449346007003405
none_clip_35,56,0,-6.853424326180392,-0.17732359921085858,0.01449346007003405
none_clip_35,57,0,-5.0356110329668535,-0.17160851850405098,0.01449346007003405
none_clip_35,58,0,-3.084198455906283,-0.1658934377972434,0.01449346007003405
none_clip_35,59,0,-0.9889555982330236,-0.1601783570904358,0.01449346007003405
none_clip_35,60,0,1.26036572421546,-0.1544632763836282,0.01449346007003405
none_clip_35,61,0,3.6736680375487594,-0.1487481956768206,0.01449346007003405
none_clip_35,62,0,6.260014343958591,-0.143033114970013,0.01449346007003405
none_clip_35,63,0,9.026985817202508,-0.1373180342632054,0.014493460070034101
none_clip_35,64,0,11.979885626810658,-0.1316029535563978,0.014493460070034101
none_clip_35,65,0,15.120805324274821,-0.12588787284959022,0.014493460070034101
none_clip_35,66,0,18.447603649285757,-0.12017279214278262,0.014493460070034101
none_clip_35,67,0,21.9528913124713,-0.11445771143597504,0.014493460070034101
none_clip_35,68,0,25.623162674705487,-0.10874263072916744,0.01449346007003405
none_clip_35,69,0,29.438252721631443,-0.10302755002235985,0.01449346007003405
none_clip_35,70,0,33.371306033249944,-0.09731246931555225,0.014493460070034075
none_clip_35,71,0,37.389404583609675,-0.09159738860874465,0.014493460070034075
none_clip_35,72,0,41.45490516352414,-0.08588230790193706,0.014493460070034075
none_clip_35,73,0,45.5273986270914,-0.08016722719512946,0.014493460070034075
none_clip_35,74,0,49.56605966419417,-0.07445214648832188,0.014493460070034075
none_clip_35,75,0,53.532056981427516,-0.06873706578151428,0.01449346007003405
none_clip_35,76,0,57.39067794471996,-0.06302198507470669,0.01449346007003405
none_clip_35,77,0,61.1128952940342,-0.05730690436789909,0.01449346007003405
none_clip_35,78,0,64.67623735251584,-0.051591823661091496,0.01449346007003405
none_clip_35,79,0,-118.64149107537533,-0.1540220040864994,0.05489504448059974
none_clip_35,80,0,-119.08259729414809,-0.1358327472070944,0.05489504448059974
none_clip_35,81,0,-119.63412053210409,-0.1176434903276894,0.05489504448059974
none_clip_35,82,0,-120.34329674588808,-0.09945423344828438,0.05489504448059974
none_clip_35,83,0,-103.30135228906379,-0.07417982998169488,0.05489504448059974
none_clip_35,84,0,57.01054153480844,-0.04890542651510538,0.005720353810043642
none_clip_35,85,0,152.3801987560555,-0.014717281799938978,0.2664522321183203
none_clip_35,86,0,80.66583849608354,-0.03591602114572717,0.2664522321183203
none_clip_35,87,0,54.13201097378757,-0.05711476049151537,0.2664522321183203
none_clip_35,88,0,54.13201097378757,-0.05711476049151537,0.2664522321183203
none_clip_32,0,0,147.24829090492025,-0.14199174541050744,0.0
none_clip_32,1,0,153.15837217539067,-0.12032075208998798,0.6411472793029844
none_clip_32,2,0,167.95773751181204,-0.09864975876946852,0.6411472793029844
none_clip_32,3,0,-139.80494111885199,-0.07697876544894906,0.6411472793029844
none_clip_32,4,0,-81.97618096821742,-0.055307772128429605,0.6411472793029844
none_clip_32,5,0,153.54883499654238,-0.16522039938627128,0.4126118889638513
none_clip_32,6,0,139.56166442946457,-0.1095651324047786,0.4126118889638513
none_clip_32,7,0,87.8298387420701,-0.0539098654232859,0.4126118889638513
none_clip_32,8,0,-161.66695079090934,-0.08711568458994626,0.4126118889638513
none_clip_32,9,0,-179.44367594267138,-0.09562886892241088,0.4126118889638513
none_clip_32,10,0,170.32003674617982,-0.1041420532548755,0.17414778793366892
none_clip_32,11,0,164.0449485540059,-0.11265523758734011,0.17414778793366892
none_clip_32,12,0,159.89687289998156,-0.12116842191980473,0.17414778793366892
none_clip_32,13,0,156.97922113861327,-0.12968160625226935,0.018655586107914592
none_clip_32,14,0,154.8255046225076,-0.13819479058473397,0.018655586107914592
none_clip_32,15,0,153.1747173309979,-0.14670797491719859,0.018655586107914592
none_clip_32,16,0,151.87111379374429,-0.1552211592496632,0.018655586107914592
none_clip_32,17,0,150.32850648694813,-0.1494509464945394,0.018655586107914592
none_clip_32,18,0,150.69667591952438,-0.15036729896782053,0.018655586107914592
none_clip_32,19,0,151.06604845155525,-0.15128365144110167,0.018655586107914592
none_clip_32,20,0,151.43659913856584,-0.1522000039143828,0.018655586107914592
none_clip_32,21,0,151.80830248253426,-0.15311635638766394,0.00678681194999077
none_clip_32,22,0,152.18113243852196,-0.15403270886094506,0.002626295785568166
none_clip_32,23,0,152.5550624218977,-0.1549490613342262,0.002626295785568166
none_clip_32,24,0,152.93006531615436,-0.15586541380750732,0.002626295785568166
none_clip_32,25,0,153.30611348132143,-0.15678176628078846,0.002626295785568166
none_clip_32,26,0,153.68317876296905,-0.15769811875406958,0.002626295785568166
none_clip_32,27,0,93.45895335611687,-0.1164601464097119,0.17640239362172708
none_clip_32,28,0,109.23733688435046,-0.12624384880493597,0.17640239362172708
none_clip_32,29,0,125.54379789614093,-0.13602755120016005,0.17640239362172708
none_clip_32,30,0,140.01547939776466,-0.14581125359538413,0.17640239362172708
none_clip_32,31,0,151.53191448717013,-0.1555949559906082,0.17640239362172708
none_clip_32,32,0,156.34830548524542,-0.1436705546200537,0.042903385484221485
none_clip_32,33,0,161.75584937792567,-0.13174615324949923,0.042903385484221485
none_clip_32,34,0,167.75592534216455,-0.11982175187894474,0.042903385484221485
none_clip_32,35,0,155.8546548629283,-0.13260216166011668,0.04368062827970823
none_clip_32,36,0,155.70014896595404,-0.1349211704206716,0.04368062827970823
none_clip_32,37,0,155.54448214930127,-0.1372401791812265,0.04368062827970823
none_clip_32,38,0,155.38764360354295,-0.1395591879417814,0.04368062827970823
none_clip_32,39,0,155.22962242615424,-0.1418781967023363,0.04368062827970823
none_clip_32,40,0,155.07040762154108,-0.14419720546289125,0.00554195587543967
none_clip_32,41,0,154.90998810111043,-0.14651621422344616,0.00554195587543967
none_clip_32,42,0,154.74835268338487,-0.14883522298400106,0.00554195587543967
none_clip_32,43,0,154.58549009416316,-0.15115423174455597,0.00554195587543967
none_clip_32,44,0,151.39371550348642,-0.1526590171636144,0.026701670787486347
none_clip_32,45,0,149.8309851474951,-0.14718926054518983,0.026701670787486347
none_clip_32,46,0,156.4107427598299,-0.15699809229167272,0.04964009194910326
none_clip_32,47,0,155.06448750963088,-0.15520549136217454,0.04964009194910326
none_clip_32,48,0,153.73120586480061,-0.15341289043267636,0.04964009194910326
none_clip_32,49,0,152.41213296826626,-0.15162028950317816,0.04964009194910326
none_clip_32,50,0,151.10841764272976,-0.14982768857367998,0.04964009194910326
none_clip_32,51,0,155.51575060594993,-0.16019867683422717,0.024668815477712346
none_clip_32,52,0,151.88514730369732,-0.16203270868621186,0.024668815477712346
none_clip_32,53,0,151.1355104151595,-0.1484452427405926,0.024668815477712346
none_clip_32,54,0,150.72824503151298,-0.15041298276437934,0.024668815477712346
none_clip_32,55,0,150.3231334930519,-0.1523807227881661,0.024668815477712346
none_clip_32,56,0,149.92019894039845,-0.15434846281195286,0.024074817393717227
none_clip_32,57,0,149.51946340492086,-0.1563162028357396,0.024074817393717227
none_clip_32,58,0,152.07975998169852,-0.15041675855206904,0.01997853619038933
none_clip_32,59,0,152.44216798768662,-0.15585607962922646,0.01997853619038933
none_clip_32,60,0,152.79393003878866,-0.1612954007063839,0.01997853619038933
none_clip_32,61,0,153.13548305552095,-0.16673472178354132,0.01997853619038933
none_clip_32,62,0,148.42570202478942,-0.15254696420421957,0.020400183143491856
none_clip_32,63,0,150.01690380258526,-0.15378125365541934,0.020400183143491856
none_clip_32,64,0,151.626961432638,-0.15501554310661914,0.020400183143491856
none_clip_32,65,0,153.2536275965883,-0.1562498325578189,0.020400183143491856
none_clip_32,66,0,152.19770570216204,-0.15038394047240894,0.020400183143491856
none_clip_32,67,0,156.28332152136844,-0.16348472486714621,0.010672907974513054
none_clip_32,68,0,151.82946088813355,-0.14606358996064725,0.015960284650553443
none_clip_32,69,0,152.56447893184873,-0.15415163534229726,0.015960284650553443
none_clip_32,70,0,153.28044963713708,-0.16223968072394726,0.015960284650553443
none_clip_32,71,0,153.97788882581094,-0.17032772610559727,0.015960284650553443
none_clip_32,72,0,144.47222995923923,-0.07472805773585377,0.24275085901132878
none_clip_32,73,0,145.27074123158846,-0.09147070751075144,0.24275085901132878
none_clip_32,74,0,152.008877404249,-0.1590950703188127,0.24275085901132878
none_clip_32,75,0,152.00663046883983,-0.1505508174342651,0.24275085901132878
none_clip_32,76,0,152.00424198047662,-0.1420065645497175,0.24275085901132878
none_clip_32,77,0,152.518770419156,-0.1364308260987741,0.253873536739752
none_clip_32,78,0,155.10792068710293,-0.15066916467651478,0.253873536739752
none_clip_32,79,0,146.72514404544458,-0.12315638786623133,0.253873536739752
none_clip_32,80,0,147.85200910627393,-0.13502249154709034,0.253873536739752
none_clip_32,81,0,154.3373820586357,-0.15720514829007465,0.253873536739752
none_clip_32,82,0,154.64532296394364,-0.17182974156190758,0.23143218711333247
none_clip_32,83,0,153.19129277343077,-0.1265513952787103,0.23143218711333247
none_clip_32,84,0,149.88484428361016,-0.15088134472941306,0.19509867758392702
none_clip_32,85,0,147.74085799709843,-0.1216012562677235,0.19509867758392702
none_clip_32,86,0,147.2235819836301,-0.09536551710525026,0.19509867758392702
none_clip_32,87,0,145.59276464975605,-0.06912977794277701,0.19509867758392702
none_clip_32,88,0,148.95329575143845,-0.12327681779248671,0.1328344164876324
none_clip_32,89,0,156.0886916565145,-0.15793710522353877,0.1675600094016075
none_clip_25,0,0,111.43358762645721,-0.05688724672610583,0.0
none_clip_25,1,0,110.21194155605754,-0.05920408597966678,0.33595703381159364
none_clip_25,2,0,109.03656458133685,-0.06152092523322773,0.33595703381159364
none_clip_25,3,0,107.90581166056788,-0.06383776448678868,0.33595703381159364
none_clip_25,4,0,106.81802105133872,-0.06615460374034964,0.33595703381159364
none_clip_25,5,0,105.77153081429618,-0.06847144299391059,0.00894664675360069
none_clip_25,6,0,103.01210292394549,-0.07306663252609784,0.015810965643135368
none_clip_25,7,0,100.14941077085984,-0.07766182205828506,0.0158109656431354
none_clip_25,8,0,97.19260014939442,-0.08225701159047231,0.015810965643135413
none_clip_25,9,0,94.15341767217514,-0.08685220112265955,0.015810965643135413
none_clip_25,10,0,91.04611077547538,-0.09144739065484679,0.015810965643135413
none_clip_25,11,0,87.8871592673814,-0.09604258018703403,0.015810965643135413
none_clip_25,12,0,84.69483713522646,-0.10063776971922127,0.015810965643135413
none_clip_25,13,0,81.48862537811253,-0.1052329592514085,0.0158109656431354
none_clip_25,14,0,78.28851856101616,-0.10982814878359576,0.015810965643135413
none_clip_25,15,0,75.11428470628704,-0.114423338315783,0.015810965643135413
none_clip_25,16,0,71.98474587394794,-0.11901852784797023,0.015810965643135413
none_clip_25,17,0,55.148692703053904,-0.10145122522160925,0.021887741877826394
none_clip_25,18,0,76.51169783708934,-0.11273296689723124,0.021887741877826394
none_clip_25,19,0,105.02251364258007,-0.12401470857285321,0.021887741877826394
none_clip_25,20,0,129.952275783855,-0.1352964502484752,0.021887741877826394
none_clip_25,21,0,145.95017661040671,-0.14657819192409716,0.021887741877826394
none_clip_25,22,0,155.64980992035413,-0.15785993359971917,0.01984325355288162
none_clip_25,23,0,161.82720971012685,-0.16914167527534113,0.01984325355288162
none_clip_25,24,0,163.1768829634096,-0.1616657310493489,0.01984325355288162
none_clip_25,25,0,164.48715218166225,-0.1541897868233566,0.019843253552881617
none_clip_25,26,0,165.75840704281262,-0.14671384259736436,0.019843253552881617
none_clip_25,27,0,149.9517195737588,-0.18158335507723675,0.03809563665245605
none_clip_25,28,0,151.61272422512127,-0.18637185613137788,0.03809563665245605
none_clip_25,29,0,153.27366454530488,-0.19116035718551905,0.03809563665245605
none_clip_25,30,0,154.93175382323074,-0.19594885823966018,0.03809563665245605
none_clip_25,31,0,162.90548645324674,-0.1590494728188218,0.03809563665245605
none_clip_25,32,0,62.01089357226385,-0.03094376371336684,0.1180525854264366
none_clip_25,33,0,105.0567192917257,-0.0847909580258487,0.1180525854264366
none_clip_25,34,0,134.9688330503251,-0.13863815233833054,0.1180525854264366
none_clip_25,35,0,149.0440285886034,-0.19248534665081243,0.1180525854264366
none_clip_25,36,0,134.48200985417162,-0.11195919653086142,0.1180525854264366
none_clip_25,37,0,104.76348630413248,-0.0314330464109104,0.05481189701639382
none_clip_25,38,0,72.0209042271134,-0.024609839540886407,0.05481189701639382
none_clip_25,39,0,47.81878358531948,-0.01778663267086241,0.05481189701639382
none_clip_25,40,0,76.46042927522257,-0.06716443998202945,0.05481189701639382
none_clip_25,41,0,113.94111471356617,-0.11654224729319648,0.05481189701639382
none_clip_25,42,0,138.96971563179528,-0.16592005460436351,0.03474020018173139
none_clip_25,43,0,151.93436601532204,-0.21529786191553055,0.03474020018173137
none_clip_25,44,0,166.2183902438454,-0.1704295027636249,0.03463100756133019
none_clip_25,45,0,169.86738114934835,-0.15134736752889916,0.03463100756133019
none_clip_25,46,0,149.6839327051022,-0.17541172646852482,0.03463100756133019
none_clip_25,47,0,154.14402030976507,-0.17467655152265132,0.03463100756133019
none_clip_25,48,0,158.65070310898324,-0.17394137657677783,0.03126668544184946
none_clip_25,49,0,163.1487643119323,-0.17320620163090433,0.03007081335515525
none_clip_25,50,0,167.58361301409434,-0.17247102668503084,0.01735993117841226
none_clip_25,51,0,158.10264617661815,-0.17461322149574693,0.05419131135055014
none_clip_25,52,0,19.378593376106302,-0.08395757091034277,0.17847394791907428
none_clip_25,53,0,149.5090871645251,-0.16118185440342353,0.17847394791907428
none_clip_25,54,0,156.09179537151726,-0.15686446423219275,0.17847394791907428
none_clip_25,55,0,163.02299424044355,-0.15254707406096196,0.17847394791907428
none_clip_25,56,0,170.11765336620505,-0.1482296838897312,0.17847394791907428
none_clip_25,57,0,177.16297978208283,-0.14391229371850042,0.1604790703382856
none_clip_25,58,0,164.8783673226762,-0.15227021763433865,0.03767849697885194
none_clip_25,59,0,163.27321739062637,-0.15774825246050264,0.03767849697885194
none_clip_25,60,0,161.75468446872847,-0.1632262872866666,0.03767849697885194
none_clip_25,61,0,160.31791017603908,-0.1687043221128306,0.03767849697885194
none_clip_25,62,0,165.56154280599029,-0.1457916583928806,0.04124524702134139
none_clip_25,63,0,145.8373406288507,-0.12588224864133693,0.06593802619802396
none_clip_25,64,0,56.83060636491492,-0.10597283888979325,0.06593802619802396
none_clip_25,65,0,21.45383308639733,-0.08606342913824959,0.06593802619802396
none_clip_25,66,0,165.30015017319454,-0.15231031327382993,0.17558116108280322
none_clip_25,67,0,150.13109882150954,-0.12894117590764148,0.17558116108280322
none_clip_25,68,0,163.5190800498959,-0.16304795932049382,0.17558116108280322
none_clip_25,69,0,149.454304352046,-0.1482431922711858,0.17558116108280322
none_clip_25,70,0,91.49539414078087,-0.1334384252218778,0.17558116108280322
none_clip_25,71,0,31.598409839831405,-0.11863365817256975,0.07495109197756027
none_clip_25,72,0,65.63160307993995,-0.11813224255353322,0.07495109197756027
none_clip_25,73,0,104.60845437061089,-0.11763082693449668,0.07495109197756027
none_clip_25,74,0,126.52425329502175,-0.11712941131546015,0.07495109197756027
none_clip_25,75,0,103.52686934581884,-0.11121347970189766,0.07495109197756027
none_clip_25,76,0,69.47152974172467,-0.10529754808833516,0.03325550001654113
none_clip_25,77,0,41.026982937585196,-0.09938161647477267,0.03325550001654113
none_clip_25,78,0,57.42216583066507,-0.1186336126887965,0.04316242806577519
none_clip_25,79,0,81.66429488233443,-0.07240049982949151,0.06887538126018956
none_clip_25,80,0,108.72169867083717,-0.026167386970186533,0.0688753812601896
none_clip_25,81,0,-50.114267346170664,-0.10957705682974955,0.19339421948043758
none_clip_25,82,0,86.23246194751928,-0.06546109388406755,0.19339421948043758
none_clip_25,83,0,95.90368351403305,-0.06225960694378324,0.19339421948043758
none_clip_25,84,0,108.11129853370085,-0.059058120003498936,0.19339421948043758
none_clip_25,85,0,113.96891330924991,-0.04779708414018155,0.19339421948043758
none_clip_25,86,0,135.84479638855484,-0.03653604827686416,0.07633089134222978
none_clip_25,87,0,-126.39667015694538,-0.02527501241354677,0.07633089134222978
none_clip_25,88,0,-98.21925062303501,-0.014013976550229379,0.07633089134222978
none_clip_25,89,0,93.11886493055854,-0.06856220877472197,0.36381675812196634
none_clip_22,0,0,112.52949622753795,-0.05835175037819336,0.0
none_clip_22,1,0,111.48106590526089,-0.05892432174655364,0.43650863291673325
none_clip_22,2,0,110.512848721431,-0.05949689311491393,0.43650863291673325
none_clip_22,3,0,109.61647303846632,-0.060069464483274215,0.43650863291673325
none_clip_22,4,0,108.7846227257464,-0.0606420358516345,0.43650863291673325
none_clip_22,5,0,108.01088828457613,-0.061214607219994784,0.003850202726658954
none_clip_22,6,0,106.13079076323679,-0.06309127570146565,0.041860524141957164
none_clip_22,7,0,104.40198135619285,-0.06496794418293653,0.04186052414195719
none_clip_22,8,0,102.8097023557489,-0.0668446126644074,0.04186052414195719
none_clip_22,9,0,101.34058495941248,-0.06872128114587828,0.04186052414195721
none_clip_22,10,0,99.98259615527425,-0.07059794962734915,0.04186052414195721
none_clip_22,11,0,98.7249518961776,-0.07247461810882001,0.04186052414195721
none_clip_22,12,0,97.5580139892849,-0.07435128659029089,0.04186052414195721
none_clip_22,13,0,96.47318189041538,-0.07622795507176176,0.04186052414195721
none_clip_22,14,0,95.46278627320439,-0.07810462355323264,0.04186052414195721
none_clip_22,15,0,94.51998833355174,-0.07998129203470351,0.04186052414195721
none_clip_22,16,0,93.6386868809169,-0.08185796051617439,0.04186052414195721
none_clip_22,17,0,94.01586958563988,-0.1018263391542859,0.04186052414195721
none_clip_22,18,0,100.8764721157448,-0.09075526757786173,0.04186052414195721
none_clip_22,19,0,108.95051023041385,-0.07968419600143756,0.04186052414195721
none_clip_22,20,0,118.18433240707778,-0.06861312442501338,0.04186052414195721
none_clip_22,21,0,128.2786184807077,-0.05754205284858921,0.03614706591973651
none_clip_22,22,0,94.29295769305433,-0.0579288723378681,0.13189246796722032
none_clip_22,23,0,93.39739849280868,-0.05738043846702105,0.13189246796722032
none_clip_22,24,0,118.91163838704152,-0.060078535180480196,0.13189246796722032
none_clip_22,25,0,109.58932582036843,-0.05785285778551948,0.13189246796722032
none_clip_22,26,0,100.77906791373096,-0.055627180390558764,0.13189246796722032
none_clip_22,27,0,92.80785348277335,-0.05340150299559805,0.08219835701213053
none_clip_22,28,0,99.73999083608129,-0.07210008633722954,0.08219835701213053
none_clip_22,29,0,109.33499699662973,-0.05508264158873996,0.03599148859102946
none_clip_22,30,0,93.29868831969938,-0.05347495391958997,0.047269771748434414
none_clip_22,31,0,93.5142899609642,-0.05663837345645102,0.047269771748434414
none_clip_22,32,0,93.72233983033976,-0.059801792993312064,0.047269771748434414
none_clip_22,33,0,93.88967908650113,-0.057248995453676274,0.047269771748434414
none_clip_22,34,0,92.12819072054312,-0.05505204371922895,0.05072374583521619
none_clip_22,35,0,91.75971220546744,-0.05088120184410619,0.05072374583521619
none_clip_22,36,0,94.01179309975451,-0.0647811673313754,0.05978311273614015
none_clip_22,37,0,93.49041745314169,-0.05913429261465802,0.05978311273614015
none_clip_22,38,0,94.16197630393565,-0.06365832904310764,0.05978311273614015
none_clip_22,39,0,93.96980495324861,-0.05902219209087887,0.05978311273614015
none_clip_22,40,0,93.36597834956221,-0.05461959050626312,0.05978311273614015
none_clip_22,41,0,93.82657535581325,-0.05849152511956386,0.024905155063704297
none_clip_22,42,0,92.7920136259849,-0.05445120333800442,0.030865884330220302
none_clip_22,43,0,91.65662620536338,-0.05041088155644497,0.030865884330220302
none_clip_22,44,0,98.4225742593078,-0.14594885256525456,0.2930559898980469
none_clip_22,45,0,108.25145230961773,-0.1801416747676967,0.2930559898980469
none_clip_22,46,0,91.42251735108523,-0.050241145626671334,0.2930559898980469
none_clip_22,47,0,92.13226035521474,-0.04909825396919128,0.2930559898980469
none_clip_22,48,0,92.78891559746137,-0.047955362311711214,0.2930559898980469
none_clip_22,49,0,93.39806997235773,-0.04681247065423116,0.2848804180943407
none_clip_22,50,0,94.48437092098663,-0.11981277626836115,0.2848804180943407
none_clip_22,51,0,93.46172335822666,-0.05309525708418046,0.32424669909137066
none_clip_22,52,0,95.35642433262446,-0.0698031057643788,0.32424669909137066
none_clip_22,53,0,92.68074062051153,-0.1070015884604913,0.32424669909137066
none_clip_22,54,0,94.2553854921645,-0.06482670542021643,0.32424669909137066
none_clip_22,55,0,102.0620100393631,-0.10206701656464164,0.32424669909137066
none_clip_22,56,0,110.03292671837781,-0.1393073277090668,0.2968100788436166
none_clip_22,57,0,117.86688824970396,-0.17654763885349203,0.2968100788436166
none_clip_22,58,0,125.38852945198244,-0.12877545176633012,0.2738747691926679
none_clip_22,59,0,135.40193802508028,-0.08100326467916821,0.08119628656968088
none_clip_22,60,0,140.19293263287142,-0.06994871524898363,0.08119628656968088
none_clip_22,61,0,110.57965212677645,-0.15768724328432882,0.21513794588800192
none_clip_22,62,0,107.60616310911485,-0.14258285102307863,0.21513794588800192
none_clip_22,63,0,104.58105358930375,-0.12747845876182848,0.21513794588800192
none_clip_22,64,0,101.52018405649977,-0.1123740665005783,0.21513794588800192
none_clip_22,65,0,98.4405997870959,-0.09726967423932813,0.21513794588800192
none_clip_22,66,0,101.08101787769218,-0.10383919203638918,0.04659756295009499
none_clip_22,67,0,103.64736373525375,-0.11040870983345023,0.04659756295009499
none_clip_22,68,0,106.13287153932248,-0.11697822763051129,0.04659756295009499
none_clip_22,69,0,100.78295668000173,-0.11645508712033835,0.04659756295009499
none_clip_22,70,0,95.41310644339937,-0.11593194661016541,0.027806496512306874
none_clip_22,71,0,90.11643479802596,-0.11540880609999248,0.027806496512306874
none_clip_22,72,0,90.55203496655453,-0.11377338931881313,0.030815206975737516
none_clip_22,73,0,90.98465294361812,-0.11213797253763381,0.03081520697573756
none_clip_22,74,0,91.4142704291277,-0.11050255575645447,0.03081520697573756
none_clip_22,75,0,102.10502666006275,-0.06862055693625277,0.03081520697573756
none_clip_22,76,0,136.0352312733326,-0.02673855811605105,0.03081520697573756
none_clip_22,77,0,90.4908709153016,-0.1354342227726874,0.10948496407714892
none_clip_22,78,0,91.79238099201709,-0.12992967508637315,0.10948496407714892
none_clip_22,79,0,126.9395668931335,-0.034296167762931845,0.21198830714897923
none_clip_22,80,0,115.036499572761,-0.044385182578366676,0.21198830714897923
none_clip_22,81,0,91.39012214918867,-0.09456933641772024,0.21198830714897923
none_clip_22,82,0,93.353066322394,-0.09105460958710408,0.21198830714897923
none_clip_22,83,0,116.06349598026932,-0.04739771559773936,0.21198830714897923
none_clip_22,84,0,102.71816604649507,-0.08365446635517051,0.140712409542979
none_clip_22,85,0,121.6083168960448,-0.03760677355063533,0.14472882601842094
none_clip_22,86,0,121.79986792860082,-0.038207602869571596,0.14472882601842094
none_clip_22,87,0,121.983650487141,-0.03880843218850786,0.14472882601842094
none_clip_22,88,0,122.16012420006899,-0.03940926150744412,0.14472882601842094
none_clip_22,89,0,97.22872248256985,-0.0909770283564341,0.14472882601842094
none_clip_40,0,0,98.80903828308388,0.0434952209058963,0.0
none_clip_40,1,0,98.7286815198004,0.03859507262929325,0.5064752467418554
none_clip_40,2,0,98.64684304715601,0.0336949243526902,0.5064752467418554
none_clip_40,3,0,98.56348184500186,0.02879477607608715,0.5064752467418554
none_clip_40,4,0,98.47855537817617,0.023894627799484102,0.5064752467418554
none_clip_40,5,0,98.39201952655453,0.018994479522881053,0.002815135257789143
none_clip_40,6,0,97.79101140441792,0.01006621183622651,0.14467758612230924
none_clip_40,7,0,96.86043770318481,0.0011379441495719678,0.14467758612230924
none_clip_40,8,0,95.22816613950772,-0.007790323537082575,0.14467758612230924
none_clip_40,9,0,91.63199082587448,-0.016718591223737117,0.14467758612230924
none_clip_40,10,0,77.67064661458355,-0.02564685891039166,0.14467758612230924
none_clip_40,11,0,84.2120356016775,-0.026384249446759055,0.14467758612230922
none_clip_40,12,0,89.76123378964503,-0.027121639983126448,0.14467758612230922
none_clip_40,13,0,94.4452399386164,-0.027859030519493844,0.14467758612230922
none_clip_40,14,0,104.79933068307656,-0.060819567195958706,0.16051067223099433
none_clip_40,15,0,106.15197175396762,-0.09378010387242357,0.16051067223099433
none_clip_40,16,0,106.68371425191505,-0.12674064054888842,0.16051067223099436
none_clip_40,17,0,106.7703118455045,-0.10781154619060371,0.16051067223099436
none_clip_40,18,0,106.89096173123009,-0.08888245183231899,0.16051067223099436
none_clip_40,19,0,107.07066253172633,-0.06995335747403426,0.16051067223099436
none_clip_40,20,0,107.3668054222095,-0.05102426311574955,0.16051067223099436
none_clip_40,21,0,107.94675592684828,-0.032095168757464834,0.03744490836961354
none_clip_40,22,0,109.59290529163789,-0.013166074399180116,0.03744490836961354
none_clip_40,23,0,106.69011019928507,-0.03879910129858995,0.057490339140798846
none_clip_40,24,0,105.96052512514807,-0.06443212819799979,0.057490339140798846
none_clip_40,25,0,105.62852059342579,-0.09006515509740962,0.057490339140798846
none_clip_40,26,0,105.4387109476716,-0.11569818199681946,0.057490339140798846
none_clip_40,27,0,103.83315464974146,-0.10719768934557243,0.058850009141905364
none_clip_40,28,0,101.61242176433713,-0.09869719669432542,0.058850009141905364
none_clip_40,29,0,98.35206824661327,-0.09019670404307839,0.05885000914190541
none_clip_40,30,0,93.14715728248994,-0.08169621139183138,0.05885000914190541
none_clip_40,31,0,83.77244986843816,-0.07319571874058436,0.05885000914190541
none_clip_40,32,0,64.07086340744803,-0.06469522608933734,0.05885000914190541
none_clip_40,33,0,23.895196036314744,-0.05619473343809032,0.05885000914190541
none_clip_40,34,0,102.96899075210867,-0.10975101410178915,0.4148231772267891
none_clip_40,35,0,101.84714987664614,-0.09360951106376264,0.4148231772267891
none_clip_40,36,0,99.85299693024551,-0.07746800802573611,0.4148231772267891
none_clip_40,37,0,95.34473225125133,-0.0613265049877096,0.4148231772267891
none_clip_40,38,0,76.64290205467212,-0.045185001949683085,0.4148231772267891
none_clip_40,39,0,88.01830182217041,-0.045054473655103046,0.13648637236525663
none_clip_40,40,0,89.96379048915885,-0.04492394536052301,0.13648637236525663
none_clip_40,41,0,31.334687726746598,-0.014803270527110588,0.3359011784368887
none_clip_40,42,0,47.18247893333746,-0.019737797493300818,0.3359011784368887
none_clip_40,43,0,50.821626094452604,-0.024672324459491052,0.3359011784368887
none_clip_40,44,0,52.41873068770524,-0.029606851425681285,0.3359011784368887
none_clip_40,45,0,53.31460632731828,-0.03454137839187152,0.3359011784368887
none_clip_40,46,0,53.88768151775085,-0.039475905358061746,0.03203335238041912
none_clip_40,47,0,54.28571590738246,-0.04441043232425198,0.03203335238041912
none_clip_40,48,0,54.57825552237311,-0.04934495929044221,0.03203335238041912
none_clip_40,49,0,54.802322433765745,-0.054279486256632446,0.03203335238041912
none_clip_40,50,0,76.9000945567755,-0.08278468561478287,0.10428843573765374
none_clip_40,51,0,91.89737449703317,-0.11128988497293331,0.10428843573765374
none_clip_40,52,0,101.50371062439798,-0.13979508433108373,0.10428843573765378
none_clip_40,53,0,104.51607725661354,-0.1357929665188635,0.10428843573765378
none_clip_40,54,0,104.89243427602774,-0.1343006141931546,0.10428843573765378
none_clip_40,55,0,105.2618473607986,-0.1328082618674457,0.10428843573765378
none_clip_40,56,0,105.62447705318488,-0.13131590954173683,0.10428843573765378
none_clip_40,57,0,105.98048022824818,-0.12982355721602792,0.009568540861155023
none_clip_40,58,0,105.49770534240456,-0.13088207521259312,0.009568540861155023
none_clip_40,59,0,105.00955151702934,-0.13194059320915835,0.009568540861155023
none_clip_40,60,0,104.51600041072412,-0.13299911120572355,0.009568540861155004
none_clip_40,61,0,104.01703647812108,-0.13405762920228875,0.009568540861155004
none_clip_40,62,0,106.08401671221833,-0.1352026165370148,0.010502416318866689
none_clip_40,63,0,105.4047437414258,-0.1370091803692522,0.010502416318866689
none_clip_40,64,0,104.72834083651261,-0.1388157442014896,0.010502416318866689
none_clip_40,65,0,104.05497714384158,-0.140622308033727,0.010502416318866689
none_clip_40,66,0,103.26841060272493,-0.15518593308978265,0.010502416318866689
none_clip_40,67,0,102.92260913144814,-0.11917320574232945,0.049524067704569914
none_clip_40,68,0,102.5057420518544,-0.08316047839487625,0.049524067704569914
none_clip_40,69,0,101.99345511627496,-0.04714775104742306,0.049524067704569935
none_clip_40,70,0,101.34887127219676,-0.011135023699969859,0.049524067704569935
none_clip_40,71,0,100.51339419675543,0.024877703647483332,0.049524067704569935
none_clip_40,72,0,98.48734757079504,-0.11684067055932693,0.25432749714362257
none_clip_40,73,0,99.85342447153488,-0.04922977475069244,0.25432749714362257
none_clip_40,74,0,101.86971359899421,0.018381121057942033,0.25432749714362257
none_clip_40,75,0,100.52385357194352,0.021411636891938177,0.25432749714362257
none_clip_40,76,0,99.18681058343698,0.02444215272593432,0.25432749714362257
none_clip_40,77,0,97.85993871275775,0.027472668559930465,0.13007379044256867
none_clip_40,78,0,101.07723850669288,-0.05685673568632765,0.13007379044256867
none_clip_40,79,0,103.00376460708465,-0.14118613993258577,0.12116248146493233
none_clip_40,80,0,96.02386627668514,-0.04341902877317232,0.29451775113646345
none_clip_40,81,0,101.0755834015691,0.017998400465145864,0.29451775113646345
none_clip_40,82,0,99.25654766671487,0.013501472441987496,0.29451775113646345
none_clip_40,83,0,100.48090860979637,0.019108420140913258,0.29451775113646345
none_clip_40,84,0,101.73485090506006,0.02471536783983902,0.29451775113646345
none_clip_40,85,0,101.48810125903101,0.02656955023352618,0.03755551456375524
none_clip_40,86,0,101.24297518842718,0.028423732627213337,0.00284440527550232
none_clip_40,87,0,100.99946560658321,0.0302779150209005,0.0020092479914615865
none_clip_40,88,0,100.75756528639901,0.032132097414587654,0.0020092479914615865
none_clip_40,89,0,100.51726686649666,0.033986279808274816,0.0003173306963575314
none_clip_23,0,0,26.94045003235242,-0.035254328202150235,0.0
none_clip_23,1,0,26.94045003235242,-0.035254328202150235,0.8684856312412826
none_clip_23,2,0,26.94045003235242,-0.035254328202150235,0.8684856312412826
none_clip_23,3,0,26.94045003235242,-0.035254328202150235,0.8684856312412826
none_clip_23,4,0,26.94045003235242,-0.035254328202150235,0.8684856312412826
none_clip_23,5,0,26.94045003235242,-0.035254328202150235,0.0
none_clip_23,6,0,26.94045003235242,-0.035254328202150235,0.0
none_clip_23,7,0,26.94045003235242,-0.035254328202150235,0.0
none_clip_23,8,0,26.94045003235242,-0.035254328202150235,0.0
none_clip_23,9,0,18.194177270793013,-0.05168298682810431,0.030773652672837427
none_clip_23,10,0,11.069023076577315,-0.06811164545405839,0.030773652672837427
none_clip_23,11,0,5.318901380570276,-0.08454030408001247,0.030773652672837427
none_clip_23,12,0,0.6682116936737924,-0.10096896270596653,0.030773652672837427
none_clip_23,13,0,-3.124238256861921,-0.11739762133192061,0.030773652672837427
none_clip_23,14,0,-6.250370717478279,-0.1338262799578747,0.030773652672837427
none_clip_23,15,0,-8.85708887850066,-0.15025493858382877,0.030773652672837427
none_clip_23,16,0,-11.05538240373393,-0.16668359720978285,0.030773652672837427
none_clip_23,17,0,-10.49036801266571,-0.1806007506424976,0.057629664006609814
none_clip_23,18,0,-8.587827665362427,-0.15971626452035537,0.057629664006609814
none_clip_23,19,0,-5.985918747512108,-0.13883177839821315,0.057629664006609814
none_clip_23,20,0,-2.232271432169685,-0.11794729227607093,0.057629664006609814
none_clip_23,21,0,3.585640629749975,-0.0970628061539287,0.057629664006609814
none_clip_23,22,0,13.49898557800647,-0.07617832003178648,0.003230231645832345
none_clip_23,23,0,32.137135288806014,-0.05529383390964426,0.003230231645832345
none_clip_23,24,0,65.07708422624574,-0.03440934778750204,0.003230231645832345
none_clip_23,25,0,99.53390422239069,-0.013524861665359813,0.003230231645832345
none_clip_23,26,0,-16.142323155946464,-0.16519957341009217,0.13191446354454636
none_clip_23,27,0,-16.621961013389452,-0.16679831113848423,0.13191446354454636
none_clip_23,28,0,-17.099708768473747,-0.16839704886687626,0.13191446354454636
none_clip_23,29,0,-17.575511539195315,-0.16999578659526834,0.13191446354454636
none_clip_23,30,0,-18.049315962288468,-0.17159452432366037,0.13191446354454636
none_clip_23,31,0,-18.521070214773843,-0.17319326205205243,0.0009644892189112864
none_clip_23,32,0,-18.20669596097882,-0.17235594402966442,0.0009644892189112864
none_clip_23,33,0,-17.89154931711357,-0.1715186260072764,0.0009644892189112864
none_clip_23,34,0,-17.575646571225853,-0.17068130798488843,0.0009644892189112864
none_clip_23,35,0,-17.259004273473057,-0.16984398996250039,0.0009644892189112864
none_clip_23,36,0,-16.941639232271026,-0.16900667194011237,0.0008282742213448825
none_clip_23,37,0,-16.62356851023217,-0.16816935391772436,0.0008282742213448825
none_clip_23,38,0,-16.304809419893974,-0.16733203589533638,0.0008282742213448825
none_clip_23,39,0,-15.985379519238625,-0.16649471787294837,0.0008282742213448825
none_clip_23,40,0,-15.665296607006782,-0.16565739985056036,0.0008282742213448825
none_clip_23,41,0,-15.344578717805405,-0.16482008182817232,0.0008282742213448825
none_clip_23,42,0,-15.023244117013233,-0.16398276380578433,0.0008282742213448825
none_clip_23,43,0,-14.70131129548591,-0.16314544578339632,0.0008282742213448825
none_clip_23,44,0,-14.378798964063671,-0.1623081277610083,0.0008282742213448825
none_clip_23,45,0,-16.245510153286556,-0.15261930802137155,0.010165892194487472
none_clip_23,46,0,-10.520312981824423,-0.032059788042943134,0.06061065660512227
none_clip_23,47,0,-11.650100467553864,-0.06330974221513228,0.06061065660512227
none_clip_23,48,0,-12.4922378638698,-0.0945596963873214,0.06061065660512227
none_clip_23,49,0,-13.14391600149104,-0.12580965055951054,0.06061065660512227
none_clip_23,50,0,-13.663058420842631,-0.15705960473169966,0.06061065660512227
none_clip_23,51,0,-23.92847566064849,-0.1144004039750257,0.019842449890279872
none_clip_23,52,0,-18.630754328850657,-0.16382390379496306,0.019842449890279872
none_clip_23,53,0,-11.15574646065724,-0.16351318534526627,0.031742158576940134
none_clip_23,54,0,-12.065046017560208,-0.16375761284895418,0.031742158576940134
none_clip_23,55,0,-12.999260347111175,-0.1640020403526421,0.031742158576940134
none_clip_23,56,0,-13.958910134230857,-0.16424646785633001,0.031742158576940134
none_clip_23,57,0,-14.944487694150665,-0.16449089536001793,0.031742158576940134
none_clip_23,58,0,-18.544342870701765,-0.16837749035394722,0.013500215725438674
none_clip_23,59,0,-18.573787081566017,-0.1673590802534856,0.013500215725438674
none_clip_23,60,0,-18.60281406607141,-0.16634067015302392,0.013500215725438674
none_clip_23,61,0,-18.63143261542646,-0.1653222600525623,0.013500215725438674
none_clip_23,62,0,-16.669513229938975,-0.1595326368343421,0.014679780652162109
none_clip_23,63,0,-17.483368513361867,-0.1613461537557725,0.014679780652162109
none_clip_23,64,0,-18.280470502799243,-0.16315967067720288,0.014679780652162109
none_clip_23,65,0,-19.06103209550902,-0.16497318759863328,0.014679780652162109
none_clip_23,66,0,-16.610292921716173,-0.1509835339787741,0.02332631125931446
none_clip_23,67,0,-18.08077954037802,-0.16664861074130496,0.02332631125931446
none_clip_23,68,0,-17.88341325461558,-0.13417123316332177,0.06751759216213098
none_clip_23,69,0,-17.635229144319325,-0.10169385558533857,0.06751759216213098
none_clip_23,70,0,-17.313714515989695,-0.06921647800735536,0.06751759216213098
none_clip_23,71,0,-16.880768685739664,-0.036739100429372167,0.06751759216213098
none_clip_23,72,0,-9.708829635206191,-0.04284651985804535,0.06751759216213098
none_clip_23,73,0,-13.858597109534701,-0.05381334345651104,0.06751759216213098
none_clip_23,74,0,-16.548791461242242,-0.06478016705497672,0.06751759216213098
none_clip_23,75,0,-18.42667526694837,-0.07574699065344241,0.06751759216213098
none_clip_23,76,0,-29.62482824433667,-0.16285850263432167,0.1031617283006544
none_clip_23,77,0,-14.664078212456749,-0.17006372765069955,0.1031617283006544
none_clip_23,78,0,-28.734075804552877,-0.0732223930303916,0.18193210365656554
none_clip_23,79,0,-34.47548829363327,-0.3216154267455238,0.18193210365656554
none_clip_23,80,0,-36.79510723387847,-0.31776306912233093,0.18193210365656554
none_clip_23,81,0,-39.45027933016069,-0.313910711499138,0.18193210365656554
none_clip_23,82,0,-42.505213657163665,-0.31005835387594516,0.18193210365656554
none_clip_23,83,0,-38.027668917860055,-0.18496937581252126,0.07671617647574604
none_clip_23,84,0,-33.14485504113694,-0.059880397749097355,0.012715129745787116
none_clip_23,85,0,-32.519400967604234,-0.0857916511905993,0.012715129745787116
none_clip_23,86,0,-31.859773418401137,-0.11170290463210122,0.012715129745787116
none_clip_23,87,0,-31.16328307065659,-0.13761415807360317,0.010849694464952537
none_clip_23,88,0,-31.16328307065659,-0.13761415807360317,0.010849694464952537
none_clip_24,0,0,17.99002208811917,-0.26414717447522656,0.0
none_clip_24,1,0,95.3191459193475,-0.024822997708270064,0.27457923202388446
none_clip_24,2,0,91.71378288291596,-0.01243251035082453,0.27457923202388446
none_clip_24,3,0,87.18992015925785,-4.2022993378997474e-05,0.27457923202388446
none_clip_24,4,0,81.429920919486,0.012348464364066534,0.27457923202388446
none_clip_24,5,0,21.708854634067723,-0.34287163317281966,0.27457923202388446
none_clip_24,6,0,28.268480721904247,-0.18370472074956723,0.26740362002405615
none_clip_24,7,0,47.26382244035357,-0.0245378083263148,0.26740362002405615
none_clip_24,8,0,57.976132109022394,-0.06108506492955712,0.26740362002405615
none_clip_24,9,0,50.00711239344891,-0.07539850442760354,0.26740362002405615
none_clip_24,10,0,43.114013163796585,-0.08971194392564996,0.10942091982626193
none_clip_24,11,0,37.253535111589294,-0.10402538342369637,0.10942091982626193
none_clip_24,12,0,32.30743040462163,-0.11833882292174279,0.03573273601208924
none_clip_24,13,0,28.135706904028414,-0.1326522624197892,0.022968844993409128
none_clip_24,14,0,24.604922510919888,-0.14696570191783562,0.022968844993409128
none_clip_24,15,0,21.599390515034703,-0.16127914141588204,0.022968844993409128
none_clip_24,16,0,19.023378086458283,-0.17559258091392846,0.022968844993409128
none_clip_24,17,0,20.1298814129876,-0.21831071111125766,0.05403260494628523
none_clip_24,18,0,24.422943966562638,-0.20787541561917855,0.05403260494628523
none_clip_24,19,0,28.926896759950132,-0.19744012012709947,0.05403260494628523
none_clip_24,20,0,33.59842943595104,-0.18700482463502036,0.05403260494628523
none_clip_24,21,0,38.3822333936978,-0.17656952914294125,0.05403260494628523
none_clip_24,22,0,43.214206957856405,-0.1661342336508622,0.028245783174340573
none_clip_24,23,0,48.02628499495636,-0.15569893815878308,0.028245783174340573
none_clip_24,24,0,52.7520534504368,-0.14526364266670397,0.028245783174340573
none_clip_24,25,0,57.33203302308878,-0.13482834717462486,0.028245783174340573
none_clip_24,26,0,61.71763435211701,-0.12439305168254577,0.028245783174340573
none_clip_24,27,0,61.69196881172405,-0.12350927747203286,0.028245783174340573
none_clip_24,28,0,61.66596968843266,-0.12262550326151993,0.028245783174340573
none_clip_24,29,0,61.63963044710217,-0.12174172905100702,0.028245783174340507
none_clip_24,30,0,61.61294438105727,-0.1208579548404941,0.028245783174340507
none_clip_24,31,0,61.585904606432514,-0.11997418062998118,0.002016654793829466
none_clip_24,32,0,59.85788284822279,-0.1259198605567086,0.003943119404049602
none_clip_24,33,0,58.11937575654118,-0.13186554048343602,0.003943119404049602
none_clip_24,34,0,56.37351218798794,-0.13781122041016344,0.0039431194040497036
none_clip_24,35,0,54.62350197859548,-0.14375690033689084,0.0039431194040497036
none_clip_24,36,0,52.87260106286263,-0.14970258026361827,0.0039431194040497036
none_clip_24,37,0,51.12407532003379,-0.1556482601903457,0.0039431194040497036
none_clip_24,38,0,49.38116414410596,-0.16159394011707312,0.0039431194040497036
none_clip_24,39,0,47.64704474827859,-0.16753962004380052,0.0039431194040497036
none_clip_24,40,0,45.92479817681198,-0.17348529997052795,0.0039431194040497036
none_clip_24,41,0,44.21737791062288,-0.17943097989725537,0.0039431194040497036
none_clip_24,42,0,42.527581824395924,-0.1853766598239828,0.0039431194040497036
none_clip_24,43,0,40.85802809259465,-0.1913223397507102,0.0039431194040497036
none_clip_24,44,0,39.21113546152007,-0.19726801967743762,0.0039431194040497036
none_clip_24,45,0,44.89685470530296,-0.12533621825781432,0.016855670058877593
none_clip_24,46,0,41.57825842808944,-0.13606639765716858,0.016855670058877593
none_clip_24,47,0,38.287257263508955,-0.14679657705652285,0.016855670058877593
none_clip_24,48,0,35.04481637768998,-0.1575267564558771,0.016855670058877593
none_clip_24,49,0,31.870058015944675,-0.16825693585523138,0.016855670058877593
none_clip_24,50,0,28.779670936057048,-0.17898711525458563,0.015403689703293387
none_clip_24,51,0,63.659810046279674,-0.14348385991490883,0.10015736231573247
none_clip_24,52,0,61.336648199809524,-0.12919577162449505,0.10015736231573247
none_clip_24,53,0,24.63698030741386,-0.20744389529221502,0.13974926084349293
none_clip_24,54,0,30.096918440723144,-0.18238109447916878,0.13974926084349293
none_clip_24,55,0,35.92224767067079,-0.15731829366612254,0.13974926084349293
none_clip_24,56,0,42.02027879095321,-0.13225549285307633,0.13974926084349293
none_clip_24,57,0,48.26564771289763,-0.1071926920400301,0.13974926084349293
none_clip_24,58,0,61.31106451664005,-0.12224091141536059,0.04634285468366477
none_clip_24,59,0,61.76345735025185,-0.12452160860249245,0.04634285468366477
none_clip_24,60,0,62.215959377598,-0.12680230578962431,0.04634285468366477
none_clip_24,61,0,62.668514177110396,-0.12908300297675618,0.04634285468366477
none_clip_24,62,0,53.67509489453745,-0.11109512947922438,0.04634285468366477
none_clip_24,63,0,57.01431643006247,-0.11670032584258175,0.041975518648372755
none_clip_24,64,0,60.227433155305384,-0.12230552220593909,0.041975518648372755
none_clip_24,65,0,63.30245709848135,-0.12791071856929645,0.041975518648372755
none_clip_24,66,0,59.62237169573063,-0.11709621744856227,0.041975518648372755
none_clip_24,67,0,59.221018834827845,-0.11622678258203217,0.023356426504665066
none_clip_24,68,0,63.35271360269993,-0.13452295622087718,0.03216039882286782
none_clip_24,69,0,49.79949551301345,-0.17076176092721576,0.0990885629887281
none_clip_24,70,0,36.383745809340674,-0.20700056563355437,0.0990885629887281
none_clip_24,71,0,24.412779034697017,-0.24323937033989293,0.0990885629887281
none_clip_24,72,0,23.18430731758773,-0.11666179465444769,0.4216466695189721
none_clip_24,73,0,34.436113502904504,-0.18000699556239397,0.4216466695189721
none_clip_24,74,0,29.373637141998838,-0.2961917956712341,0.4216466695189721
none_clip_24,75,0,23.40112355191697,-0.21742949512817233,0.4216466695189721
none_clip_24,76,0,14.63457313494381,-0.13866719458511054,0.4216466695189721
none_clip_24,77,0,23.601410722205863,-0.2792691400844091,0.4187430669934001
none_clip_24,78,0,24.97178894877609,-0.23143583325929734,0.4187430669934001
none_clip_24,79,0,10.76529520567473,-0.18351740070175993,0.3504860269426109
none_clip_24,80,0,16.807505390698264,-0.21769090439579483,0.3504860269426109
none_clip_24,81,0,24.633203032944635,-0.3351463702539945,0.3504860269426109
none_clip_24,82,0,31.241087939764206,-0.2350812040641585,0.3335498733061241
none_clip_24,83,0,15.3164108763051,-0.21175399371867337,0.3335498733061241
none_clip_24,84,0,26.19356717528912,-0.3040561444186096,0.3000509993855276
none_clip_24,85,0,5.082015592310373,-0.2191552744232012,0.3063244565958535
none_clip_24,86,0,19.855761807686193,-0.08209665459892788,0.3063244565958535
none_clip_24,87,0,14.994843043006364,-0.15959025190214504,0.3063244565958535
none_clip_24,88,0,12.910912574805465,-0.23708384920536218,0.3063244565958535
none_clip_24,89,0,28.220348601792242,-0.1822551298027406,0.3277630892081317
none_clip_37,0,0,-67.76427164085594,-0.04054185006266664,0.0
none_clip_37,1,0,-67.76427164085594,-0.04054185006266664,0.2533379003603173
none_clip_37,2,0,-67.76427164085594,-0.04054185006266664,0.2533379003603173
none_clip_37,3,0,-67.76427164085594,-0.04054185006266664,0.2533379003603173
none_clip_37,4,0,-67.76427164085594,-0.04054185006266664,0.2533379003603173
none_clip_37,5,0,-67.76427164085594,-0.04054185006266664,0.0
none_clip_37,6,0,-67.76427164085594,-0.04054185006266664,0.0
none_clip_37,7,0,-67.76427164085594,-0.04054185006266664,0.0
none_clip_37,8,0,-67.76427164085594,-0.04054185006266664,0.0
none_clip_37,9,0,-67.76427164085594,-0.04054185006266664,0.0
none_clip_37,10,0,-67.76427164085594,-0.04054185006266664,0.0
none_clip_37,11,0,-67.76427164085594,-0.04054185006266664,0.0
none_clip_37,12,0,-67.76427164085594,-0.04054185006266664,0.0
none_clip_37,13,0,-67.76427164085594,-0.04054185006266664,0.0
none_clip_37,14,0,-67.76427164085594,-0.04054185006266664,0.0
none_clip_37,15,0,-67.76427164085594,-0.04054185006266664,0.0
none_clip_37,16,0,-67.76427164085594,-0.04054185006266664,0.0
none_clip_37,17,0,-65.87312614987664,-0.04858107012773422,0.008677488071981218
none_clip_37,18,0,-63.540580243522854,-0.0566202901928018,0.008677488071981218
none_clip_37,19,0,-60.602974319942696,-0.06465951025786938,0.008677488071981312
none_clip_37,20,0,-56.813372586334054,-0.07269873032293696,0.008677488071981312
none_clip_37,21,0,-51.79152364032862,-0.08073795038800455,0.008677488071981312
none_clip_37,22,0,-44.950829151675464,-0.08877717045307212,0.008677488071981312
none_clip_37,23,0,-35.43340261250541,-0.0968163905181397,0.008677488071981312
none_clip_37,24,0,-22.241567763911966,-0.10485561058320729,0.008677488071981281
none_clip_37,25,0,-5.0931383294715475,-0.11289483064827488,0.008677488071981281
none_clip_37,26,0,14.004246147339606,-0.12093405071334244,0.008677488071981281
none_clip_37,27,0,31.31446470561889,-0.12897327077841003,0.008677488071981281
none_clip_37,28,0,44.701176234416465,-0.1370124908434776,0.008677488071981281
none_clip_37,29,0,54.372278861051,-0.14505171090854518,0.008677488071981281
none_clip_37,30,0,61.31924340262625,-0.15309093097361276,0.008677488071981281
none_clip_37,31,0,66.41275200003872,-0.16113015103868034,0.008677488071981281
none_clip_37,32,0,70.25131175077598,-0.16916937110374794,0.008677488071981281
none_clip_37,33,0,73.22321765478728,-0.17720859116881552,0.008677488071981281
none_clip_37,34,0,75.58045999254118,-0.18524781123388312,0.008677488071981281
none_clip_37,35,0,77.48985520764495,-0.19328703129895067,0.008677488071981281
none_clip_37,36,0,80.33590433170511,-0.17858560013058872,0.008677488071981281
none_clip_37,37,0,82.96181305541417,-0.16388416896222677,0.008677488071981281
none_clip_37,38,0,87.73370301736503,-0.17104071758050546,0.008677488071981187
none_clip_37,39,0,95.19717133684524,-0.17819726619878412,0.008677488071981187
none_clip_37,40,0,107.84994643483792,-0.1853538148170628,0.0018266995881713551
none_clip_37,41,0,118.05264465127857,-0.15908628732708505,0.41207236263084784
none_clip_37,42,0,118.83444005229055,-0.14911519552481972,0.41207236263084784
none_clip_37,43,0,120.32326851862014,-0.1391441037225544,0.41207236263084784
none_clip_37,44,0,124.25648187587497,-0.12917301192028907,0.41207236263084784
none_clip_37,45,0,158.11828586993715,-0.11920192011802373,0.41207236263084784
none_clip_37,46,0,-77.40087708930642,-0.10923082831575841,0.031707013136543546
none_clip_37,47,0,-70.28730681692987,-0.09925973651349308,0.031707013136543546
none_clip_37,48,0,-68.21150540620641,-0.08928864471122776,0.031707013136543546
none_clip_37,49,0,-67.22448089418315,-0.07931755290896243,0.031707013136543546
none_clip_37,50,0,-66.64793151934384,-0.0693464611066971,0.031707013136543546
none_clip_37,51,0,-23.349839608373472,-0.14912025166037418,0.10017917752049531
none_clip_37,52,0,89.10305324246555,-0.22889404221405124,0.10017917752049531
none_clip_37,53,0,-50.125154523260115,-0.0868170771133733,0.1982194571631349
none_clip_37,54,0,-35.77533458160908,-0.10822082578208088,0.1982194571631349
none_clip_37,55,0,-2.456949698898292,-0.12962457445078848,0.1982194571631349
none_clip_37,56,0,44.92614272944625,-0.15102832311949607,0.1982194571631349
none_clip_37,57,0,70.33287656969075,-0.17243207178820363,0.1982194571631349
none_clip_37,58,0,81.47542157804422,-0.19383582045691122,0.037142625090203496
none_clip_37,59,0,81.86213042536467,-0.1850850816480096,0.037142625090203496
none_clip_37,60,0,82.28977727055168,-0.176334342839108,0.037142625090203496
none_clip_37,61,0,82.76516991219304,-0.1675836040302064,0.037142625090203496
none_clip_37,62,0,83.29669920634107,-0.15883286522130477,0.037142625090203496
none_clip_37,63,0,83.89482226343424,-0.15008212641240318,0.0073639909282238285
none_clip_37,64,0,84.57273167238225,-0.14133138760350156,0.0073639909282238285
none_clip_37,65,0,85.34729860682606,-0.13258064879459994,0.0073639909282238285
none_clip_37,66,0,86.24042748608034,-0.12382990998569833,0.0073639909282238285
none_clip_37,67,0,87.28104296606138,-0.11507917117679672,0.0073639909282238285
none_clip_37,68,0,88.50807210835569,-0.1063284323678951,0.0073639909282238285
none_clip_37,69,0,89.97503356431606,-0.0975776935589935,0.0073639909282238285
none_clip_37,70,0,91.75729226521794,-0.08882695475009189,0.0073639909282238285
none_clip_37,71,0,93.96385379354543,-0.08007621594119027,0.0073639909282238285
none_clip_37,72,0,96.97251806272504,-0.078583972464159,0.008308541615803454
none_clip_37,73,0,134.67958591466038,-0.07709172898712774,0.008308541615803454
none_clip_37,74,0,-97.82174774182867,-0.07559948551009649,0.008308541615803454
none_clip_37,75,0,-93.36971280289193,-0.07410724203306522,0.008308541615803454
none_clip_37,76,0,-92.00987515269722,-0.07261499855603394,0.008308541615803454
none_clip_37,77,0,-91.35194322946894,-0.07112275507900269,0.008308541615803454
none_clip_37,78,0,-100.24611143972578,-0.06514916507409288,0.029774588027491698
none_clip_37,79,0,167.55242702292827,-0.05917557506918308,0.029774588027491698
none_clip_37,80,0,111.33997395183991,-0.053201985064273274,0.029774588027491698
none_clip_37,81,0,104.64015585995604,-0.047228395059363465,0.029774588027491698
none_clip_37,82,0,104.64015585995604,-0.047228395059363465,0.029774588027491698
none_clip_37,83,0,104.64015585995604,-0.047228395059363465,0.029774588027491698
none_clip_37,84,0,104.64015585995604,-0.047228395059363465,0.029774588027491698
none_clip_37,85,0,104.64015585995604,-0.047228395059363465,0.029774588027491698
none_clip_37,86,0,104.64015585995604,-0.047228395059363465,0.0
none_clip_37,87,0,104.64015585995604,-0.047228395059363465,0.0
none_clip_37,88,0,104.64015585995604,-0.047228395059363465,0.0
none_clip_37,89,0,104.64015585995604,-0.047228395059363465,0.0
none_clip_30,0,0,71.25106651126353,-0.080448822446101,0.0
none_clip_30,1,0,70.67759590865275,-0.0790862004915538,0.11415850778637482
none_clip_30,2,0,70.11202139797159,-0.07772357853700662,0.11415850778637482
none_clip_30,3,0,69.55428897031604,-0.07636095658245942,0.11415850778637482
none_clip_30,4,0,69.00434015922129,-0.07499833462791224,0.11415850778637482
none_clip_30,5,0,68.46211238159582,-0.07363571267336504,0.019183174113311736
none_clip_30,6,0,68.53418951391076,-0.07942123146444718,0.019183174113311736
none_clip_30,7,0,68.59890458573418,-0.08520675025552933,0.019183174113311736
none_clip_30,8,0,68.65733060484574,-0.09099226904661148,0.019183174113311736
none_clip_30,9,0,68.71034174538468,-0.09677778783769363,0.019183174113311736
none_clip_30,10,0,68.75865735991609,-0.10256330662877577,0.015841059775659354
none_clip_30,11,0,68.8028747976869,-0.10834882541985791,0.015841059775659354
none_clip_30,12,0,68.84349421517858,-0.11413434421094006,0.015841059775659354
none_clip_30,13,0,68.88093756922959,-0.11991986300202219,0.015841059775659354
none_clip_30,14,0,68.9155633241293,-0.12570538179310434,0.015841059775659354
none_clip_30,15,0,68.94767796009639,-0.1314909005841865,0.015841059775659354
none_clip_30,16,0,68.97754506630042,-0.13727641937526863,0.015841059775659354
none_clip_30,17,0,64.18564979184099,-0.14766237984309774,0.060613127642460234
none_clip_30,18,0,60.977091018712294,-0.09046808446202206,0.08907848119630275
none_clip_30,19,0,48.17800388980267,-0.03327378908094639,0.08907848119630275
none_clip_30,20,0,-78.21637458519953,0.023920506300129294,0.08907848119630275
none_clip_30,21,0,-107.04201695772834,-0.09896909294303666,0.08907848119630275
none_clip_30,22,0,-111.92063156912683,-0.11519721586745389,0.08907848119630275
none_clip_30,23,0,-116.0350310084448,-0.13142533879187113,0.08907848119630275
none_clip_30,24,0,-119.51795123645331,-0.14765346171628835,0.08907848119630275
none_clip_30,25,0,-108.23052591788989,0.03358249465345864,0.08410820558405616
none_clip_30,26,0,-123.43289483005981,-0.04106575185796637,0.08093043076031466
none_clip_30,27,0,-128.62806035614796,-0.11571399836939138,0.08093043076031466
none_clip_30,28,0,-131.20278316345815,-0.1903622448808164,0.08093043076031466
none_clip_30,29,0,-112.75078386588521,-0.1321875889321973,0.08093043076031466
none_clip_30,30,0,-116.12423874500587,-0.15466507324927647,0.05122510732054757
none_clip_30,31,0,-119.14896031009404,-0.17714255756635566,0.05122510732054757
none_clip_30,32,0,-121.86190269647254,-0.19962004188343485,0.05122510732054757
none_clip_30,33,0,-124.29845813109402,-0.22209752620051404,0.020821311005227487
none_clip_30,34,0,-125.9065959499923,-0.2293563631605669,0.018433335879024067
none_clip_30,35,0,-127.50592027213267,-0.23661520012061973,0.018433335879024067
none_clip_30,36,0,-129.09403527016283,-0.2438740370806726,0.018433335879024067
none_clip_30,37,0,-130.84224356802295,-0.23459899743488669,0.018433335879024067
none_clip_30,38,0,-132.64847625031965,-0.22532395778910078,0.005026675608651978
none_clip_30,39,0,-130.4791854279083,-0.182248416240327,0.024492710805337117
none_clip_30,40,0,-132.27848280200845,-0.22126947424828805,0.024492710805337117
none_clip_30,41,0,-138.6993426215975,-0.21418032878887058,0.024492710805337117
none_clip_30,42,0,18.191521010161317,-0.04777295217644445,0.1751593944009471
none_clip_30,43,0,87.76593757044577,-0.05331594001981437,0.1751593944009471
none_clip_30,44,0,94.8817880970495,-0.05885892786318429,0.1751593944009471
none_clip_30,45,0,90.9203686828227,-0.047781668025095286,0.1751593944009471
none_clip_30,46,0,89.01972554501847,-0.05128221877959044,0.1751593944009471
none_clip_30,47,0,-80.91425351834388,-0.05478276953408558,0.11970165767656324
none_clip_30,48,0,-26.52338986115962,-0.01486373854629611,0.11970165767656324
none_clip_30,49,0,-126.85094020577301,-0.2198441043830143,0.20221403110029634
none_clip_30,50,0,85.58162266253801,-0.09378042141923965,0.40761186338357913
none_clip_30,51,0,83.18751954251125,-0.09721741974199931,0.40761186338357913
none_clip_30,52,0,80.77954702400842,-0.10065441806475896,0.40761186338357913
none_clip_30,53,0,78.36613456698193,-0.10409141638751862,0.40761186338357913
none_clip_30,54,0,-129.5951743611223,-0.2209443101402257,0.4412176809760819
none_clip_30,55,0,10.565758553068195,-0.014319841276261461,0.4412176809760819
none_clip_30,56,0,-57.36727097682226,0.042897425198617535,0.4412176809760819
none_clip_30,57,0,-130.1991042726752,-0.16443331142943404,0.4412176809760819
none_clip_30,58,0,-114.40455942735426,-0.12116704317622859,0.4412176809760819
none_clip_30,59,0,-90.9716350623516,-0.07790077492302314,0.1855707620948484
none_clip_30,60,0,-72.72342977903281,-0.06294283927491043,0.08709861421563289
none_clip_30,61,0,-67.91106316638948,-0.03911590441416022,0.08709861421563289
none_clip_30,62,0,-62.661687656721185,-0.01528896955341001,0.041904381269357235
none_clip_30,63,0,-57.01261413457381,0.008537965307340202,0.041904381269357235
none_clip_30,64,0,-47.65561006509737,-0.006931059893020065,0.019561796471754996
none_clip_30,65,0,-51.0093354164677,-0.005968382667865004,0.019561796471754996
none_clip_30,66,0,-54.35953556604127,-0.005005705442709944,0.019561796471754996
none_clip_30,67,0,-57.68349861133406,-0.004043028217554884,0.019561796471754885
none_clip_30,68,0,-60.959564059098454,-0.003080350992399824,0.00473252168825662
none_clip_30,69,0,-64.16792809127543,-0.0021176737672447634,0.0007952002214702159
none_clip_30,70,0,55.330459536877804,-0.06970664153862312,0.1279600944861426
none_clip_30,71,0,62.54886596070642,-0.13729560931000145,0.1279600944861426
none_clip_30,72,0,62.11496666892576,-0.13664086043322257,0.1279600944861426
none_clip_30,73,0,61.65794370349641,-0.13598611155644366,0.1279600944861426
none_clip_30,74,0,61.17596107420267,-0.13533136267966478,0.1279600944861426
none_clip_30,75,0,60.63849740489046,-0.13916225037568586,0.1279600944861426
none_clip_30,76,0,60.13750350173919,-0.14299313807170694,0.012586487436016893
none_clip_30,77,0,59.66945855863291,-0.14682402576772802,0.012586487436016893
none_clip_30,78,0,61.08030052095454,-0.1629252950507975,0.018474914723413383
none_clip_30,79,0,64.45523331960797,-0.1177474782909726,0.172152154222084
none_clip_30,80,0,70.22005648663827,-0.07256966153114768,0.172152154222084
none_clip_30,81,0,59.48222277187979,-0.15886389302886522,0.3801698219446713
none_clip_30,82,0,62.87968191172715,-0.12832444973696505,0.3801698219446713
none_clip_30,83,0,71.6860394213719,-0.0761643186876313,0.49168338388393845
none_clip_30,84,0,66.34617220998005,-0.08395950466390899,0.49168338388393845
none_clip_30,85,0,70.82836740250545,-0.09329725046192291,0.49168338388393845
none_clip_30,86,0,75.87220390805543,-0.10263499625993684,0.49168338388393845
none_clip_30,87,0,81.496698242666,-0.11197274205795077,0.49168338388393845
none_clip_30,88,0,87.68110995566404,-0.1213104878559647,0.39728110137537564
none_clip_30,89,0,63.390715650837656,-0.10512903472215379,0.5691823352510758
none_clip_39,0,0,7.731469875900241,-0.05067990048394212,0.0
none_clip_39,1,0,6.982106868205,-0.025938568496726967,0.35596097200423976
none_clip_39,2,0,-1.2911585465475524,-0.0011972365095118112,0.35596097200423976
none_clip_39,3,0,-5.691935666934214,-0.006079106509659447,0.35596097200423976
none_clip_39,4,0,-5.46116279180438,-0.006833468610546787,0.35596097200423976
none_clip_39,5,0,-5.256271103714838,-0.007587830711434129,0.0940127244385601
none_clip_39,6,0,-5.073142382834199,-0.008342192812321469,0.09401272443856008
none_clip_39,7,0,-4.908487310600654,-0.00909655491320881,0.011046737840730429
none_clip_39,8,0,-4.75964709014565,-0.009850917014096149,0.002036204382659496
none_clip_39,9,0,-4.624449393194904,-0.01060527911498349,0.002036204382659496
none_clip_39,10,0,-5.630038110321547,-0.006761738674043654,0.03215513557211912
none_clip_39,11,0,-8.728809892854212,-0.009089536703797217,0.03215513557211912
none_clip_39,12,0,-6.9417460027265845,-0.010450385087651098,0.03215513557211912
none_clip_39,13,0,-5.554666787256642,-0.011811233471504977,0.03215513557211912
none_clip_39,14,0,-9.22252461900122,-0.005616394187754188,0.03215513557211912
none_clip_39,15,0,-1.7395643642128737,-0.008205668915849122,0.02804584213122864
none_clip_39,16,0,-168.8693177304566,-0.5396406132495031,0.38032324806217627
none_clip_39,17,0,-167.6333654345355,-0.5311336090892382,0.38032324806217627
none_clip_39,18,0,-9.285044913913675,0.0025380790452658136,0.38032324806217627
none_clip_39,19,0,-1.1387967057170374,-0.007714815713924807,0.38032324806217627
none_clip_39,20,0,-16.579546351967704,-0.11489785968185015,0.38032324806217627
none_clip_39,21,0,-20.354914431211657,-0.22208090364977548,0.3781263229570126
none_clip_39,22,0,-22.040258669057447,-0.32926394761770084,0.3781263229570126
none_clip_39,23,0,-22.993230278878535,-0.43644699158562617,0.11778752167497
none_clip_39,24,0,-19.630638123530083,-0.02128555807454721,0.14252997687996405
none_clip_39,25,0,-144.06803873820775,-0.2487814191577131,0.14252997687996405
none_clip_39,26,0,-160.3381625201924,-0.47627728024087895,0.14252997687996405
none_clip_39,27,0,-153.84137189356483,-0.588908800688273,0.22055559181363335
none_clip_39,28,0,-151.7459890684589,-0.5430707958474272,0.22055559181363335
none_clip_39,29,0,-149.69339484948938,-0.49723279100658146,0.22055559181363335
none_clip_39,30,0,-147.6873900130951,-0.4513947861657357,0.22055559181363335
none_clip_39,31,0,-145.731149607397,-0.4055567813248899,0.22055559181363335
none_clip_39,32,0,-160.67354611568098,-0.5494955419698044,0.19636562784493636
none_clip_39,33,0,-160.24224589862732,-0.5466760204124625,0.19636562784493636
none_clip_39,34,0,-159.82758584503787,-0.5438564988551207,0.19636562784493636
none_clip_39,35,0,-157.74657905535796,-0.5585473474914124,0.19636562784493636
none_clip_39,36,0,-155.52468758310545,-0.283728925025855,0.19636562784493636
none_clip_39,37,0,-157.68185510149732,-0.42068709605761495,0.05976429280247173
none_clip_39,38,0,-159.4611318875119,-0.5576452670893749,0.05976429280247173
none_clip_39,39,0,-160.95113078394579,-0.6946034381211348,0.05976429280247173
none_clip_39,40,0,-28.8264169337175,-0.5957038006947641,0.22311552575800214
none_clip_39,41,0,-74.13205949417251,-0.5232795819237783,0.22311552575800214
none_clip_39,42,0,-142.18503813383413,-0.4508553631527927,0.22311552575800214
none_clip_39,43,0,-160.99159592478404,-0.3784311443818069,0.22311552575800214
none_clip_39,44,0,-169.48658401493276,-0.5863232913171714,0.31275238972413494
none_clip_39,45,0,-166.80316607678603,-0.5466615294830035,0.31275238972413494
none_clip_39,46,0,-161.65467689427265,-0.38536264438727125,0.31275238972413494
none_clip_39,47,0,-163.4858482208272,-0.4601457966153551,0.31275238972413494
none_clip_39,48,0,-165.25893926627768,-0.5349289488434389,0.31275238972413494
none_clip_39,49,0,-166.97343580134756,-0.6097121010715227,0.30523431308597665
none_clip_39,50,0,-169.66273375176485,-0.609125912734271,0.30523431308597665
none_clip_39,51,0,-159.44130781598338,-0.5852838012169741,0.2855635922606844
none_clip_39,52,0,-162.45343315004283,-0.3645299704927538,0.2855635922606844
none_clip_39,53,0,-167.26506948043473,-0.5764944962214713,0.28888858615748186
none_clip_39,54,0,-167.7477706297869,-0.5797317691482817,0.28888858615748186
none_clip_39,55,0,-168.232406583844,-0.5829690420750921,0.28888858615748186
none_clip_39,56,0,-168.71891924233339,-0.5862063150019026,0.28888858615748186
none_clip_39,57,0,-169.20724897190658,-0.589443587928713,0.28888858615748186
none_clip_39,58,0,-172.02420631012185,-0.38706737647555656,0.12387231688612205
none_clip_39,59,0,-169.4591854358873,-0.36106599092526415,0.12387231688612205
none_clip_39,60,0,-166.99330821038248,-0.3350646053749718,0.12387231688612205
none_clip_39,61,0,-164.62953316261704,-0.3090632198246794,0.12387231688612205
none_clip_39,62,0,-167.52571174347764,-0.5435374021774351,0.17485290548159693
none_clip_39,63,0,-165.0741778601263,-0.49959596691775227,0.17485290548159693
none_clip_39,64,0,-162.5850924146138,-0.4556545316580696,0.17485290548159693
none_clip_39,65,0,-160.0671641910827,-0.41171309639838677,0.17485290548159693
none_clip_39,66,0,-162.84481417287333,-0.3834579637789375,0.3119754124859919
none_clip_39,67,0,-164.5312072923164,-0.4901412543339347,0.3119754124859919
none_clip_39,68,0,-161.4527242679078,-0.3566784606296096,0.3119754124859919
none_clip_39,69,0,-158.40234712787512,-0.18558820012628985,0.3119754124859919
none_clip_39,70,0,-8.22106254677362,-0.014497939622970074,0.3119754124859919
none_clip_39,71,0,-179.73102214529987,-0.24251486565367486,0.40064588344472263
none_clip_39,72,0,-179.53251671392704,-0.2631701456660191,0.40064588344472263
none_clip_39,73,0,-179.33736150741328,-0.2838254256783633,0.40064588344472263
none_clip_39,74,0,-179.1454768373185,-0.3044807056907075,0.40064588344472263
none_clip_39,75,0,3.2184212511101986,-0.015196901798304888,0.40064588344472263
none_clip_39,76,0,-171.62825643634739,-0.15445739511882545,0.37709282717319104
none_clip_39,77,0,-172.1290072676721,-0.29371788843934604,0.37709282717319104
none_clip_39,78,0,-171.13418399373106,-0.4987010100558109,0.37709282717319104
none_clip_39,79,0,-161.2349691220587,-0.2633862603737924,0.37709282717319104
none_clip_39,80,0,-8.753767974380201,-0.028071510691773875,0.19996739659674556
none_clip_39,81,0,55.668622963503765,-0.19101387035470904,0.21006548434233666
none_clip_39,82,0,55.668622963503765,-0.19101387035470904,0.21006548434233666
none_clip_39,83,0,55.668622963503765,-0.19101387035470904,0.21006548434233666
none_clip_39,84,0,55.668622963503765,-0.19101387035470904,0.21006548434233666
none_clip_39,85,0,55.668622963503765,-0.19101387035470904,0.21006548434233666
none_clip_39,86,0,55.668622963503765,-0.19101387035470904,0.0
none_clip_39,87,0,55.668622963503765,-0.19101387035470904,0.0
none_clip_39,88,0,55.668622963503765,-0.19101387035470904,0.0
none_clip_39,89,0,55.668622963503765,-0.19101387035470904,0.0
none_clip_38,0,0,137.09379061413878,-0.13515306096053778,0.0
none_clip_38,1,0,137.09379061413878,-0.13515306096053778,0.3619094810371709
none_clip_38,2,0,137.09379061413878,-0.13515306096053778,0.3619094810371709
none_clip_38,3,0,137.09379061413878,-0.13515306096053778,0.3619094810371709
none_clip_38,4,0,137.09379061413878,-0.13515306096053778,0.3619094810371709
none_clip_38,5,0,137.09379061413878,-0.13515306096053778,0.0
none_clip_38,6,0,137.09379061413878,-0.13515306096053778,0.0
none_clip_38,7,0,137.09379061413878,-0.13515306096053778,0.0
none_clip_38,8,0,137.09379061413878,-0.13515306096053778,0.0
none_clip_38,9,0,137.09379061413878,-0.13515306096053778,0.0
none_clip_38,10,0,137.09379061413878,-0.13515306096053778,0.0
none_clip_38,11,0,137.09379061413878,-0.13515306096053778,0.0
none_clip_38,12,0,137.09379061413878,-0.13515306096053778,0.0
none_clip_38,13,0,137.09379061413878,-0.13515306096053778,0.0
none_clip_38,14,0,137.09379061413878,-0.13515306096053778,0.0
none_clip_38,15,0,137.09379061413878,-0.13515306096053778,0.0
none_clip_38,16,0,137.09379061413878,-0.13515306096053778,0.0
none_clip_38,17,0,137.09379061413878,-0.13515306096053778,0.0
none_clip_38,18,0,137.09379061413878,-0.13515306096053778,0.0
none_clip_38,19,0,137.09379061413878,-0.13515306096053778,0.0
none_clip_38,20,0,137.09379061413878,-0.13515306096053778,0.0
none_clip_38,21,0,137.09379061413878,-0.13515306096053778,0.0
none_clip_38,22,0,-101.58977660475377,-0.10661595508433663,0.03998617002455658
none_clip_38,23,0,-91.94693049641852,-0.09488123642301122,0.03998617002455658
none_clip_38,24,0,-50.78061783514762,-0.08314651776168579,0.03998617002455658
none_clip_38,25,0,29.588894992913882,-0.07141179910036037,0.03998617002455658
none_clip_38,26,0,-86.42237099138082,-0.13621181750588104,0.03998617002455658
none_clip_38,27,0,77.3989147457841,-0.1265183639220026,0.1903012878600672
none_clip_38,28,0,89.92224401193401,-0.13005622761447094,0.1903012878600672
none_clip_38,29,0,99.66206051646297,-0.1335940913069393,0.1903012878600672
none_clip_38,30,0,-76.9798344695147,-0.10301757868142396,0.1903012878600672
none_clip_38,31,0,34.89202499692443,-0.12462625241027675,0.1903012878600672
none_clip_38,32,0,79.31049656597278,-0.14623492613912953,0.10026908506215408
none_clip_38,33,0,-94.88789463813319,-0.14192172867780067,0.15707105186161205
none_clip_38,34,0,103.97153997176079,-0.12457699244270512,0.15707105186161205
none_clip_38,35,0,78.92815315169291,-0.13805041996749876,0.15707105186161205
none_clip_38,36,0,130.6941684796157,-0.11139692670475648,0.15707105186161205
none_clip_38,37,0,79.9112806395342,-0.1379706867392087,0.17367250058294004
none_clip_38,38,0,84.28204382305182,-0.11156572558564903,0.17367250058294004
none_clip_38,39,0,83.01456314316263,-0.10633795370751635,0.17367250058294004
none_clip_38,40,0,79.25234336724886,-0.14707388075140662,0.17367250058294004
none_clip_38,41,0,78.01546950411317,-0.1488258589120619,0.17367250058294004
none_clip_38,42,0,99.77789058370486,-0.14001987872234878,0.18647666579271932
none_clip_38,43,0,99.53853808310546,-0.14313253871334075,0.18647666579271932
none_clip_38,44,0,99.29051000691388,-0.14624519870433278,0.18647666579271932
none_clip_38,45,0,99.03333578924016,-0.14935785869532475,0.18647666579271932
none_clip_38,46,0,78.85557680464869,-0.1433903600203621,0.20050225456660994
none_clip_38,47,0,80.77332507333185,-0.1769226303566995,0.20050225456660994
none_clip_38,48,0,76.18279213436846,-0.12350884849519161,0.20050225456660994
none_clip_38,49,0,84.90925706095925,-0.04343394098473389,0.29466906576271634
none_clip_38,50,0,98.63676320579052,-0.11705669392270575,0.29466906576271634
none_clip_38,51,0,140.97906600303625,-0.12017619346527296,0.29466906576271634
none_clip_38,52,0,70.09179508003193,-0.08946581678688754,0.29466906576271634
none_clip_38,53,0,87.05439209601381,-0.1020263638624783,0.29466906576271634
none_clip_38,54,0,79.08289954279508,-0.1413141376981741,0.28289856853327555
none_clip_38,55,0,82.69784186386218,-0.13045034291604665,0.28289856853327555
none_clip_38,56,0,-153.85906653750902,-0.11958654813391921,0.28289856853327555
none_clip_38,57,0,-109.9603084451899,-0.10872275335179177,0.28289856853327555
none_clip_38,58,0,77.68952329256949,-0.13903078011978204,0.19444619844791952
none_clip_38,59,0,-11.167757114232952,-0.1352618424510119,0.19079513550820962
none_clip_38,60,0,-93.30191562903066,-0.13149290478224174,0.19079513550820962
none_clip_38,61,0,-84.94688940888418,-0.13074697543227387,0.19079513550820962
none_clip_38,62,0,73.42789688152102,-0.130001046082306,0.19079513550820962
none_clip_38,63,0,79.50471595002274,-0.12925511673233814,0.0986134505558926
none_clip_38,64,0,-125.93294297826917,-0.1160096220096704,0.16256268051753167
none_clip_38,65,0,150.04375483865482,-0.11809409450321985,0.16256268051753167
none_clip_38,66,0,112.09290677984401,-0.1201785669967693,0.16256268051753167
none_clip_38,67,0,103.13455345500627,-0.12226303949031876,0.16256268051753167
none_clip_38,68,0,101.54003133276439,-0.11612742850562525,0.16256268051753167
none_clip_38,69,0,99.79163976834235,-0.10999181752093175,0.016651696530339034
none_clip_38,70,0,97.86975444867812,-0.10385620653623824,0.016651696530339034
none_clip_38,71,0,95.75224027353995,-0.0977205955515447,0.016651696530339054
none_clip_38,72,0,93.4143871116461,-0.0915849845668512,0.016651696530339054
none_clip_38,73,0,90.82904277467347,-0.08544937358215769,0.016651696530339054
none_clip_38,74,0,87.9670794777232,-0.07931376259746419,0.016651696530339054
none_clip_38,75,0,84.79838534816894,-0.07317815161277068,0.016651696530339054
none_clip_38,76,0,81.29362700896581,-0.06704254062807717,0.016651696530339034
none_clip_38,77,0,77.42705475753135,-0.06090692964338366,0.016651696530339034
none_clip_38,78,0,73.18056335425875,-0.054771318658690143,0.016651696530339054
none_clip_38,79,0,68.54899587207974,-0.048635707673996637,0.016651696530339054
none_clip_38,80,0,63.54620360736197,-0.04250009668930312,0.016651696530339054
none_clip_38,81,0,58.210658093094125,-0.03636448570460961,0.016651696530339054
none_clip_38,82,0,58.210658093094125,-0.03636448570460961,0.016651696530339054
none_clip_38,83,0,58.210658093094125,-0.03636448570460961,0.016651696530339034
none_clip_38,84,0,58.210658093094125,-0.03636448570460961,0.016651696530339034
none_clip_38,85,0,58.210658093094125,-0.03636448570460961,0.016651696530338926
none_clip_38,86,0,58.210658093094125,-0.03636448570460961,0.0
none_clip_38,87,0,58.210658093094125,-0.03636448570460961,0.0
none_clip_38,88,0,58.210658093094125,-0.03636448570460961,0.0
none_clip_31,0,0,71.52266937039543,-0.08318210872045029,0.0
none_clip_31,1,0,71.52266937039543,-0.08318210872045029,0.371564510347407
none_clip_31,2,0,71.52266937039543,-0.08318210872045029,0.371564510347407
none_clip_31,3,0,71.52266937039543,-0.08318210872045029,0.371564510347407
none_clip_31,4,0,71.52266937039543,-0.08318210872045029,0.371564510347407
none_clip_31,5,0,71.52266937039543,-0.08318210872045029,0.0
none_clip_31,6,0,71.52266937039543,-0.08318210872045029,0.0
none_clip_31,7,0,71.52266937039543,-0.08318210872045029,0.0
none_clip_31,8,0,71.52266937039543,-0.08318210872045029,0.0
none_clip_31,9,0,71.52266937039543,-0.08318210872045029,0.0
none_clip_31,10,0,71.52266937039543,-0.08318210872045029,0.0
none_clip_31,11,0,71.52266937039543,-0.08318210872045029,0.0
none_clip_31,12,0,71.52266937039543,-0.08318210872045029,0.0
none_clip_31,13,0,71.52266937039543,-0.08318210872045029,0.0
none_clip_31,14,0,71.52266937039543,-0.08318210872045029,0.0
none_clip_31,15,0,71.52266937039543,-0.08318210872045029,0.0
none_clip_31,16,0,71.52266937039543,-0.08318210872045029,0.0
none_clip_31,17,0,74.74995595262874,-0.0828376180211876,0.01619503147558759
none_clip_31,18,0,75.64119080349731,-0.07549732753965654,0.01619503147558759
none_clip_31,19,0,76.54469923655964,-0.06815703705812548,0.01619503147558759
none_clip_31,20,0,77.46027799867616,-0.06081674657659444,0.01619503147558759
none_clip_31,21,0,78.38769372672246,-0.05347645609506338,0.01619503147558759
none_clip_31,22,0,79.32668219031858,-0.04613616561353232,0.012158905107318145
none_clip_31,23,0,75.02858290043838,-0.06007328534673202,0.03107856976857403
none_clip_31,24,0,72.70176501584139,-0.0695621983742853,0.03107856976857403
none_clip_31,25,0,70.4598830081105,-0.07905111140183858,0.03107856976857403
none_clip_31,26,0,68.30485487780795,-0.08854002442939186,0.03107856976857403
none_clip_31,27,0,65.31382733578322,-0.08913135741147463,0.03107856976857403
none_clip_31,28,0,65.78736162037913,-0.09128804111575536,0.006472156715789293
none_clip_31,29,0,66.26478101115526,-0.09344472482003607,0.006472156715789293
none_clip_31,30,0,66.74606640804275,-0.09560140852431681,0.006472156715789293
none_clip_31,31,0,67.51544945911458,-0.09671908208599687,0.006472156715789293
none_clip_31,32,0,66.96165956339613,-0.09490615870167098,0.0014780280874277473
none_clip_31,33,0,66.40614276311014,-0.09309323531734508,0.0014780280874277473
none_clip_31,34,0,65.84899588083303,-0.09128031193301918,0.0014780280874277473
none_clip_31,35,0,68.17142992781748,-0.09653273925601975,0.005648079550702373
none_clip_31,36,0,57.51702116108674,-0.06577957739156653,0.06943484128731495
none_clip_31,37,0,-79.26771522519061,-0.03502641552711331,0.06943484128731495
none_clip_31,38,0,-33.42324494409236,-0.04385200878054237,0.06943484128731495
none_clip_31,39,0,36.5786029264365,-0.052677602033971434,0.06943484128731495
none_clip_31,40,0,54.846195147374814,-0.06150319528740049,0.06943484128731495
none_clip_31,41,0,61.209141699458165,-0.07032878854082956,0.06943484128731495
none_clip_31,42,0,64.35786640762561,-0.07915438179425861,0.023478383397415207
none_clip_31,43,0,66.22586821733161,-0.08797997504768768,0.023478383397415207
none_clip_31,44,0,67.06750683487155,-0.09468059703493731,0.023478383397415207
none_clip_31,45,0,67.48833012626108,-0.09737292792914325,0.023478383397415207
none_clip_31,46,0,67.62724351535357,-0.09853866479181757,0.023478383397415207
none_clip_31,47,0,67.9336119137116,-0.09738570516829265,0.02347838339741508
none_clip_31,48,0,68.23230194602665,-0.09623274554476774,0.019062408159091146
none_clip_31,49,0,68.52358305753853,-0.09507978592124282,0.017993999365097813
none_clip_31,50,0,68.8077130241007,-0.0939268262977179,0.017993999365097813
none_clip_31,51,0,65.95679466158367,-0.08815730092339885,0.015995561743853498
none_clip_31,52,0,65.7456640930234,-0.08972809888336997,0.015995561743853498
none_clip_31,53,0,70.92815375305703,-0.09281220339335042,0.017686439357582837
none_clip_31,54,0,69.9981460480214,-0.0927491451904671,0.017686439357582837
none_clip_31,55,0,69.0767265320865,-0.0926860869875838,0.017686439357582837
none_clip_31,56,0,68.1642466213272,-0.0926230287847005,0.017686439357582837
none_clip_31,57,0,67.2610328217166,-0.09255997058181718,0.017686439357582837
none_clip_31,58,0,67.30352770946736,-0.08730598467394651,0.010516044279922185
none_clip_31,59,0,67.09045194718489,-0.08709751793943112,0.010516044279922185
none_clip_31,60,0,66.8760102926439,-0.08688905120491572,0.010516044279922185
none_clip_31,61,0,66.66019563560748,-0.08668058447040032,0.010516044279922185
none_clip_31,62,0,68.8334875963543,-0.0915680065617152,0.010606051711295377
none_clip_31,63,0,68.06807509470889,-0.08886672967910644,0.010606051711295377
none_clip_31,64,0,67.27384062574073,-0.08616545279649772,0.010606051711295377
none_clip_31,65,0,66.44944811814088,-0.08346417591388897,0.010606051711295377
none_clip_31,66,0,68.56454823126322,-0.08988974541250619,0.010606051711295377
none_clip_31,67,0,67.71332890327915,-0.08767723714413471,0.006493908382958959
none_clip_31,68,0,65.88482736301937,-0.08616737452217643,0.008592633100866763
none_clip_31,69,0,71.05002542602313,-0.08593402828778567,0.04853905132259716
none_clip_31,70,0,76.2616406911168,-0.08570068205339487,0.04853905132259716
none_clip_31,71,0,81.43431963995218,-0.0854673358190041,0.04853905132259716
none_clip_31,72,0,83.83269178851943,-0.08148012932344763,0.04853905132259716
none_clip_31,73,0,86.21327949630374,-0.07749292282789116,0.04853905132259716
none_clip_31,74,0,88.56817888154075,-0.07350571633233469,0.04853905132259716
none_clip_31,75,0,85.72099844647313,-0.07743011381624378,0.049128006148020764
none_clip_31,76,0,82.8343812819782,-0.08135451130015287,0.049128006148020764
none_clip_31,77,0,79.92238905036638,-0.08527890878406195,0.049128006148020764
none_clip_31,78,0,76.1939408009645,-0.08081813665660313,0.049128006148020764
none_clip_31,79,0,74.97589419978127,-0.0828955036834173,0.07899524003460634
none_clip_31,80,0,73.72808546300242,-0.08497287071023149,0.07899524003460634
none_clip_31,81,0,72.45063738898604,-0.08705023773704566,0.07899524003460634
none_clip_31,82,0,67.76020206147867,-0.10384408856413244,0.07899524003460634
none_clip_31,83,0,68.69865007206168,-0.10750510529880489,0.07899524003460634
none_clip_31,84,0,69.82687919175109,-0.11116612203347735,0.07899524003460634
none_clip_31,85,0,68.64302550724597,-0.10763058637040496,0.07899524003460634
none_clip_31,86,0,67.49424881058658,-0.10409505070733255,0.06325337423779218
none_clip_31,87,0,66.37989615426848,-0.10055951504426014,0.036468881491447086
none_clip_31,88,0,65.2992489196553,-0.09702397938118773,0.036468881491447086
none_clip_31,89,0,64.25153532941985,-0.09348844371811534,0.009381672964361511
none_clip_36,0,0,117.32281586243536,-0.04501764308027845,0.0
none_clip_36,1,0,117.04958904771135,-0.04038968054264841,0.6120113244116047
none_clip_36,2,0,116.76771701206303,-0.03576171800501837,0.6120113244116047
none_clip_36,3,0,116.4767971574218,-0.031133755467388332,0.6120113244116047
none_clip_36,4,0,116.17640248824819,-0.0265057929297583,0.6120113244116047
none_clip_36,5,0,115.86607982355399,-0.021877830392128258,0.0029248779160439805
none_clip_36,6,0,118.9654934086034,-0.03645561408540481,0.26270270516083255
none_clip_36,7,0,120.90817247086251,-0.05103339777868137,0.26270270516083255
none_clip_36,8,0,120.18531587705394,-0.04830758100783006,0.26270270516083255
none_clip_36,9,0,119.40931388009868,-0.045581764236978746,0.26270270516083255
none_clip_36,10,0,118.57440063964623,-0.042855947466127434,0.26270270516083255
none_clip_36,11,0,117.67400154997124,-0.04013013069527612,0.26270270516083255
none_clip_36,12,0,116.70059950325538,-0.03740431392442481,0.047896281684660875
none_clip_36,13,0,115.6455776645313,-0.0346784971535735,0.047896281684660875
none_clip_36,14,0,114.49903531762948,-0.03195268038272219,0.047896281684660875
none_clip_36,15,0,113.24957353427143,-0.029226863611870876,0.047896281684660875
none_clip_36,16,0,111.88404825750071,-0.026501046841019563,0.047896281684660875
none_clip_36,17,0,109.6832689346914,-0.02307065824190599,0.047896281684660875
none_clip_36,18,0,108.57413384314135,-0.021756368165114254,0.04789628168466078
none_clip_36,19,0,107.37607566983723,-0.020442078088322522,0.04789628168466078
none_clip_36,20,0,106.07913903953441,-0.019127788011530786,0.04789628168466078
none_clip_36,21,0,110.92922476656148,-0.039076589516213206,0.03992483861631887
none_clip_36,22,0,113.47745875155357,-0.0346050352542448,0.03992483861631887
none_clip_36,23,0,112.61182725206245,-0.03236262611422083,0.03992483861631887
none_clip_36,24,0,110.77532900778886,-0.039054831028081986,0.03992483861631887
none_clip_36,25,0,108.28154496556422,-0.023761701538916165,0.03992483861631887
none_clip_36,26,0,110.12608921963549,-0.03202213172956182,0.07870585600516067
none_clip_36,27,0,111.24949658043377,-0.031012684028837553,0.07870585600516067
none_clip_36,28,0,110.59321803778829,-0.029211468509814056,0.07870585600516067
none_clip_36,29,0,112.56990572420857,-0.036575793856400134,0.07870585600516067
none_clip_36,30,0,110.74688313840532,-0.031718684400118415,0.07870585600516067
none_clip_36,31,0,111.41806333890754,-0.02778592404310129,0.02399589117291936
none_clip_36,32,0,110.98492072810525,-0.027654228984957202,0.026218318611834966
none_clip_36,33,0,110.78802120709187,-0.02600410261079835,0.026218318611834966
none_clip_36,34,0,109.54766906048381,-0.02225800956409783,0.026218318611834966
none_clip_36,35,0,109.84447078543282,-0.024127246952687587,0.026218318611834966
none_clip_36,36,0,114.03315219649538,-0.030821844606776946,0.026218318611834966
none_clip_36,37,0,110.13530218011583,-0.0241461553553961,0.01777853961329411
none_clip_36,38,0,109.44490471921759,-0.024424343454469942,0.01777853961329411
none_clip_36,39,0,111.51200389091603,-0.03168103287238465,0.015317377298051228
none_clip_36,40,0,112.19055044819817,-0.027714541040424447,0.015317377298051228
none_clip_36,41,0,115.54892822656083,-0.034781837711172124,0.014001368510613935
none_clip_36,42,0,107.89260648827502,-0.030229871968387532,0.02969357344116806
none_clip_36,43,0,108.24498655033562,-0.02187333712073775,0.05608152803441137
none_clip_36,44,0,110.00009385960763,-0.028050651285752775,0.05608152803441137
none_clip_36,45,0,111.57851890132531,-0.02380868491610498,0.05608152803441137
none_clip_36,46,0,111.36056368575038,-0.027359482164271726,0.05608152803441137
none_clip_36,47,0,108.06515118792653,-0.02381257512772086,0.05608152803441137
none_clip_36,48,0,109.6969256582005,-0.011406687773089128,0.04351433312522443
none_clip_36,49,0,108.06763079147113,-0.01848367424034334,0.044473281181414456
none_clip_36,50,0,110.51440724041639,-0.028334811674426325,0.044473281181414456
none_clip_36,51,0,109.95982908245273,-0.021251870078160005,0.044473281181414456
none_clip_36,52,0,110.67420462098345,-0.02733288266682613,0.044473281181414456
none_clip_36,53,0,110.43175547829713,-0.022216734929287392,0.044473281181414456
none_clip_36,54,0,111.54315354048023,-0.0277529268845881,0.03290787310174833
none_clip_36,55,0,108.31722688472466,-0.007463395163370011,0.055408118065503616
none_clip_36,56,0,107.05961227675186,-0.024042459636476103,0.055408118065503616
none_clip_36,57,0,112.78168344882266,-0.03083671362087153,0.08934593138217502
none_clip_36,58,0,111.17208676529837,-0.025285698103914393,0.08934593138217502
none_clip_36,59,0,111.03805102947625,-0.036183838202091936,0.08934593138217502
none_clip_36,60,0,109.25926534484267,-0.018564395862398348,0.08934593138217502
none_clip_36,61,0,109.26597515613686,-0.02848014024721121,0.08934593138217502
none_clip_36,62,0,107.2979241312704,-0.022408178262054414,0.05207353933862891
none_clip_36,63,0,108.81401636484667,-0.021114665278133743,0.08723816360815793
none_clip_36,64,0,106.47415465341325,-0.010790818152045658,0.08723816360815793
none_clip_36,65,0,110.9214854735475,-0.016571318402299005,0.08723816360815793
none_clip_36,66,0,109.48281715432667,-0.025933505412325523,0.08723816360815793
none_clip_36,67,0,112.39734468270538,-0.034683016685136125,0.08723816360815793
none_clip_36,68,0,110.99688380207037,-0.025467466461805064,0.08150061665934764
none_clip_36,69,0,108.86765743274827,-0.011179623632870011,0.08150061665934764
none_clip_36,70,0,110.1898768617076,-0.019548619620095957,0.07663719884558705
none_clip_36,71,0,111.47978202458474,-0.027917615607321897,0.07663719884558705
none_clip_36,72,0,120.08955540731449,-0.034518771851011765,0.08686012250751897
none_clip_36,73,0,131.0546611577003,-0.05030736606321532,0.08686012250751897
none_clip_36,74,0,109.98591600507041,-0.012890283051859797,0.1373928551064283
none_clip_36,75,0,116.32691233113563,-0.01374307024128283,0.1373928551064283
none_clip_36,76,0,121.76960473397945,-0.014595857430705865,0.1373928551064283
none_clip_36,77,0,112.36667098052865,-0.02539919467437809,0.1373928551064283
none_clip_36,78,0,112.88984889605847,-0.027948106370018835,0.1373928551064283
none_clip_36,79,0,127.07073402107409,-0.044152371937272436,0.06145306672722784
none_clip_36,80,0,121.50855010343224,-0.057809563005896736,0.06145306672722784
none_clip_36,81,0,111.43439834138518,-0.01737045361615228,0.06531855193072365
none_clip_36,82,0,114.64225384669606,-0.02685995199874467,0.06531855193072365
none_clip_36,83,0,124.59315085034676,-0.04842966200429544,0.06531855193072365
none_clip_36,84,0,113.95179192902805,-0.014541491302864492,0.06531855193072365
none_clip_36,85,0,129.16928694497997,-0.04095249577533622,0.06531855193072365
none_clip_36,86,0,133.25159749630643,-0.06613390325301076,0.3621429668037305
none_clip_36,87,0,132.84203851139728,-0.06862183334108343,0.3621429668037305
none_clip_36,88,0,128.26176521065972,-0.03512392511053255,0.3621429668037305
none_clip_36,89,0,111.43340823009397,-0.022845903618659156,0.3621429668037305
